state_id,condition,method,draw_id,learning_rate,seed,epoch,dataset,metric,value
count_only_draw_0__lr_0.0001__seed_17__epoch_00,count_only,count_only_draw_0,0,0.0001,17,0,coco_karpathy,i2t.r1,0.5632
count_only_draw_0__lr_0.0001__seed_17__epoch_00,count_only,count_only_draw_0,0,0.0001,17,0,coco_karpathy,i2t.r5,0.7982
count_only_draw_0__lr_0.0001__seed_17__epoch_00,count_only,count_only_draw_0,0,0.0001,17,0,coco_karpathy,i2t.r10,0.8712
count_only_draw_0__lr_0.0001__seed_17__epoch_00,count_only,count_only_draw_0,0,0.0001,17,0,coco_karpathy,i2t.mean_rank,6.9402
count_only_draw_0__lr_0.0001__seed_17__epoch_00,count_only,count_only_draw_0,0,0.0001,17,0,coco_karpathy,i2t.median_rank,1.0
count_only_draw_0__lr_0.0001__seed_17__epoch_00,count_only,count_only_draw_0,0,0.0001,17,0,coco_karpathy,t2i.r1,0.39348
count_only_draw_0__lr_0.0001__seed_17__epoch_00,count_only,count_only_draw_0,0,0.0001,17,0,coco_karpathy,t2i.r5,0.65404
count_only_draw_0__lr_0.0001__seed_17__epoch_00,count_only,count_only_draw_0,0,0.0001,17,0,coco_karpathy,t2i.r10,0.7562
count_only_draw_0__lr_0.0001__seed_17__epoch_00,count_only,count_only_draw_0,0,0.0001,17,0,coco_karpathy,t2i.mean_rank,17.9344
count_only_draw_0__lr_0.0001__seed_17__epoch_00,count_only,count_only_draw_0,0,0.0001,17,0,coco_karpathy,t2i.median_rank,2.0
count_only_draw_0__lr_0.0001__seed_17__epoch_00,count_only,count_only_draw_0,0,0.0001,17,0,coco_karpathy,mean_bidirectional_r1,0.47834
count_only_draw_0__lr_0.0001__seed_17__epoch_00,count_only,count_only_draw_0,0,0.0001,17,0,e_vil_test1000,i2t.r1,0.845
count_only_draw_0__lr_0.0001__seed_17__epoch_00,count_only,count_only_draw_0,0,0.0001,17,0,e_vil_test1000,i2t.r5,0.96
count_only_draw_0__lr_0.0001__seed_17__epoch_00,count_only,count_only_draw_0,0,0.0001,17,0,e_vil_test1000,i2t.r10,0.985
count_only_draw_0__lr_0.0001__seed_17__epoch_00,count_only,count_only_draw_0,0,0.0001,17,0,e_vil_test1000,i2t.mean_rank,1.743
count_only_draw_0__lr_0.0001__seed_17__epoch_00,count_only,count_only_draw_0,0,0.0001,17,0,e_vil_test1000,i2t.median_rank,1.0
count_only_draw_0__lr_0.0001__seed_17__epoch_00,count_only,count_only_draw_0,0,0.0001,17,0,e_vil_test1000,t2i.r1,0.6976
count_only_draw_0__lr_0.0001__seed_17__epoch_00,count_only,count_only_draw_0,0,0.0001,17,0,e_vil_test1000,t2i.r5,0.8968
count_only_draw_0__lr_0.0001__seed_17__epoch_00,count_only,count_only_draw_0,0,0.0001,17,0,e_vil_test1000,t2i.r10,0.9376
count_only_draw_0__lr_0.0001__seed_17__epoch_00,count_only,count_only_draw_0,0,0.0001,17,0,e_vil_test1000,t2i.mean_rank,4.6174
count_only_draw_0__lr_0.0001__seed_17__epoch_00,count_only,count_only_draw_0,0,0.0001,17,0,e_vil_test1000,t2i.median_rank,1.0
count_only_draw_0__lr_0.0001__seed_17__epoch_00,count_only,count_only_draw_0,0,0.0001,17,0,e_vil_test1000,mean_bidirectional_r1,0.7713
count_only_draw_0__lr_0.0001__seed_17__epoch_00,count_only,count_only_draw_0,0,0.0001,17,0,sugarcrepe,positive1_accuracy,0.8121421914525363
count_only_draw_0__lr_0.0001__seed_17__epoch_00,count_only,count_only_draw_0,0,0.0001,17,0,sugarcrepe,accuracy,0.8121421914525363
count_only_draw_0__lr_0.0001__seed_17__epoch_00,count_only,count_only_draw_0,0,0.0001,17,0,sugarcrepe_pp,positive1_accuracy,0.7946184570107211
count_only_draw_0__lr_0.0001__seed_17__epoch_00,count_only,count_only_draw_0,0,0.0001,17,0,sugarcrepe_pp,positive2_accuracy,0.7500525541307547
count_only_draw_0__lr_0.0001__seed_17__epoch_00,count_only,count_only_draw_0,0,0.0001,17,0,sugarcrepe_pp,both_accuracy,0.6895101955013664
count_only_draw_0__lr_0.0001__seed_17__epoch_00,count_only,count_only_draw_0,0,0.0001,17,0,sugarcrepe_pp,accuracy,0.6895101955013664
count_only_draw_0__lr_0.0001__seed_17__epoch_00,count_only,count_only_draw_0,0,0.0001,17,0,visual_entailment,accuracy,0.7947273164639607
count_only_draw_0__lr_0.0001__seed_17__epoch_01,count_only,count_only_draw_0,0,0.0001,17,1,e_vil_test1000,i2t.r1,0.792
count_only_draw_0__lr_0.0001__seed_17__epoch_01,count_only,count_only_draw_0,0,0.0001,17,1,e_vil_test1000,i2t.r5,0.948
count_only_draw_0__lr_0.0001__seed_17__epoch_01,count_only,count_only_draw_0,0,0.0001,17,1,e_vil_test1000,i2t.r10,0.971
count_only_draw_0__lr_0.0001__seed_17__epoch_01,count_only,count_only_draw_0,0,0.0001,17,1,e_vil_test1000,i2t.mean_rank,2.122
count_only_draw_0__lr_0.0001__seed_17__epoch_01,count_only,count_only_draw_0,0,0.0001,17,1,e_vil_test1000,i2t.median_rank,1.0
count_only_draw_0__lr_0.0001__seed_17__epoch_01,count_only,count_only_draw_0,0,0.0001,17,1,e_vil_test1000,t2i.r1,0.6998
count_only_draw_0__lr_0.0001__seed_17__epoch_01,count_only,count_only_draw_0,0,0.0001,17,1,e_vil_test1000,t2i.r5,0.9052
count_only_draw_0__lr_0.0001__seed_17__epoch_01,count_only,count_only_draw_0,0,0.0001,17,1,e_vil_test1000,t2i.r10,0.9448
count_only_draw_0__lr_0.0001__seed_17__epoch_01,count_only,count_only_draw_0,0,0.0001,17,1,e_vil_test1000,t2i.mean_rank,4.377
count_only_draw_0__lr_0.0001__seed_17__epoch_01,count_only,count_only_draw_0,0,0.0001,17,1,e_vil_test1000,t2i.median_rank,1.0
count_only_draw_0__lr_0.0001__seed_17__epoch_01,count_only,count_only_draw_0,0,0.0001,17,1,e_vil_test1000,mean_bidirectional_r1,0.7459
count_only_draw_0__lr_0.0001__seed_17__epoch_01,count_only,count_only_draw_0,0,0.0001,17,1,sugarcrepe,positive1_accuracy,0.8476900545866063
count_only_draw_0__lr_0.0001__seed_17__epoch_01,count_only,count_only_draw_0,0,0.0001,17,1,sugarcrepe,accuracy,0.8476900545866063
count_only_draw_0__lr_0.0001__seed_17__epoch_01,count_only,count_only_draw_0,0,0.0001,17,1,sugarcrepe_pp,positive1_accuracy,0.8082825310069371
count_only_draw_0__lr_0.0001__seed_17__epoch_01,count_only,count_only_draw_0,0,0.0001,17,1,sugarcrepe_pp,positive2_accuracy,0.7546773176371663
count_only_draw_0__lr_0.0001__seed_17__epoch_01,count_only,count_only_draw_0,0,0.0001,17,1,sugarcrepe_pp,both_accuracy,0.6983392894681522
count_only_draw_0__lr_0.0001__seed_17__epoch_01,count_only,count_only_draw_0,0,0.0001,17,1,sugarcrepe_pp,accuracy,0.6983392894681522
count_only_draw_0__lr_0.0001__seed_17__epoch_01,count_only,count_only_draw_0,0,0.0001,17,1,visual_entailment,accuracy,0.8374179243633136
count_only_draw_0__lr_0.0001__seed_17__epoch_05,count_only,count_only_draw_0,0,0.0001,17,5,e_vil_test1000,i2t.r1,0.804
count_only_draw_0__lr_0.0001__seed_17__epoch_05,count_only,count_only_draw_0,0,0.0001,17,5,e_vil_test1000,i2t.r5,0.939
count_only_draw_0__lr_0.0001__seed_17__epoch_05,count_only,count_only_draw_0,0,0.0001,17,5,e_vil_test1000,i2t.r10,0.968
count_only_draw_0__lr_0.0001__seed_17__epoch_05,count_only,count_only_draw_0,0,0.0001,17,5,e_vil_test1000,i2t.mean_rank,2.21
count_only_draw_0__lr_0.0001__seed_17__epoch_05,count_only,count_only_draw_0,0,0.0001,17,5,e_vil_test1000,i2t.median_rank,1.0
count_only_draw_0__lr_0.0001__seed_17__epoch_05,count_only,count_only_draw_0,0,0.0001,17,5,e_vil_test1000,t2i.r1,0.6656
count_only_draw_0__lr_0.0001__seed_17__epoch_05,count_only,count_only_draw_0,0,0.0001,17,5,e_vil_test1000,t2i.r5,0.8848
count_only_draw_0__lr_0.0001__seed_17__epoch_05,count_only,count_only_draw_0,0,0.0001,17,5,e_vil_test1000,t2i.r10,0.9314
count_only_draw_0__lr_0.0001__seed_17__epoch_05,count_only,count_only_draw_0,0,0.0001,17,5,e_vil_test1000,t2i.mean_rank,5.3748
count_only_draw_0__lr_0.0001__seed_17__epoch_05,count_only,count_only_draw_0,0,0.0001,17,5,e_vil_test1000,t2i.median_rank,1.0
count_only_draw_0__lr_0.0001__seed_17__epoch_05,count_only,count_only_draw_0,0,0.0001,17,5,e_vil_test1000,mean_bidirectional_r1,0.7348
count_only_draw_0__lr_0.0001__seed_17__epoch_05,count_only,count_only_draw_0,0,0.0001,17,5,sugarcrepe,positive1_accuracy,0.8377046997736652
count_only_draw_0__lr_0.0001__seed_17__epoch_05,count_only,count_only_draw_0,0,0.0001,17,5,sugarcrepe,accuracy,0.8377046997736652
count_only_draw_0__lr_0.0001__seed_17__epoch_05,count_only,count_only_draw_0,0,0.0001,17,5,sugarcrepe_pp,positive1_accuracy,0.8011351692243011
count_only_draw_0__lr_0.0001__seed_17__epoch_05,count_only,count_only_draw_0,0,0.0001,17,5,sugarcrepe_pp,positive2_accuracy,0.7096909817111625
count_only_draw_0__lr_0.0001__seed_17__epoch_05,count_only,count_only_draw_0,0,0.0001,17,5,sugarcrepe_pp,both_accuracy,0.6600798822787471
count_only_draw_0__lr_0.0001__seed_17__epoch_05,count_only,count_only_draw_0,0,0.0001,17,5,sugarcrepe_pp,accuracy,0.6600798822787471
count_only_draw_0__lr_0.0001__seed_17__epoch_05,count_only,count_only_draw_0,0,0.0001,17,5,visual_entailment,accuracy,0.8161322088161331
count_only_draw_0__lr_0.0001__seed_17__epoch_10,count_only,count_only_draw_0,0,0.0001,17,10,coco_karpathy,i2t.r1,0.4976
count_only_draw_0__lr_0.0001__seed_17__epoch_10,count_only,count_only_draw_0,0,0.0001,17,10,coco_karpathy,i2t.r5,0.7462
count_only_draw_0__lr_0.0001__seed_17__epoch_10,count_only,count_only_draw_0,0,0.0001,17,10,coco_karpathy,i2t.r10,0.8292
count_only_draw_0__lr_0.0001__seed_17__epoch_10,count_only,count_only_draw_0,0,0.0001,17,10,coco_karpathy,i2t.mean_rank,10.6492
count_only_draw_0__lr_0.0001__seed_17__epoch_10,count_only,count_only_draw_0,0,0.0001,17,10,coco_karpathy,i2t.median_rank,2.0
count_only_draw_0__lr_0.0001__seed_17__epoch_10,count_only,count_only_draw_0,0,0.0001,17,10,coco_karpathy,t2i.r1,0.35728
count_only_draw_0__lr_0.0001__seed_17__epoch_10,count_only,count_only_draw_0,0,0.0001,17,10,coco_karpathy,t2i.r5,0.61512
count_only_draw_0__lr_0.0001__seed_17__epoch_10,count_only,count_only_draw_0,0,0.0001,17,10,coco_karpathy,t2i.r10,0.71952
count_only_draw_0__lr_0.0001__seed_17__epoch_10,count_only,count_only_draw_0,0,0.0001,17,10,coco_karpathy,t2i.mean_rank,21.11784
count_only_draw_0__lr_0.0001__seed_17__epoch_10,count_only,count_only_draw_0,0,0.0001,17,10,coco_karpathy,t2i.median_rank,3.0
count_only_draw_0__lr_0.0001__seed_17__epoch_10,count_only,count_only_draw_0,0,0.0001,17,10,coco_karpathy,mean_bidirectional_r1,0.42744
count_only_draw_0__lr_0.0001__seed_17__epoch_10,count_only,count_only_draw_0,0,0.0001,17,10,e_vil_test1000,i2t.r1,0.792
count_only_draw_0__lr_0.0001__seed_17__epoch_10,count_only,count_only_draw_0,0,0.0001,17,10,e_vil_test1000,i2t.r5,0.935
count_only_draw_0__lr_0.0001__seed_17__epoch_10,count_only,count_only_draw_0,0,0.0001,17,10,e_vil_test1000,i2t.r10,0.964
count_only_draw_0__lr_0.0001__seed_17__epoch_10,count_only,count_only_draw_0,0,0.0001,17,10,e_vil_test1000,i2t.mean_rank,2.287
count_only_draw_0__lr_0.0001__seed_17__epoch_10,count_only,count_only_draw_0,0,0.0001,17,10,e_vil_test1000,i2t.median_rank,1.0
count_only_draw_0__lr_0.0001__seed_17__epoch_10,count_only,count_only_draw_0,0,0.0001,17,10,e_vil_test1000,t2i.r1,0.6414
count_only_draw_0__lr_0.0001__seed_17__epoch_10,count_only,count_only_draw_0,0,0.0001,17,10,e_vil_test1000,t2i.r5,0.8692
count_only_draw_0__lr_0.0001__seed_17__epoch_10,count_only,count_only_draw_0,0,0.0001,17,10,e_vil_test1000,t2i.r10,0.917
count_only_draw_0__lr_0.0001__seed_17__epoch_10,count_only,count_only_draw_0,0,0.0001,17,10,e_vil_test1000,t2i.mean_rank,5.9354
count_only_draw_0__lr_0.0001__seed_17__epoch_10,count_only,count_only_draw_0,0,0.0001,17,10,e_vil_test1000,t2i.median_rank,1.0
count_only_draw_0__lr_0.0001__seed_17__epoch_10,count_only,count_only_draw_0,0,0.0001,17,10,e_vil_test1000,mean_bidirectional_r1,0.7167
count_only_draw_0__lr_0.0001__seed_17__epoch_10,count_only,count_only_draw_0,0,0.0001,17,10,sugarcrepe,positive1_accuracy,0.8253228598056185
count_only_draw_0__lr_0.0001__seed_17__epoch_10,count_only,count_only_draw_0,0,0.0001,17,10,sugarcrepe,accuracy,0.8253228598056185
count_only_draw_0__lr_0.0001__seed_17__epoch_10,count_only,count_only_draw_0,0,0.0001,17,10,sugarcrepe_pp,positive1_accuracy,0.7948286735337398
count_only_draw_0__lr_0.0001__seed_17__epoch_10,count_only,count_only_draw_0,0,0.0001,17,10,sugarcrepe_pp,positive2_accuracy,0.7059070842968257
count_only_draw_0__lr_0.0001__seed_17__epoch_10,count_only,count_only_draw_0,0,0.0001,17,10,sugarcrepe_pp,both_accuracy,0.6520916544040362
count_only_draw_0__lr_0.0001__seed_17__epoch_10,count_only,count_only_draw_0,0,0.0001,17,10,sugarcrepe_pp,accuracy,0.6520916544040362
count_only_draw_0__lr_0.0001__seed_17__epoch_10,count_only,count_only_draw_0,0,0.0001,17,10,visual_entailment,accuracy,0.7919579664230539
count_only_draw_0__lr_0.0001__seed_29__epoch_00,count_only,count_only_draw_0,0,0.0001,29,0,coco_karpathy,i2t.r1,0.5632
count_only_draw_0__lr_0.0001__seed_29__epoch_00,count_only,count_only_draw_0,0,0.0001,29,0,coco_karpathy,i2t.r5,0.7982
count_only_draw_0__lr_0.0001__seed_29__epoch_00,count_only,count_only_draw_0,0,0.0001,29,0,coco_karpathy,i2t.r10,0.8712
count_only_draw_0__lr_0.0001__seed_29__epoch_00,count_only,count_only_draw_0,0,0.0001,29,0,coco_karpathy,i2t.mean_rank,6.9402
count_only_draw_0__lr_0.0001__seed_29__epoch_00,count_only,count_only_draw_0,0,0.0001,29,0,coco_karpathy,i2t.median_rank,1.0
count_only_draw_0__lr_0.0001__seed_29__epoch_00,count_only,count_only_draw_0,0,0.0001,29,0,coco_karpathy,t2i.r1,0.39348
count_only_draw_0__lr_0.0001__seed_29__epoch_00,count_only,count_only_draw_0,0,0.0001,29,0,coco_karpathy,t2i.r5,0.65404
count_only_draw_0__lr_0.0001__seed_29__epoch_00,count_only,count_only_draw_0,0,0.0001,29,0,coco_karpathy,t2i.r10,0.7562
count_only_draw_0__lr_0.0001__seed_29__epoch_00,count_only,count_only_draw_0,0,0.0001,29,0,coco_karpathy,t2i.mean_rank,17.9344
count_only_draw_0__lr_0.0001__seed_29__epoch_00,count_only,count_only_draw_0,0,0.0001,29,0,coco_karpathy,t2i.median_rank,2.0
count_only_draw_0__lr_0.0001__seed_29__epoch_00,count_only,count_only_draw_0,0,0.0001,29,0,coco_karpathy,mean_bidirectional_r1,0.47834
count_only_draw_0__lr_0.0001__seed_29__epoch_00,count_only,count_only_draw_0,0,0.0001,29,0,e_vil_test1000,i2t.r1,0.845
count_only_draw_0__lr_0.0001__seed_29__epoch_00,count_only,count_only_draw_0,0,0.0001,29,0,e_vil_test1000,i2t.r5,0.96
count_only_draw_0__lr_0.0001__seed_29__epoch_00,count_only,count_only_draw_0,0,0.0001,29,0,e_vil_test1000,i2t.r10,0.985
count_only_draw_0__lr_0.0001__seed_29__epoch_00,count_only,count_only_draw_0,0,0.0001,29,0,e_vil_test1000,i2t.mean_rank,1.743
count_only_draw_0__lr_0.0001__seed_29__epoch_00,count_only,count_only_draw_0,0,0.0001,29,0,e_vil_test1000,i2t.median_rank,1.0
count_only_draw_0__lr_0.0001__seed_29__epoch_00,count_only,count_only_draw_0,0,0.0001,29,0,e_vil_test1000,t2i.r1,0.6976
count_only_draw_0__lr_0.0001__seed_29__epoch_00,count_only,count_only_draw_0,0,0.0001,29,0,e_vil_test1000,t2i.r5,0.8968
count_only_draw_0__lr_0.0001__seed_29__epoch_00,count_only,count_only_draw_0,0,0.0001,29,0,e_vil_test1000,t2i.r10,0.9376
count_only_draw_0__lr_0.0001__seed_29__epoch_00,count_only,count_only_draw_0,0,0.0001,29,0,e_vil_test1000,t2i.mean_rank,4.6174
count_only_draw_0__lr_0.0001__seed_29__epoch_00,count_only,count_only_draw_0,0,0.0001,29,0,e_vil_test1000,t2i.median_rank,1.0
count_only_draw_0__lr_0.0001__seed_29__epoch_00,count_only,count_only_draw_0,0,0.0001,29,0,e_vil_test1000,mean_bidirectional_r1,0.7713
count_only_draw_0__lr_0.0001__seed_29__epoch_00,count_only,count_only_draw_0,0,0.0001,29,0,sugarcrepe,positive1_accuracy,0.8121421914525363
count_only_draw_0__lr_0.0001__seed_29__epoch_00,count_only,count_only_draw_0,0,0.0001,29,0,sugarcrepe,accuracy,0.8121421914525363
count_only_draw_0__lr_0.0001__seed_29__epoch_00,count_only,count_only_draw_0,0,0.0001,29,0,sugarcrepe_pp,positive1_accuracy,0.7946184570107211
count_only_draw_0__lr_0.0001__seed_29__epoch_00,count_only,count_only_draw_0,0,0.0001,29,0,sugarcrepe_pp,positive2_accuracy,0.7500525541307547
count_only_draw_0__lr_0.0001__seed_29__epoch_00,count_only,count_only_draw_0,0,0.0001,29,0,sugarcrepe_pp,both_accuracy,0.6895101955013664
count_only_draw_0__lr_0.0001__seed_29__epoch_00,count_only,count_only_draw_0,0,0.0001,29,0,sugarcrepe_pp,accuracy,0.6895101955013664
count_only_draw_0__lr_0.0001__seed_29__epoch_00,count_only,count_only_draw_0,0,0.0001,29,0,visual_entailment,accuracy,0.7947273164639607
count_only_draw_0__lr_0.0001__seed_29__epoch_01,count_only,count_only_draw_0,0,0.0001,29,1,e_vil_test1000,i2t.r1,0.8
count_only_draw_0__lr_0.0001__seed_29__epoch_01,count_only,count_only_draw_0,0,0.0001,29,1,e_vil_test1000,i2t.r5,0.948
count_only_draw_0__lr_0.0001__seed_29__epoch_01,count_only,count_only_draw_0,0,0.0001,29,1,e_vil_test1000,i2t.r10,0.975
count_only_draw_0__lr_0.0001__seed_29__epoch_01,count_only,count_only_draw_0,0,0.0001,29,1,e_vil_test1000,i2t.mean_rank,2.046
count_only_draw_0__lr_0.0001__seed_29__epoch_01,count_only,count_only_draw_0,0,0.0001,29,1,e_vil_test1000,i2t.median_rank,1.0
count_only_draw_0__lr_0.0001__seed_29__epoch_01,count_only,count_only_draw_0,0,0.0001,29,1,e_vil_test1000,t2i.r1,0.7004
count_only_draw_0__lr_0.0001__seed_29__epoch_01,count_only,count_only_draw_0,0,0.0001,29,1,e_vil_test1000,t2i.r5,0.9056
count_only_draw_0__lr_0.0001__seed_29__epoch_01,count_only,count_only_draw_0,0,0.0001,29,1,e_vil_test1000,t2i.r10,0.9454
count_only_draw_0__lr_0.0001__seed_29__epoch_01,count_only,count_only_draw_0,0,0.0001,29,1,e_vil_test1000,t2i.mean_rank,4.3728
count_only_draw_0__lr_0.0001__seed_29__epoch_01,count_only,count_only_draw_0,0,0.0001,29,1,e_vil_test1000,t2i.median_rank,1.0
count_only_draw_0__lr_0.0001__seed_29__epoch_01,count_only,count_only_draw_0,0,0.0001,29,1,e_vil_test1000,mean_bidirectional_r1,0.7502
count_only_draw_0__lr_0.0001__seed_29__epoch_01,count_only,count_only_draw_0,0,0.0001,29,1,sugarcrepe,positive1_accuracy,0.8443616029822927
count_only_draw_0__lr_0.0001__seed_29__epoch_01,count_only,count_only_draw_0,0,0.0001,29,1,sugarcrepe,accuracy,0.8443616029822927
count_only_draw_0__lr_0.0001__seed_29__epoch_01,count_only,count_only_draw_0,0,0.0001,29,1,sugarcrepe_pp,positive1_accuracy,0.8087029640529746
count_only_draw_0__lr_0.0001__seed_29__epoch_01,count_only,count_only_draw_0,0,0.0001,29,1,sugarcrepe_pp,positive2_accuracy,0.7546773176371663
count_only_draw_0__lr_0.0001__seed_29__epoch_01,count_only,count_only_draw_0,0,0.0001,29,1,sugarcrepe_pp,both_accuracy,0.697708639899096
count_only_draw_0__lr_0.0001__seed_29__epoch_01,count_only,count_only_draw_0,0,0.0001,29,1,sugarcrepe_pp,accuracy,0.697708639899096
count_only_draw_0__lr_0.0001__seed_29__epoch_01,count_only,count_only_draw_0,0,0.0001,29,1,visual_entailment,accuracy,0.8377241195519265
count_only_draw_0__lr_0.0001__seed_29__epoch_05,count_only,count_only_draw_0,0,0.0001,29,5,e_vil_test1000,i2t.r1,0.795
count_only_draw_0__lr_0.0001__seed_29__epoch_05,count_only,count_only_draw_0,0,0.0001,29,5,e_vil_test1000,i2t.r5,0.939
count_only_draw_0__lr_0.0001__seed_29__epoch_05,count_only,count_only_draw_0,0,0.0001,29,5,e_vil_test1000,i2t.r10,0.968
count_only_draw_0__lr_0.0001__seed_29__epoch_05,count_only,count_only_draw_0,0,0.0001,29,5,e_vil_test1000,i2t.mean_rank,2.228
count_only_draw_0__lr_0.0001__seed_29__epoch_05,count_only,count_only_draw_0,0,0.0001,29,5,e_vil_test1000,i2t.median_rank,1.0
count_only_draw_0__lr_0.0001__seed_29__epoch_05,count_only,count_only_draw_0,0,0.0001,29,5,e_vil_test1000,t2i.r1,0.6636
count_only_draw_0__lr_0.0001__seed_29__epoch_05,count_only,count_only_draw_0,0,0.0001,29,5,e_vil_test1000,t2i.r5,0.8886
count_only_draw_0__lr_0.0001__seed_29__epoch_05,count_only,count_only_draw_0,0,0.0001,29,5,e_vil_test1000,t2i.r10,0.9316
count_only_draw_0__lr_0.0001__seed_29__epoch_05,count_only,count_only_draw_0,0,0.0001,29,5,e_vil_test1000,t2i.mean_rank,5.2494
count_only_draw_0__lr_0.0001__seed_29__epoch_05,count_only,count_only_draw_0,0,0.0001,29,5,e_vil_test1000,t2i.median_rank,1.0
count_only_draw_0__lr_0.0001__seed_29__epoch_05,count_only,count_only_draw_0,0,0.0001,29,5,e_vil_test1000,mean_bidirectional_r1,0.7293000000000001
count_only_draw_0__lr_0.0001__seed_29__epoch_05,count_only,count_only_draw_0,0,0.0001,29,5,sugarcrepe,positive1_accuracy,0.8361070430035947
count_only_draw_0__lr_0.0001__seed_29__epoch_05,count_only,count_only_draw_0,0,0.0001,29,5,sugarcrepe,accuracy,0.8361070430035947
count_only_draw_0__lr_0.0001__seed_29__epoch_05,count_only,count_only_draw_0,0,0.0001,29,5,sugarcrepe_pp,positive1_accuracy,0.7992432205171327
count_only_draw_0__lr_0.0001__seed_29__epoch_05,count_only,count_only_draw_0,0,0.0001,29,5,sugarcrepe_pp,positive2_accuracy,0.7149463947866302
count_only_draw_0__lr_0.0001__seed_29__epoch_05,count_only,count_only_draw_0,0,0.0001,29,5,sugarcrepe_pp,both_accuracy,0.6621820475089342
count_only_draw_0__lr_0.0001__seed_29__epoch_05,count_only,count_only_draw_0,0,0.0001,29,5,sugarcrepe_pp,accuracy,0.6621820475089342
count_only_draw_0__lr_0.0001__seed_29__epoch_05,count_only,count_only_draw_0,0,0.0001,29,5,visual_entailment,accuracy,0.8145772032793553
count_only_draw_0__lr_0.0001__seed_29__epoch_10,count_only,count_only_draw_0,0,0.0001,29,10,coco_karpathy,i2t.r1,0.5054
count_only_draw_0__lr_0.0001__seed_29__epoch_10,count_only,count_only_draw_0,0,0.0001,29,10,coco_karpathy,i2t.r5,0.75
count_only_draw_0__lr_0.0001__seed_29__epoch_10,count_only,count_only_draw_0,0,0.0001,29,10,coco_karpathy,i2t.r10,0.8326
count_only_draw_0__lr_0.0001__seed_29__epoch_10,count_only,count_only_draw_0,0,0.0001,29,10,coco_karpathy,i2t.mean_rank,10.0986
count_only_draw_0__lr_0.0001__seed_29__epoch_10,count_only,count_only_draw_0,0,0.0001,29,10,coco_karpathy,i2t.median_rank,1.0
count_only_draw_0__lr_0.0001__seed_29__epoch_10,count_only,count_only_draw_0,0,0.0001,29,10,coco_karpathy,t2i.r1,0.35816
count_only_draw_0__lr_0.0001__seed_29__epoch_10,count_only,count_only_draw_0,0,0.0001,29,10,coco_karpathy,t2i.r5,0.61624
count_only_draw_0__lr_0.0001__seed_29__epoch_10,count_only,count_only_draw_0,0,0.0001,29,10,coco_karpathy,t2i.r10,0.72056
count_only_draw_0__lr_0.0001__seed_29__epoch_10,count_only,count_only_draw_0,0,0.0001,29,10,coco_karpathy,t2i.mean_rank,21.29356
count_only_draw_0__lr_0.0001__seed_29__epoch_10,count_only,count_only_draw_0,0,0.0001,29,10,coco_karpathy,t2i.median_rank,3.0
count_only_draw_0__lr_0.0001__seed_29__epoch_10,count_only,count_only_draw_0,0,0.0001,29,10,coco_karpathy,mean_bidirectional_r1,0.43177999999999994
count_only_draw_0__lr_0.0001__seed_29__epoch_10,count_only,count_only_draw_0,0,0.0001,29,10,e_vil_test1000,i2t.r1,0.794
count_only_draw_0__lr_0.0001__seed_29__epoch_10,count_only,count_only_draw_0,0,0.0001,29,10,e_vil_test1000,i2t.r5,0.942
count_only_draw_0__lr_0.0001__seed_29__epoch_10,count_only,count_only_draw_0,0,0.0001,29,10,e_vil_test1000,i2t.r10,0.964
count_only_draw_0__lr_0.0001__seed_29__epoch_10,count_only,count_only_draw_0,0,0.0001,29,10,e_vil_test1000,i2t.mean_rank,2.281
count_only_draw_0__lr_0.0001__seed_29__epoch_10,count_only,count_only_draw_0,0,0.0001,29,10,e_vil_test1000,i2t.median_rank,1.0
count_only_draw_0__lr_0.0001__seed_29__epoch_10,count_only,count_only_draw_0,0,0.0001,29,10,e_vil_test1000,t2i.r1,0.6456
count_only_draw_0__lr_0.0001__seed_29__epoch_10,count_only,count_only_draw_0,0,0.0001,29,10,e_vil_test1000,t2i.r5,0.8716
count_only_draw_0__lr_0.0001__seed_29__epoch_10,count_only,count_only_draw_0,0,0.0001,29,10,e_vil_test1000,t2i.r10,0.9214
count_only_draw_0__lr_0.0001__seed_29__epoch_10,count_only,count_only_draw_0,0,0.0001,29,10,e_vil_test1000,t2i.mean_rank,5.9468
count_only_draw_0__lr_0.0001__seed_29__epoch_10,count_only,count_only_draw_0,0,0.0001,29,10,e_vil_test1000,t2i.median_rank,1.0
count_only_draw_0__lr_0.0001__seed_29__epoch_10,count_only,count_only_draw_0,0,0.0001,29,10,e_vil_test1000,mean_bidirectional_r1,0.7198
count_only_draw_0__lr_0.0001__seed_29__epoch_10,count_only,count_only_draw_0,0,0.0001,29,10,sugarcrepe,positive1_accuracy,0.8251897217414459
count_only_draw_0__lr_0.0001__seed_29__epoch_10,count_only,count_only_draw_0,0,0.0001,29,10,sugarcrepe,accuracy,0.8251897217414459
count_only_draw_0__lr_0.0001__seed_29__epoch_10,count_only,count_only_draw_0,0,0.0001,29,10,sugarcrepe_pp,positive1_accuracy,0.8002943031322262
count_only_draw_0__lr_0.0001__seed_29__epoch_10,count_only,count_only_draw_0,0,0.0001,29,10,sugarcrepe_pp,positive2_accuracy,0.7046457851587135
count_only_draw_0__lr_0.0001__seed_29__epoch_10,count_only,count_only_draw_0,0,0.0001,29,10,sugarcrepe_pp,both_accuracy,0.6518814378810175
count_only_draw_0__lr_0.0001__seed_29__epoch_10,count_only,count_only_draw_0,0,0.0001,29,10,sugarcrepe_pp,accuracy,0.6518814378810175
count_only_draw_0__lr_0.0001__seed_29__epoch_10,count_only,count_only_draw_0,0,0.0001,29,10,visual_entailment,accuracy,0.789921888636753
count_only_draw_0__lr_0.0001__seed_43__epoch_00,count_only,count_only_draw_0,0,0.0001,43,0,coco_karpathy,i2t.r1,0.5632
count_only_draw_0__lr_0.0001__seed_43__epoch_00,count_only,count_only_draw_0,0,0.0001,43,0,coco_karpathy,i2t.r5,0.7982
count_only_draw_0__lr_0.0001__seed_43__epoch_00,count_only,count_only_draw_0,0,0.0001,43,0,coco_karpathy,i2t.r10,0.8712
count_only_draw_0__lr_0.0001__seed_43__epoch_00,count_only,count_only_draw_0,0,0.0001,43,0,coco_karpathy,i2t.mean_rank,6.9402
count_only_draw_0__lr_0.0001__seed_43__epoch_00,count_only,count_only_draw_0,0,0.0001,43,0,coco_karpathy,i2t.median_rank,1.0
count_only_draw_0__lr_0.0001__seed_43__epoch_00,count_only,count_only_draw_0,0,0.0001,43,0,coco_karpathy,t2i.r1,0.39348
count_only_draw_0__lr_0.0001__seed_43__epoch_00,count_only,count_only_draw_0,0,0.0001,43,0,coco_karpathy,t2i.r5,0.65404
count_only_draw_0__lr_0.0001__seed_43__epoch_00,count_only,count_only_draw_0,0,0.0001,43,0,coco_karpathy,t2i.r10,0.7562
count_only_draw_0__lr_0.0001__seed_43__epoch_00,count_only,count_only_draw_0,0,0.0001,43,0,coco_karpathy,t2i.mean_rank,17.9344
count_only_draw_0__lr_0.0001__seed_43__epoch_00,count_only,count_only_draw_0,0,0.0001,43,0,coco_karpathy,t2i.median_rank,2.0
count_only_draw_0__lr_0.0001__seed_43__epoch_00,count_only,count_only_draw_0,0,0.0001,43,0,coco_karpathy,mean_bidirectional_r1,0.47834
count_only_draw_0__lr_0.0001__seed_43__epoch_00,count_only,count_only_draw_0,0,0.0001,43,0,e_vil_test1000,i2t.r1,0.845
count_only_draw_0__lr_0.0001__seed_43__epoch_00,count_only,count_only_draw_0,0,0.0001,43,0,e_vil_test1000,i2t.r5,0.96
count_only_draw_0__lr_0.0001__seed_43__epoch_00,count_only,count_only_draw_0,0,0.0001,43,0,e_vil_test1000,i2t.r10,0.985
count_only_draw_0__lr_0.0001__seed_43__epoch_00,count_only,count_only_draw_0,0,0.0001,43,0,e_vil_test1000,i2t.mean_rank,1.743
count_only_draw_0__lr_0.0001__seed_43__epoch_00,count_only,count_only_draw_0,0,0.0001,43,0,e_vil_test1000,i2t.median_rank,1.0
count_only_draw_0__lr_0.0001__seed_43__epoch_00,count_only,count_only_draw_0,0,0.0001,43,0,e_vil_test1000,t2i.r1,0.6976
count_only_draw_0__lr_0.0001__seed_43__epoch_00,count_only,count_only_draw_0,0,0.0001,43,0,e_vil_test1000,t2i.r5,0.8968
count_only_draw_0__lr_0.0001__seed_43__epoch_00,count_only,count_only_draw_0,0,0.0001,43,0,e_vil_test1000,t2i.r10,0.9376
count_only_draw_0__lr_0.0001__seed_43__epoch_00,count_only,count_only_draw_0,0,0.0001,43,0,e_vil_test1000,t2i.mean_rank,4.6174
count_only_draw_0__lr_0.0001__seed_43__epoch_00,count_only,count_only_draw_0,0,0.0001,43,0,e_vil_test1000,t2i.median_rank,1.0
count_only_draw_0__lr_0.0001__seed_43__epoch_00,count_only,count_only_draw_0,0,0.0001,43,0,e_vil_test1000,mean_bidirectional_r1,0.7713
count_only_draw_0__lr_0.0001__seed_43__epoch_00,count_only,count_only_draw_0,0,0.0001,43,0,sugarcrepe,positive1_accuracy,0.8121421914525363
count_only_draw_0__lr_0.0001__seed_43__epoch_00,count_only,count_only_draw_0,0,0.0001,43,0,sugarcrepe,accuracy,0.8121421914525363
count_only_draw_0__lr_0.0001__seed_43__epoch_00,count_only,count_only_draw_0,0,0.0001,43,0,sugarcrepe_pp,positive1_accuracy,0.7946184570107211
count_only_draw_0__lr_0.0001__seed_43__epoch_00,count_only,count_only_draw_0,0,0.0001,43,0,sugarcrepe_pp,positive2_accuracy,0.7500525541307547
count_only_draw_0__lr_0.0001__seed_43__epoch_00,count_only,count_only_draw_0,0,0.0001,43,0,sugarcrepe_pp,both_accuracy,0.6895101955013664
count_only_draw_0__lr_0.0001__seed_43__epoch_00,count_only,count_only_draw_0,0,0.0001,43,0,sugarcrepe_pp,accuracy,0.6895101955013664
count_only_draw_0__lr_0.0001__seed_43__epoch_00,count_only,count_only_draw_0,0,0.0001,43,0,visual_entailment,accuracy,0.7947273164639607
count_only_draw_0__lr_0.0001__seed_43__epoch_01,count_only,count_only_draw_0,0,0.0001,43,1,e_vil_test1000,i2t.r1,0.799
count_only_draw_0__lr_0.0001__seed_43__epoch_01,count_only,count_only_draw_0,0,0.0001,43,1,e_vil_test1000,i2t.r5,0.945
count_only_draw_0__lr_0.0001__seed_43__epoch_01,count_only,count_only_draw_0,0,0.0001,43,1,e_vil_test1000,i2t.r10,0.972
count_only_draw_0__lr_0.0001__seed_43__epoch_01,count_only,count_only_draw_0,0,0.0001,43,1,e_vil_test1000,i2t.mean_rank,2.103
count_only_draw_0__lr_0.0001__seed_43__epoch_01,count_only,count_only_draw_0,0,0.0001,43,1,e_vil_test1000,i2t.median_rank,1.0
count_only_draw_0__lr_0.0001__seed_43__epoch_01,count_only,count_only_draw_0,0,0.0001,43,1,e_vil_test1000,t2i.r1,0.7008
count_only_draw_0__lr_0.0001__seed_43__epoch_01,count_only,count_only_draw_0,0,0.0001,43,1,e_vil_test1000,t2i.r5,0.9056
count_only_draw_0__lr_0.0001__seed_43__epoch_01,count_only,count_only_draw_0,0,0.0001,43,1,e_vil_test1000,t2i.r10,0.9458
count_only_draw_0__lr_0.0001__seed_43__epoch_01,count_only,count_only_draw_0,0,0.0001,43,1,e_vil_test1000,t2i.mean_rank,4.335
count_only_draw_0__lr_0.0001__seed_43__epoch_01,count_only,count_only_draw_0,0,0.0001,43,1,e_vil_test1000,t2i.median_rank,1.0
count_only_draw_0__lr_0.0001__seed_43__epoch_01,count_only,count_only_draw_0,0,0.0001,43,1,e_vil_test1000,mean_bidirectional_r1,0.7499
count_only_draw_0__lr_0.0001__seed_43__epoch_01,count_only,count_only_draw_0,0,0.0001,43,1,sugarcrepe,positive1_accuracy,0.8470243642657436
count_only_draw_0__lr_0.0001__seed_43__epoch_01,count_only,count_only_draw_0,0,0.0001,43,1,sugarcrepe,accuracy,0.8470243642657436
count_only_draw_0__lr_0.0001__seed_43__epoch_01,count_only,count_only_draw_0,0,0.0001,43,1,sugarcrepe_pp,positive1_accuracy,0.8103846962371243
count_only_draw_0__lr_0.0001__seed_43__epoch_01,count_only,count_only_draw_0,0,0.0001,43,1,sugarcrepe_pp,positive2_accuracy,0.7580407820054657
count_only_draw_0__lr_0.0001__seed_43__epoch_01,count_only,count_only_draw_0,0,0.0001,43,1,sugarcrepe_pp,both_accuracy,0.7008618877443767
count_only_draw_0__lr_0.0001__seed_43__epoch_01,count_only,count_only_draw_0,0,0.0001,43,1,sugarcrepe_pp,accuracy,0.7008618877443767
count_only_draw_0__lr_0.0001__seed_43__epoch_01,count_only,count_only_draw_0,0,0.0001,43,1,visual_entailment,accuracy,0.8379906167069575
count_only_draw_0__lr_0.0001__seed_43__epoch_05,count_only,count_only_draw_0,0,0.0001,43,5,e_vil_test1000,i2t.r1,0.799
count_only_draw_0__lr_0.0001__seed_43__epoch_05,count_only,count_only_draw_0,0,0.0001,43,5,e_vil_test1000,i2t.r5,0.943
count_only_draw_0__lr_0.0001__seed_43__epoch_05,count_only,count_only_draw_0,0,0.0001,43,5,e_vil_test1000,i2t.r10,0.967
count_only_draw_0__lr_0.0001__seed_43__epoch_05,count_only,count_only_draw_0,0,0.0001,43,5,e_vil_test1000,i2t.mean_rank,2.213
count_only_draw_0__lr_0.0001__seed_43__epoch_05,count_only,count_only_draw_0,0,0.0001,43,5,e_vil_test1000,i2t.median_rank,1.0
count_only_draw_0__lr_0.0001__seed_43__epoch_05,count_only,count_only_draw_0,0,0.0001,43,5,e_vil_test1000,t2i.r1,0.6654
count_only_draw_0__lr_0.0001__seed_43__epoch_05,count_only,count_only_draw_0,0,0.0001,43,5,e_vil_test1000,t2i.r5,0.8878
count_only_draw_0__lr_0.0001__seed_43__epoch_05,count_only,count_only_draw_0,0,0.0001,43,5,e_vil_test1000,t2i.r10,0.9314
count_only_draw_0__lr_0.0001__seed_43__epoch_05,count_only,count_only_draw_0,0,0.0001,43,5,e_vil_test1000,t2i.mean_rank,5.3316
count_only_draw_0__lr_0.0001__seed_43__epoch_05,count_only,count_only_draw_0,0,0.0001,43,5,e_vil_test1000,t2i.median_rank,1.0
count_only_draw_0__lr_0.0001__seed_43__epoch_05,count_only,count_only_draw_0,0,0.0001,43,5,e_vil_test1000,mean_bidirectional_r1,0.7322
count_only_draw_0__lr_0.0001__seed_43__epoch_05,count_only,count_only_draw_0,0,0.0001,43,5,sugarcrepe,positive1_accuracy,0.8353082146185594
count_only_draw_0__lr_0.0001__seed_43__epoch_05,count_only,count_only_draw_0,0,0.0001,43,5,sugarcrepe,accuracy,0.8353082146185594
count_only_draw_0__lr_0.0001__seed_43__epoch_05,count_only,count_only_draw_0,0,0.0001,43,5,sugarcrepe_pp,positive1_accuracy,0.7986125709480765
count_only_draw_0__lr_0.0001__seed_43__epoch_05,count_only,count_only_draw_0,0,0.0001,43,5,sugarcrepe_pp,positive2_accuracy,0.7117931469413495
count_only_draw_0__lr_0.0001__seed_43__epoch_05,count_only,count_only_draw_0,0,0.0001,43,5,sugarcrepe_pp,both_accuracy,0.6602900988017658
count_only_draw_0__lr_0.0001__seed_43__epoch_05,count_only,count_only_draw_0,0,0.0001,43,5,sugarcrepe_pp,accuracy,0.6602900988017658
count_only_draw_0__lr_0.0001__seed_43__epoch_05,count_only,count_only_draw_0,0,0.0001,43,5,visual_entailment,accuracy,0.8155324818388187
count_only_draw_0__lr_0.0001__seed_43__epoch_10,count_only,count_only_draw_0,0,0.0001,43,10,coco_karpathy,i2t.r1,0.5054
count_only_draw_0__lr_0.0001__seed_43__epoch_10,count_only,count_only_draw_0,0,0.0001,43,10,coco_karpathy,i2t.r5,0.7478
count_only_draw_0__lr_0.0001__seed_43__epoch_10,count_only,count_only_draw_0,0,0.0001,43,10,coco_karpathy,i2t.r10,0.8324
count_only_draw_0__lr_0.0001__seed_43__epoch_10,count_only,count_only_draw_0,0,0.0001,43,10,coco_karpathy,i2t.mean_rank,10.5108
count_only_draw_0__lr_0.0001__seed_43__epoch_10,count_only,count_only_draw_0,0,0.0001,43,10,coco_karpathy,i2t.median_rank,1.0
count_only_draw_0__lr_0.0001__seed_43__epoch_10,count_only,count_only_draw_0,0,0.0001,43,10,coco_karpathy,t2i.r1,0.35644
count_only_draw_0__lr_0.0001__seed_43__epoch_10,count_only,count_only_draw_0,0,0.0001,43,10,coco_karpathy,t2i.r5,0.61564
count_only_draw_0__lr_0.0001__seed_43__epoch_10,count_only,count_only_draw_0,0,0.0001,43,10,coco_karpathy,t2i.r10,0.71988
count_only_draw_0__lr_0.0001__seed_43__epoch_10,count_only,count_only_draw_0,0,0.0001,43,10,coco_karpathy,t2i.mean_rank,21.1224
count_only_draw_0__lr_0.0001__seed_43__epoch_10,count_only,count_only_draw_0,0,0.0001,43,10,coco_karpathy,t2i.median_rank,3.0
count_only_draw_0__lr_0.0001__seed_43__epoch_10,count_only,count_only_draw_0,0,0.0001,43,10,coco_karpathy,mean_bidirectional_r1,0.43091999999999997
count_only_draw_0__lr_0.0001__seed_43__epoch_10,count_only,count_only_draw_0,0,0.0001,43,10,e_vil_test1000,i2t.r1,0.801
count_only_draw_0__lr_0.0001__seed_43__epoch_10,count_only,count_only_draw_0,0,0.0001,43,10,e_vil_test1000,i2t.r5,0.94
count_only_draw_0__lr_0.0001__seed_43__epoch_10,count_only,count_only_draw_0,0,0.0001,43,10,e_vil_test1000,i2t.r10,0.963
count_only_draw_0__lr_0.0001__seed_43__epoch_10,count_only,count_only_draw_0,0,0.0001,43,10,e_vil_test1000,i2t.mean_rank,2.286
count_only_draw_0__lr_0.0001__seed_43__epoch_10,count_only,count_only_draw_0,0,0.0001,43,10,e_vil_test1000,i2t.median_rank,1.0
count_only_draw_0__lr_0.0001__seed_43__epoch_10,count_only,count_only_draw_0,0,0.0001,43,10,e_vil_test1000,t2i.r1,0.6454
count_only_draw_0__lr_0.0001__seed_43__epoch_10,count_only,count_only_draw_0,0,0.0001,43,10,e_vil_test1000,t2i.r5,0.8698
count_only_draw_0__lr_0.0001__seed_43__epoch_10,count_only,count_only_draw_0,0,0.0001,43,10,e_vil_test1000,t2i.r10,0.9204
count_only_draw_0__lr_0.0001__seed_43__epoch_10,count_only,count_only_draw_0,0,0.0001,43,10,e_vil_test1000,t2i.mean_rank,5.9526
count_only_draw_0__lr_0.0001__seed_43__epoch_10,count_only,count_only_draw_0,0,0.0001,43,10,e_vil_test1000,t2i.median_rank,1.0
count_only_draw_0__lr_0.0001__seed_43__epoch_10,count_only,count_only_draw_0,0,0.0001,43,10,e_vil_test1000,mean_bidirectional_r1,0.7232000000000001
count_only_draw_0__lr_0.0001__seed_43__epoch_10,count_only,count_only_draw_0,0,0.0001,43,10,sugarcrepe,positive1_accuracy,0.8295832778591399
count_only_draw_0__lr_0.0001__seed_43__epoch_10,count_only,count_only_draw_0,0,0.0001,43,10,sugarcrepe,accuracy,0.8295832778591399
count_only_draw_0__lr_0.0001__seed_43__epoch_10,count_only,count_only_draw_0,0,0.0001,43,10,sugarcrepe_pp,positive1_accuracy,0.8005045196552449
count_only_draw_0__lr_0.0001__seed_43__epoch_10,count_only,count_only_draw_0,0,0.0001,43,10,sugarcrepe_pp,positive2_accuracy,0.7088501156190876
count_only_draw_0__lr_0.0001__seed_43__epoch_10,count_only,count_only_draw_0,0,0.0001,43,10,sugarcrepe_pp,both_accuracy,0.6552449022493168
count_only_draw_0__lr_0.0001__seed_43__epoch_10,count_only,count_only_draw_0,0,0.0001,43,10,sugarcrepe_pp,accuracy,0.6552449022493168
count_only_draw_0__lr_0.0001__seed_43__epoch_10,count_only,count_only_draw_0,0,0.0001,43,10,visual_entailment,accuracy,0.7938405904671114
count_only_draw_0__lr_0.0003__seed_17__epoch_01,count_only,count_only_draw_0,0,0.0003,17,1,e_vil_test1000,i2t.r1,0.762
count_only_draw_0__lr_0.0003__seed_17__epoch_01,count_only,count_only_draw_0,0,0.0003,17,1,e_vil_test1000,i2t.r5,0.943
count_only_draw_0__lr_0.0003__seed_17__epoch_01,count_only,count_only_draw_0,0,0.0003,17,1,e_vil_test1000,i2t.r10,0.966
count_only_draw_0__lr_0.0003__seed_17__epoch_01,count_only,count_only_draw_0,0,0.0003,17,1,e_vil_test1000,i2t.mean_rank,2.403
count_only_draw_0__lr_0.0003__seed_17__epoch_01,count_only,count_only_draw_0,0,0.0003,17,1,e_vil_test1000,i2t.median_rank,1.0
count_only_draw_0__lr_0.0003__seed_17__epoch_01,count_only,count_only_draw_0,0,0.0003,17,1,e_vil_test1000,t2i.r1,0.6554
count_only_draw_0__lr_0.0003__seed_17__epoch_01,count_only,count_only_draw_0,0,0.0003,17,1,e_vil_test1000,t2i.r5,0.8848
count_only_draw_0__lr_0.0003__seed_17__epoch_01,count_only,count_only_draw_0,0,0.0003,17,1,e_vil_test1000,t2i.r10,0.932
count_only_draw_0__lr_0.0003__seed_17__epoch_01,count_only,count_only_draw_0,0,0.0003,17,1,e_vil_test1000,t2i.mean_rank,5.2
count_only_draw_0__lr_0.0003__seed_17__epoch_01,count_only,count_only_draw_0,0,0.0003,17,1,e_vil_test1000,t2i.median_rank,1.0
count_only_draw_0__lr_0.0003__seed_17__epoch_01,count_only,count_only_draw_0,0,0.0003,17,1,e_vil_test1000,mean_bidirectional_r1,0.7087
count_only_draw_0__lr_0.0003__seed_17__epoch_01,count_only,count_only_draw_0,0,0.0003,17,1,sugarcrepe,positive1_accuracy,0.8385035281587006
count_only_draw_0__lr_0.0003__seed_17__epoch_01,count_only,count_only_draw_0,0,0.0003,17,1,sugarcrepe,accuracy,0.8385035281587006
count_only_draw_0__lr_0.0003__seed_17__epoch_01,count_only,count_only_draw_0,0,0.0003,17,1,sugarcrepe_pp,positive1_accuracy,0.7963001891948707
count_only_draw_0__lr_0.0003__seed_17__epoch_01,count_only,count_only_draw_0,0,0.0003,17,1,sugarcrepe_pp,positive2_accuracy,0.7254572209375657
count_only_draw_0__lr_0.0003__seed_17__epoch_01,count_only,count_only_draw_0,0,0.0003,17,1,sugarcrepe_pp,both_accuracy,0.6710111414757199
count_only_draw_0__lr_0.0003__seed_17__epoch_01,count_only,count_only_draw_0,0,0.0003,17,1,sugarcrepe_pp,accuracy,0.6710111414757199
count_only_draw_0__lr_0.0003__seed_17__epoch_01,count_only,count_only_draw_0,0,0.0003,17,1,visual_entailment,accuracy,0.8216040690338846
count_only_draw_0__lr_0.0003__seed_17__epoch_05,count_only,count_only_draw_0,0,0.0003,17,5,e_vil_test1000,i2t.r1,0.781
count_only_draw_0__lr_0.0003__seed_17__epoch_05,count_only,count_only_draw_0,0,0.0003,17,5,e_vil_test1000,i2t.r5,0.932
count_only_draw_0__lr_0.0003__seed_17__epoch_05,count_only,count_only_draw_0,0,0.0003,17,5,e_vil_test1000,i2t.r10,0.961
count_only_draw_0__lr_0.0003__seed_17__epoch_05,count_only,count_only_draw_0,0,0.0003,17,5,e_vil_test1000,i2t.mean_rank,2.51
count_only_draw_0__lr_0.0003__seed_17__epoch_05,count_only,count_only_draw_0,0,0.0003,17,5,e_vil_test1000,i2t.median_rank,1.0
count_only_draw_0__lr_0.0003__seed_17__epoch_05,count_only,count_only_draw_0,0,0.0003,17,5,e_vil_test1000,t2i.r1,0.6012
count_only_draw_0__lr_0.0003__seed_17__epoch_05,count_only,count_only_draw_0,0,0.0003,17,5,e_vil_test1000,t2i.r5,0.842
count_only_draw_0__lr_0.0003__seed_17__epoch_05,count_only,count_only_draw_0,0,0.0003,17,5,e_vil_test1000,t2i.r10,0.902
count_only_draw_0__lr_0.0003__seed_17__epoch_05,count_only,count_only_draw_0,0,0.0003,17,5,e_vil_test1000,t2i.mean_rank,6.6104
count_only_draw_0__lr_0.0003__seed_17__epoch_05,count_only,count_only_draw_0,0,0.0003,17,5,e_vil_test1000,t2i.median_rank,1.0
count_only_draw_0__lr_0.0003__seed_17__epoch_05,count_only,count_only_draw_0,0,0.0003,17,5,e_vil_test1000,mean_bidirectional_r1,0.6911
count_only_draw_0__lr_0.0003__seed_17__epoch_05,count_only,count_only_draw_0,0,0.0003,17,5,sugarcrepe,positive1_accuracy,0.8190653707895087
count_only_draw_0__lr_0.0003__seed_17__epoch_05,count_only,count_only_draw_0,0,0.0003,17,5,sugarcrepe,accuracy,0.8190653707895087
count_only_draw_0__lr_0.0003__seed_17__epoch_05,count_only,count_only_draw_0,0,0.0003,17,5,sugarcrepe_pp,positive1_accuracy,0.7912549926424217
count_only_draw_0__lr_0.0003__seed_17__epoch_05,count_only,count_only_draw_0,0,0.0003,17,5,sugarcrepe_pp,positive2_accuracy,0.6928736598696658
count_only_draw_0__lr_0.0003__seed_17__epoch_05,count_only,count_only_draw_0,0,0.0003,17,5,sugarcrepe_pp,both_accuracy,0.641370611730082
count_only_draw_0__lr_0.0003__seed_17__epoch_05,count_only,count_only_draw_0,0,0.0003,17,5,sugarcrepe_pp,accuracy,0.641370611730082
count_only_draw_0__lr_0.0003__seed_17__epoch_05,count_only,count_only_draw_0,0,0.0003,17,5,visual_entailment,accuracy,0.7711855377878429
count_only_draw_0__lr_0.0003__seed_17__epoch_10,count_only,count_only_draw_0,0,0.0003,17,10,coco_karpathy,i2t.r1,0.443
count_only_draw_0__lr_0.0003__seed_17__epoch_10,count_only,count_only_draw_0,0,0.0003,17,10,coco_karpathy,i2t.r5,0.6904
count_only_draw_0__lr_0.0003__seed_17__epoch_10,count_only,count_only_draw_0,0,0.0003,17,10,coco_karpathy,i2t.r10,0.7856
count_only_draw_0__lr_0.0003__seed_17__epoch_10,count_only,count_only_draw_0,0,0.0003,17,10,coco_karpathy,i2t.mean_rank,15.3294
count_only_draw_0__lr_0.0003__seed_17__epoch_10,count_only,count_only_draw_0,0,0.0003,17,10,coco_karpathy,i2t.median_rank,2.0
count_only_draw_0__lr_0.0003__seed_17__epoch_10,count_only,count_only_draw_0,0,0.0003,17,10,coco_karpathy,t2i.r1,0.31064
count_only_draw_0__lr_0.0003__seed_17__epoch_10,count_only,count_only_draw_0,0,0.0003,17,10,coco_karpathy,t2i.r5,0.55284
count_only_draw_0__lr_0.0003__seed_17__epoch_10,count_only,count_only_draw_0,0,0.0003,17,10,coco_karpathy,t2i.r10,0.66264
count_only_draw_0__lr_0.0003__seed_17__epoch_10,count_only,count_only_draw_0,0,0.0003,17,10,coco_karpathy,t2i.mean_rank,29.20144
count_only_draw_0__lr_0.0003__seed_17__epoch_10,count_only,count_only_draw_0,0,0.0003,17,10,coco_karpathy,t2i.median_rank,4.0
count_only_draw_0__lr_0.0003__seed_17__epoch_10,count_only,count_only_draw_0,0,0.0003,17,10,coco_karpathy,mean_bidirectional_r1,0.37682000000000004
count_only_draw_0__lr_0.0003__seed_17__epoch_10,count_only,count_only_draw_0,0,0.0003,17,10,e_vil_test1000,i2t.r1,0.721
count_only_draw_0__lr_0.0003__seed_17__epoch_10,count_only,count_only_draw_0,0,0.0003,17,10,e_vil_test1000,i2t.r5,0.908
count_only_draw_0__lr_0.0003__seed_17__epoch_10,count_only,count_only_draw_0,0,0.0003,17,10,e_vil_test1000,i2t.r10,0.952
count_only_draw_0__lr_0.0003__seed_17__epoch_10,count_only,count_only_draw_0,0,0.0003,17,10,e_vil_test1000,i2t.mean_rank,3.127
count_only_draw_0__lr_0.0003__seed_17__epoch_10,count_only,count_only_draw_0,0,0.0003,17,10,e_vil_test1000,i2t.median_rank,1.0
count_only_draw_0__lr_0.0003__seed_17__epoch_10,count_only,count_only_draw_0,0,0.0003,17,10,e_vil_test1000,t2i.r1,0.5652
count_only_draw_0__lr_0.0003__seed_17__epoch_10,count_only,count_only_draw_0,0,0.0003,17,10,e_vil_test1000,t2i.r5,0.806
count_only_draw_0__lr_0.0003__seed_17__epoch_10,count_only,count_only_draw_0,0,0.0003,17,10,e_vil_test1000,t2i.r10,0.878
count_only_draw_0__lr_0.0003__seed_17__epoch_10,count_only,count_only_draw_0,0,0.0003,17,10,e_vil_test1000,t2i.mean_rank,8.859
count_only_draw_0__lr_0.0003__seed_17__epoch_10,count_only,count_only_draw_0,0,0.0003,17,10,e_vil_test1000,t2i.median_rank,1.0
count_only_draw_0__lr_0.0003__seed_17__epoch_10,count_only,count_only_draw_0,0,0.0003,17,10,e_vil_test1000,mean_bidirectional_r1,0.6431
count_only_draw_0__lr_0.0003__seed_17__epoch_10,count_only,count_only_draw_0,0,0.0003,17,10,sugarcrepe,positive1_accuracy,0.805485288243909
count_only_draw_0__lr_0.0003__seed_17__epoch_10,count_only,count_only_draw_0,0,0.0003,17,10,sugarcrepe,accuracy,0.805485288243909
count_only_draw_0__lr_0.0003__seed_17__epoch_10,count_only,count_only_draw_0,0,0.0003,17,10,sugarcrepe_pp,positive1_accuracy,0.7805339499684675
count_only_draw_0__lr_0.0003__seed_17__epoch_10,count_only,count_only_draw_0,0,0.0003,17,10,sugarcrepe_pp,positive2_accuracy,0.6882488963632541
count_only_draw_0__lr_0.0003__seed_17__epoch_10,count_only,count_only_draw_0,0,0.0003,17,10,sugarcrepe_pp,both_accuracy,0.63191086819424
count_only_draw_0__lr_0.0003__seed_17__epoch_10,count_only,count_only_draw_0,0,0.0003,17,10,sugarcrepe_pp,accuracy,0.63191086819424
count_only_draw_0__lr_0.0003__seed_17__epoch_10,count_only,count_only_draw_0,0,0.0003,17,10,visual_entailment,accuracy,0.7644683768173313
count_only_draw_0__lr_0.0003__seed_29__epoch_01,count_only,count_only_draw_0,0,0.0003,29,1,e_vil_test1000,i2t.r1,0.799
count_only_draw_0__lr_0.0003__seed_29__epoch_01,count_only,count_only_draw_0,0,0.0003,29,1,e_vil_test1000,i2t.r5,0.938
count_only_draw_0__lr_0.0003__seed_29__epoch_01,count_only,count_only_draw_0,0,0.0003,29,1,e_vil_test1000,i2t.r10,0.97
count_only_draw_0__lr_0.0003__seed_29__epoch_01,count_only,count_only_draw_0,0,0.0003,29,1,e_vil_test1000,i2t.mean_rank,2.281
count_only_draw_0__lr_0.0003__seed_29__epoch_01,count_only,count_only_draw_0,0,0.0003,29,1,e_vil_test1000,i2t.median_rank,1.0
count_only_draw_0__lr_0.0003__seed_29__epoch_01,count_only,count_only_draw_0,0,0.0003,29,1,e_vil_test1000,t2i.r1,0.6666
count_only_draw_0__lr_0.0003__seed_29__epoch_01,count_only,count_only_draw_0,0,0.0003,29,1,e_vil_test1000,t2i.r5,0.8904
count_only_draw_0__lr_0.0003__seed_29__epoch_01,count_only,count_only_draw_0,0,0.0003,29,1,e_vil_test1000,t2i.r10,0.9352
count_only_draw_0__lr_0.0003__seed_29__epoch_01,count_only,count_only_draw_0,0,0.0003,29,1,e_vil_test1000,t2i.mean_rank,5.1652
count_only_draw_0__lr_0.0003__seed_29__epoch_01,count_only,count_only_draw_0,0,0.0003,29,1,e_vil_test1000,t2i.median_rank,1.0
count_only_draw_0__lr_0.0003__seed_29__epoch_01,count_only,count_only_draw_0,0,0.0003,29,1,e_vil_test1000,mean_bidirectional_r1,0.7328
count_only_draw_0__lr_0.0003__seed_29__epoch_01,count_only,count_only_draw_0,0,0.0003,29,1,sugarcrepe,positive1_accuracy,0.8402343229929436
count_only_draw_0__lr_0.0003__seed_29__epoch_01,count_only,count_only_draw_0,0,0.0003,29,1,sugarcrepe,accuracy,0.8402343229929436
count_only_draw_0__lr_0.0003__seed_29__epoch_01,count_only,count_only_draw_0,0,0.0003,29,1,sugarcrepe_pp,positive1_accuracy,0.8007147361782636
count_only_draw_0__lr_0.0003__seed_29__epoch_01,count_only,count_only_draw_0,0,0.0003,29,1,sugarcrepe_pp,positive2_accuracy,0.7195711582930419
count_only_draw_0__lr_0.0003__seed_29__epoch_01,count_only,count_only_draw_0,0,0.0003,29,1,sugarcrepe_pp,both_accuracy,0.6708009249527013
count_only_draw_0__lr_0.0003__seed_29__epoch_01,count_only,count_only_draw_0,0,0.0003,29,1,sugarcrepe_pp,accuracy,0.6708009249527013
count_only_draw_0__lr_0.0003__seed_29__epoch_01,count_only,count_only_draw_0,0,0.0003,29,1,visual_entailment,accuracy,0.8296783914903568
count_only_draw_0__lr_0.0003__seed_29__epoch_05,count_only,count_only_draw_0,0,0.0003,29,5,e_vil_test1000,i2t.r1,0.785
count_only_draw_0__lr_0.0003__seed_29__epoch_05,count_only,count_only_draw_0,0,0.0003,29,5,e_vil_test1000,i2t.r5,0.931
count_only_draw_0__lr_0.0003__seed_29__epoch_05,count_only,count_only_draw_0,0,0.0003,29,5,e_vil_test1000,i2t.r10,0.962
count_only_draw_0__lr_0.0003__seed_29__epoch_05,count_only,count_only_draw_0,0,0.0003,29,5,e_vil_test1000,i2t.mean_rank,2.575
count_only_draw_0__lr_0.0003__seed_29__epoch_05,count_only,count_only_draw_0,0,0.0003,29,5,e_vil_test1000,i2t.median_rank,1.0
count_only_draw_0__lr_0.0003__seed_29__epoch_05,count_only,count_only_draw_0,0,0.0003,29,5,e_vil_test1000,t2i.r1,0.6124
count_only_draw_0__lr_0.0003__seed_29__epoch_05,count_only,count_only_draw_0,0,0.0003,29,5,e_vil_test1000,t2i.r5,0.8474
count_only_draw_0__lr_0.0003__seed_29__epoch_05,count_only,count_only_draw_0,0,0.0003,29,5,e_vil_test1000,t2i.r10,0.9082
count_only_draw_0__lr_0.0003__seed_29__epoch_05,count_only,count_only_draw_0,0,0.0003,29,5,e_vil_test1000,t2i.mean_rank,6.9998
count_only_draw_0__lr_0.0003__seed_29__epoch_05,count_only,count_only_draw_0,0,0.0003,29,5,e_vil_test1000,t2i.median_rank,1.0
count_only_draw_0__lr_0.0003__seed_29__epoch_05,count_only,count_only_draw_0,0,0.0003,29,5,e_vil_test1000,mean_bidirectional_r1,0.6987000000000001
count_only_draw_0__lr_0.0003__seed_29__epoch_05,count_only,count_only_draw_0,0,0.0003,29,5,sugarcrepe,positive1_accuracy,0.8231926507788577
count_only_draw_0__lr_0.0003__seed_29__epoch_05,count_only,count_only_draw_0,0,0.0003,29,5,sugarcrepe,accuracy,0.8231926507788577
count_only_draw_0__lr_0.0003__seed_29__epoch_05,count_only,count_only_draw_0,0,0.0003,29,5,sugarcrepe_pp,positive1_accuracy,0.7950388900567584
count_only_draw_0__lr_0.0003__seed_29__epoch_05,count_only,count_only_draw_0,0,0.0003,29,5,sugarcrepe_pp,positive2_accuracy,0.6989699390372083
count_only_draw_0__lr_0.0003__seed_29__epoch_05,count_only,count_only_draw_0,0,0.0003,29,5,sugarcrepe_pp,both_accuracy,0.6476771074206432
count_only_draw_0__lr_0.0003__seed_29__epoch_05,count_only,count_only_draw_0,0,0.0003,29,5,sugarcrepe_pp,accuracy,0.6476771074206432
count_only_draw_0__lr_0.0003__seed_29__epoch_05,count_only,count_only_draw_0,0,0.0003,29,5,visual_entailment,accuracy,0.7809686361753103
count_only_draw_0__lr_0.0003__seed_29__epoch_10,count_only,count_only_draw_0,0,0.0003,29,10,coco_karpathy,i2t.r1,0.4432
count_only_draw_0__lr_0.0003__seed_29__epoch_10,count_only,count_only_draw_0,0,0.0003,29,10,coco_karpathy,i2t.r5,0.6918
count_only_draw_0__lr_0.0003__seed_29__epoch_10,count_only,count_only_draw_0,0,0.0003,29,10,coco_karpathy,i2t.r10,0.7864
count_only_draw_0__lr_0.0003__seed_29__epoch_10,count_only,count_only_draw_0,0,0.0003,29,10,coco_karpathy,i2t.mean_rank,15.7374
count_only_draw_0__lr_0.0003__seed_29__epoch_10,count_only,count_only_draw_0,0,0.0003,29,10,coco_karpathy,i2t.median_rank,2.0
count_only_draw_0__lr_0.0003__seed_29__epoch_10,count_only,count_only_draw_0,0,0.0003,29,10,coco_karpathy,t2i.r1,0.30736
count_only_draw_0__lr_0.0003__seed_29__epoch_10,count_only,count_only_draw_0,0,0.0003,29,10,coco_karpathy,t2i.r5,0.55056
count_only_draw_0__lr_0.0003__seed_29__epoch_10,count_only,count_only_draw_0,0,0.0003,29,10,coco_karpathy,t2i.r10,0.66292
count_only_draw_0__lr_0.0003__seed_29__epoch_10,count_only,count_only_draw_0,0,0.0003,29,10,coco_karpathy,t2i.mean_rank,29.97632
count_only_draw_0__lr_0.0003__seed_29__epoch_10,count_only,count_only_draw_0,0,0.0003,29,10,coco_karpathy,t2i.median_rank,4.0
count_only_draw_0__lr_0.0003__seed_29__epoch_10,count_only,count_only_draw_0,0,0.0003,29,10,coco_karpathy,mean_bidirectional_r1,0.37528
count_only_draw_0__lr_0.0003__seed_29__epoch_10,count_only,count_only_draw_0,0,0.0003,29,10,e_vil_test1000,i2t.r1,0.724
count_only_draw_0__lr_0.0003__seed_29__epoch_10,count_only,count_only_draw_0,0,0.0003,29,10,e_vil_test1000,i2t.r5,0.904
count_only_draw_0__lr_0.0003__seed_29__epoch_10,count_only,count_only_draw_0,0,0.0003,29,10,e_vil_test1000,i2t.r10,0.945
count_only_draw_0__lr_0.0003__seed_29__epoch_10,count_only,count_only_draw_0,0,0.0003,29,10,e_vil_test1000,i2t.mean_rank,3.312
count_only_draw_0__lr_0.0003__seed_29__epoch_10,count_only,count_only_draw_0,0,0.0003,29,10,e_vil_test1000,i2t.median_rank,1.0
count_only_draw_0__lr_0.0003__seed_29__epoch_10,count_only,count_only_draw_0,0,0.0003,29,10,e_vil_test1000,t2i.r1,0.5628
count_only_draw_0__lr_0.0003__seed_29__epoch_10,count_only,count_only_draw_0,0,0.0003,29,10,e_vil_test1000,t2i.r5,0.8058
count_only_draw_0__lr_0.0003__seed_29__epoch_10,count_only,count_only_draw_0,0,0.0003,29,10,e_vil_test1000,t2i.r10,0.8712
count_only_draw_0__lr_0.0003__seed_29__epoch_10,count_only,count_only_draw_0,0,0.0003,29,10,e_vil_test1000,t2i.mean_rank,9.1632
count_only_draw_0__lr_0.0003__seed_29__epoch_10,count_only,count_only_draw_0,0,0.0003,29,10,e_vil_test1000,t2i.median_rank,1.0
count_only_draw_0__lr_0.0003__seed_29__epoch_10,count_only,count_only_draw_0,0,0.0003,29,10,e_vil_test1000,mean_bidirectional_r1,0.6434
count_only_draw_0__lr_0.0003__seed_29__epoch_10,count_only,count_only_draw_0,0,0.0003,29,10,sugarcrepe,positive1_accuracy,0.8066835308214618
count_only_draw_0__lr_0.0003__seed_29__epoch_10,count_only,count_only_draw_0,0,0.0003,29,10,sugarcrepe,accuracy,0.8066835308214618
count_only_draw_0__lr_0.0003__seed_29__epoch_10,count_only,count_only_draw_0,0,0.0003,29,10,sugarcrepe_pp,positive1_accuracy,0.7786420012612991
count_only_draw_0__lr_0.0003__seed_29__epoch_10,count_only,count_only_draw_0,0,0.0003,29,10,sugarcrepe_pp,positive2_accuracy,0.6928736598696658
count_only_draw_0__lr_0.0003__seed_29__epoch_10,count_only,count_only_draw_0,0,0.0003,29,10,sugarcrepe_pp,both_accuracy,0.6361151986546143
count_only_draw_0__lr_0.0003__seed_29__epoch_10,count_only,count_only_draw_0,0,0.0003,29,10,sugarcrepe_pp,accuracy,0.6361151986546143
count_only_draw_0__lr_0.0003__seed_29__epoch_10,count_only,count_only_draw_0,0,0.0003,29,10,visual_entailment,accuracy,0.7687259897490839
count_only_draw_0__lr_0.0003__seed_43__epoch_01,count_only,count_only_draw_0,0,0.0003,43,1,e_vil_test1000,i2t.r1,0.77
count_only_draw_0__lr_0.0003__seed_43__epoch_01,count_only,count_only_draw_0,0,0.0003,43,1,e_vil_test1000,i2t.r5,0.938
count_only_draw_0__lr_0.0003__seed_43__epoch_01,count_only,count_only_draw_0,0,0.0003,43,1,e_vil_test1000,i2t.r10,0.966
count_only_draw_0__lr_0.0003__seed_43__epoch_01,count_only,count_only_draw_0,0,0.0003,43,1,e_vil_test1000,i2t.mean_rank,2.417
count_only_draw_0__lr_0.0003__seed_43__epoch_01,count_only,count_only_draw_0,0,0.0003,43,1,e_vil_test1000,i2t.median_rank,1.0
count_only_draw_0__lr_0.0003__seed_43__epoch_01,count_only,count_only_draw_0,0,0.0003,43,1,e_vil_test1000,t2i.r1,0.6746
count_only_draw_0__lr_0.0003__seed_43__epoch_01,count_only,count_only_draw_0,0,0.0003,43,1,e_vil_test1000,t2i.r5,0.8946
count_only_draw_0__lr_0.0003__seed_43__epoch_01,count_only,count_only_draw_0,0,0.0003,43,1,e_vil_test1000,t2i.r10,0.9366
count_only_draw_0__lr_0.0003__seed_43__epoch_01,count_only,count_only_draw_0,0,0.0003,43,1,e_vil_test1000,t2i.mean_rank,4.9396
count_only_draw_0__lr_0.0003__seed_43__epoch_01,count_only,count_only_draw_0,0,0.0003,43,1,e_vil_test1000,t2i.median_rank,1.0
count_only_draw_0__lr_0.0003__seed_43__epoch_01,count_only,count_only_draw_0,0,0.0003,43,1,e_vil_test1000,mean_bidirectional_r1,0.7222999999999999
count_only_draw_0__lr_0.0003__seed_43__epoch_01,count_only,count_only_draw_0,0,0.0003,43,1,sugarcrepe,positive1_accuracy,0.8399680468645986
count_only_draw_0__lr_0.0003__seed_43__epoch_01,count_only,count_only_draw_0,0,0.0003,43,1,sugarcrepe,accuracy,0.8399680468645986
count_only_draw_0__lr_0.0003__seed_43__epoch_01,count_only,count_only_draw_0,0,0.0003,43,1,sugarcrepe_pp,positive1_accuracy,0.7988227874710953
count_only_draw_0__lr_0.0003__seed_43__epoch_01,count_only,count_only_draw_0,0,0.0003,43,1,sugarcrepe_pp,positive2_accuracy,0.7290309018288837
count_only_draw_0__lr_0.0003__seed_43__epoch_01,count_only,count_only_draw_0,0,0.0003,43,1,sugarcrepe_pp,both_accuracy,0.6741643893210006
count_only_draw_0__lr_0.0003__seed_43__epoch_01,count_only,count_only_draw_0,0,0.0003,43,1,sugarcrepe_pp,accuracy,0.6741643893210006
count_only_draw_0__lr_0.0003__seed_43__epoch_01,count_only,count_only_draw_0,0,0.0003,43,1,visual_entailment,accuracy,0.8316422016811407
count_only_draw_0__lr_0.0003__seed_43__epoch_05,count_only,count_only_draw_0,0,0.0003,43,5,e_vil_test1000,i2t.r1,0.784
count_only_draw_0__lr_0.0003__seed_43__epoch_05,count_only,count_only_draw_0,0,0.0003,43,5,e_vil_test1000,i2t.r5,0.927
count_only_draw_0__lr_0.0003__seed_43__epoch_05,count_only,count_only_draw_0,0,0.0003,43,5,e_vil_test1000,i2t.r10,0.957
count_only_draw_0__lr_0.0003__seed_43__epoch_05,count_only,count_only_draw_0,0,0.0003,43,5,e_vil_test1000,i2t.mean_rank,2.612
count_only_draw_0__lr_0.0003__seed_43__epoch_05,count_only,count_only_draw_0,0,0.0003,43,5,e_vil_test1000,i2t.median_rank,1.0
count_only_draw_0__lr_0.0003__seed_43__epoch_05,count_only,count_only_draw_0,0,0.0003,43,5,e_vil_test1000,t2i.r1,0.6084
count_only_draw_0__lr_0.0003__seed_43__epoch_05,count_only,count_only_draw_0,0,0.0003,43,5,e_vil_test1000,t2i.r5,0.8464
count_only_draw_0__lr_0.0003__seed_43__epoch_05,count_only,count_only_draw_0,0,0.0003,43,5,e_vil_test1000,t2i.r10,0.9068
count_only_draw_0__lr_0.0003__seed_43__epoch_05,count_only,count_only_draw_0,0,0.0003,43,5,e_vil_test1000,t2i.mean_rank,6.7062
count_only_draw_0__lr_0.0003__seed_43__epoch_05,count_only,count_only_draw_0,0,0.0003,43,5,e_vil_test1000,t2i.median_rank,1.0
count_only_draw_0__lr_0.0003__seed_43__epoch_05,count_only,count_only_draw_0,0,0.0003,43,5,e_vil_test1000,mean_bidirectional_r1,0.6962
count_only_draw_0__lr_0.0003__seed_43__epoch_05,count_only,count_only_draw_0,0,0.0003,43,5,sugarcrepe,positive1_accuracy,0.8199973372387166
count_only_draw_0__lr_0.0003__seed_43__epoch_05,count_only,count_only_draw_0,0,0.0003,43,5,sugarcrepe,accuracy,0.8199973372387166
count_only_draw_0__lr_0.0003__seed_43__epoch_05,count_only,count_only_draw_0,0,0.0003,43,5,sugarcrepe_pp,positive1_accuracy,0.7937775909186462
count_only_draw_0__lr_0.0003__seed_43__epoch_05,count_only,count_only_draw_0,0,0.0003,43,5,sugarcrepe_pp,positive2_accuracy,0.692032793777591
count_only_draw_0__lr_0.0003__seed_43__epoch_05,count_only,count_only_draw_0,0,0.0003,43,5,sugarcrepe_pp,both_accuracy,0.6422114778221568
count_only_draw_0__lr_0.0003__seed_43__epoch_05,count_only,count_only_draw_0,0,0.0003,43,5,sugarcrepe_pp,accuracy,0.6422114778221568
count_only_draw_0__lr_0.0003__seed_43__epoch_05,count_only,count_only_draw_0,0,0.0003,43,5,visual_entailment,accuracy,0.7932216363608068
count_only_draw_0__lr_0.0003__seed_43__epoch_10,count_only,count_only_draw_0,0,0.0003,43,10,coco_karpathy,i2t.r1,0.4404
count_only_draw_0__lr_0.0003__seed_43__epoch_10,count_only,count_only_draw_0,0,0.0003,43,10,coco_karpathy,i2t.r5,0.6884
count_only_draw_0__lr_0.0003__seed_43__epoch_10,count_only,count_only_draw_0,0,0.0003,43,10,coco_karpathy,i2t.r10,0.7886
count_only_draw_0__lr_0.0003__seed_43__epoch_10,count_only,count_only_draw_0,0,0.0003,43,10,coco_karpathy,i2t.mean_rank,15.3444
count_only_draw_0__lr_0.0003__seed_43__epoch_10,count_only,count_only_draw_0,0,0.0003,43,10,coco_karpathy,i2t.median_rank,2.0
count_only_draw_0__lr_0.0003__seed_43__epoch_10,count_only,count_only_draw_0,0,0.0003,43,10,coco_karpathy,t2i.r1,0.30424
count_only_draw_0__lr_0.0003__seed_43__epoch_10,count_only,count_only_draw_0,0,0.0003,43,10,coco_karpathy,t2i.r5,0.55032
count_only_draw_0__lr_0.0003__seed_43__epoch_10,count_only,count_only_draw_0,0,0.0003,43,10,coco_karpathy,t2i.r10,0.66252
count_only_draw_0__lr_0.0003__seed_43__epoch_10,count_only,count_only_draw_0,0,0.0003,43,10,coco_karpathy,t2i.mean_rank,29.5722
count_only_draw_0__lr_0.0003__seed_43__epoch_10,count_only,count_only_draw_0,0,0.0003,43,10,coco_karpathy,t2i.median_rank,4.0
count_only_draw_0__lr_0.0003__seed_43__epoch_10,count_only,count_only_draw_0,0,0.0003,43,10,coco_karpathy,mean_bidirectional_r1,0.37232
count_only_draw_0__lr_0.0003__seed_43__epoch_10,count_only,count_only_draw_0,0,0.0003,43,10,e_vil_test1000,i2t.r1,0.733
count_only_draw_0__lr_0.0003__seed_43__epoch_10,count_only,count_only_draw_0,0,0.0003,43,10,e_vil_test1000,i2t.r5,0.908
count_only_draw_0__lr_0.0003__seed_43__epoch_10,count_only,count_only_draw_0,0,0.0003,43,10,e_vil_test1000,i2t.r10,0.95
count_only_draw_0__lr_0.0003__seed_43__epoch_10,count_only,count_only_draw_0,0,0.0003,43,10,e_vil_test1000,i2t.mean_rank,3.149
count_only_draw_0__lr_0.0003__seed_43__epoch_10,count_only,count_only_draw_0,0,0.0003,43,10,e_vil_test1000,i2t.median_rank,1.0
count_only_draw_0__lr_0.0003__seed_43__epoch_10,count_only,count_only_draw_0,0,0.0003,43,10,e_vil_test1000,t2i.r1,0.5654
count_only_draw_0__lr_0.0003__seed_43__epoch_10,count_only,count_only_draw_0,0,0.0003,43,10,e_vil_test1000,t2i.r5,0.8102
count_only_draw_0__lr_0.0003__seed_43__epoch_10,count_only,count_only_draw_0,0,0.0003,43,10,e_vil_test1000,t2i.r10,0.879
count_only_draw_0__lr_0.0003__seed_43__epoch_10,count_only,count_only_draw_0,0,0.0003,43,10,e_vil_test1000,t2i.mean_rank,9.0392
count_only_draw_0__lr_0.0003__seed_43__epoch_10,count_only,count_only_draw_0,0,0.0003,43,10,e_vil_test1000,t2i.median_rank,1.0
count_only_draw_0__lr_0.0003__seed_43__epoch_10,count_only,count_only_draw_0,0,0.0003,43,10,e_vil_test1000,mean_bidirectional_r1,0.6492
count_only_draw_0__lr_0.0003__seed_43__epoch_10,count_only,count_only_draw_0,0,0.0003,43,10,sugarcrepe,positive1_accuracy,0.7978964185860737
count_only_draw_0__lr_0.0003__seed_43__epoch_10,count_only,count_only_draw_0,0,0.0003,43,10,sugarcrepe,accuracy,0.7978964185860737
count_only_draw_0__lr_0.0003__seed_43__epoch_10,count_only,count_only_draw_0,0,0.0003,43,10,sugarcrepe_pp,positive1_accuracy,0.7721252890477192
count_only_draw_0__lr_0.0003__seed_43__epoch_10,count_only,count_only_draw_0,0,0.0003,43,10,sugarcrepe_pp,positive2_accuracy,0.7008618877443767
count_only_draw_0__lr_0.0003__seed_43__epoch_10,count_only,count_only_draw_0,0,0.0003,43,10,sugarcrepe_pp,both_accuracy,0.636325415177633
count_only_draw_0__lr_0.0003__seed_43__epoch_10,count_only,count_only_draw_0,0,0.0003,43,10,sugarcrepe_pp,accuracy,0.636325415177633
count_only_draw_0__lr_0.0003__seed_43__epoch_10,count_only,count_only_draw_0,0,0.0003,43,10,visual_entailment,accuracy,0.7585135663437458
count_only_draw_0__lr_0.001__seed_17__epoch_01,count_only,count_only_draw_0,0,0.001,17,1,e_vil_test1000,i2t.r1,0.722
count_only_draw_0__lr_0.001__seed_17__epoch_01,count_only,count_only_draw_0,0,0.001,17,1,e_vil_test1000,i2t.r5,0.907
count_only_draw_0__lr_0.001__seed_17__epoch_01,count_only,count_only_draw_0,0,0.001,17,1,e_vil_test1000,i2t.r10,0.948
count_only_draw_0__lr_0.001__seed_17__epoch_01,count_only,count_only_draw_0,0,0.001,17,1,e_vil_test1000,i2t.mean_rank,3.966
count_only_draw_0__lr_0.001__seed_17__epoch_01,count_only,count_only_draw_0,0,0.001,17,1,e_vil_test1000,i2t.median_rank,1.0
count_only_draw_0__lr_0.001__seed_17__epoch_01,count_only,count_only_draw_0,0,0.001,17,1,e_vil_test1000,t2i.r1,0.35
count_only_draw_0__lr_0.001__seed_17__epoch_01,count_only,count_only_draw_0,0,0.001,17,1,e_vil_test1000,t2i.r5,0.6502
count_only_draw_0__lr_0.001__seed_17__epoch_01,count_only,count_only_draw_0,0,0.001,17,1,e_vil_test1000,t2i.r10,0.7616
count_only_draw_0__lr_0.001__seed_17__epoch_01,count_only,count_only_draw_0,0,0.001,17,1,e_vil_test1000,t2i.mean_rank,17.7968
count_only_draw_0__lr_0.001__seed_17__epoch_01,count_only,count_only_draw_0,0,0.001,17,1,e_vil_test1000,t2i.median_rank,3.0
count_only_draw_0__lr_0.001__seed_17__epoch_01,count_only,count_only_draw_0,0,0.001,17,1,e_vil_test1000,mean_bidirectional_r1,0.536
count_only_draw_0__lr_0.001__seed_17__epoch_01,count_only,count_only_draw_0,0,0.001,17,1,sugarcrepe,positive1_accuracy,0.7966981760085209
count_only_draw_0__lr_0.001__seed_17__epoch_01,count_only,count_only_draw_0,0,0.001,17,1,sugarcrepe,accuracy,0.7966981760085209
count_only_draw_0__lr_0.001__seed_17__epoch_01,count_only,count_only_draw_0,0,0.001,17,1,sugarcrepe_pp,positive1_accuracy,0.7801135169224301
count_only_draw_0__lr_0.001__seed_17__epoch_01,count_only,count_only_draw_0,0,0.001,17,1,sugarcrepe_pp,positive2_accuracy,0.6964473407609838
count_only_draw_0__lr_0.001__seed_17__epoch_01,count_only,count_only_draw_0,0,0.001,17,1,sugarcrepe_pp,both_accuracy,0.6417910447761194
count_only_draw_0__lr_0.001__seed_17__epoch_01,count_only,count_only_draw_0,0,0.001,17,1,sugarcrepe_pp,accuracy,0.6417910447761194
count_only_draw_0__lr_0.001__seed_17__epoch_01,count_only,count_only_draw_0,0,0.001,17,1,visual_entailment,accuracy,0.7542569559655165
count_only_draw_0__lr_0.001__seed_17__epoch_05,count_only,count_only_draw_0,0,0.001,17,5,e_vil_test1000,i2t.r1,0.681
count_only_draw_0__lr_0.001__seed_17__epoch_05,count_only,count_only_draw_0,0,0.001,17,5,e_vil_test1000,i2t.r5,0.883
count_only_draw_0__lr_0.001__seed_17__epoch_05,count_only,count_only_draw_0,0,0.001,17,5,e_vil_test1000,i2t.r10,0.933
count_only_draw_0__lr_0.001__seed_17__epoch_05,count_only,count_only_draw_0,0,0.001,17,5,e_vil_test1000,i2t.mean_rank,3.763
count_only_draw_0__lr_0.001__seed_17__epoch_05,count_only,count_only_draw_0,0,0.001,17,5,e_vil_test1000,i2t.median_rank,1.0
count_only_draw_0__lr_0.001__seed_17__epoch_05,count_only,count_only_draw_0,0,0.001,17,5,e_vil_test1000,t2i.r1,0.5036
count_only_draw_0__lr_0.001__seed_17__epoch_05,count_only,count_only_draw_0,0,0.001,17,5,e_vil_test1000,t2i.r5,0.767
count_only_draw_0__lr_0.001__seed_17__epoch_05,count_only,count_only_draw_0,0,0.001,17,5,e_vil_test1000,t2i.r10,0.8444
count_only_draw_0__lr_0.001__seed_17__epoch_05,count_only,count_only_draw_0,0,0.001,17,5,e_vil_test1000,t2i.mean_rank,10.4034
count_only_draw_0__lr_0.001__seed_17__epoch_05,count_only,count_only_draw_0,0,0.001,17,5,e_vil_test1000,t2i.median_rank,1.0
count_only_draw_0__lr_0.001__seed_17__epoch_05,count_only,count_only_draw_0,0,0.001,17,5,e_vil_test1000,mean_bidirectional_r1,0.5923
count_only_draw_0__lr_0.001__seed_17__epoch_05,count_only,count_only_draw_0,0,0.001,17,5,sugarcrepe,positive1_accuracy,0.7937691385967248
count_only_draw_0__lr_0.001__seed_17__epoch_05,count_only,count_only_draw_0,0,0.001,17,5,sugarcrepe,accuracy,0.7937691385967248
count_only_draw_0__lr_0.001__seed_17__epoch_05,count_only,count_only_draw_0,0,0.001,17,5,sugarcrepe_pp,positive1_accuracy,0.7639268446499895
count_only_draw_0__lr_0.001__seed_17__epoch_05,count_only,count_only_draw_0,0,0.001,17,5,sugarcrepe_pp,positive2_accuracy,0.6914021442085347
count_only_draw_0__lr_0.001__seed_17__epoch_05,count_only,count_only_draw_0,0,0.001,17,5,sugarcrepe_pp,both_accuracy,0.6295984864410342
count_only_draw_0__lr_0.001__seed_17__epoch_05,count_only,count_only_draw_0,0,0.001,17,5,sugarcrepe_pp,accuracy,0.6295984864410342
count_only_draw_0__lr_0.001__seed_17__epoch_05,count_only,count_only_draw_0,0,0.001,17,5,visual_entailment,accuracy,0.7601865988196209
count_only_draw_0__lr_0.001__seed_17__epoch_10,count_only,count_only_draw_0,0,0.001,17,10,coco_karpathy,i2t.r1,0.3488
count_only_draw_0__lr_0.001__seed_17__epoch_10,count_only,count_only_draw_0,0,0.001,17,10,coco_karpathy,i2t.r5,0.5946
count_only_draw_0__lr_0.001__seed_17__epoch_10,count_only,count_only_draw_0,0,0.001,17,10,coco_karpathy,i2t.r10,0.7056
count_only_draw_0__lr_0.001__seed_17__epoch_10,count_only,count_only_draw_0,0,0.001,17,10,coco_karpathy,i2t.mean_rank,26.7678
count_only_draw_0__lr_0.001__seed_17__epoch_10,count_only,count_only_draw_0,0,0.001,17,10,coco_karpathy,i2t.median_rank,3.0
count_only_draw_0__lr_0.001__seed_17__epoch_10,count_only,count_only_draw_0,0,0.001,17,10,coco_karpathy,t2i.r1,0.22572
count_only_draw_0__lr_0.001__seed_17__epoch_10,count_only,count_only_draw_0,0,0.001,17,10,coco_karpathy,t2i.r5,0.45284
count_only_draw_0__lr_0.001__seed_17__epoch_10,count_only,count_only_draw_0,0,0.001,17,10,coco_karpathy,t2i.r10,0.56764
count_only_draw_0__lr_0.001__seed_17__epoch_10,count_only,count_only_draw_0,0,0.001,17,10,coco_karpathy,t2i.mean_rank,47.55656
count_only_draw_0__lr_0.001__seed_17__epoch_10,count_only,count_only_draw_0,0,0.001,17,10,coco_karpathy,t2i.median_rank,7.0
count_only_draw_0__lr_0.001__seed_17__epoch_10,count_only,count_only_draw_0,0,0.001,17,10,coco_karpathy,mean_bidirectional_r1,0.28726
count_only_draw_0__lr_0.001__seed_17__epoch_10,count_only,count_only_draw_0,0,0.001,17,10,e_vil_test1000,i2t.r1,0.612
count_only_draw_0__lr_0.001__seed_17__epoch_10,count_only,count_only_draw_0,0,0.001,17,10,e_vil_test1000,i2t.r5,0.84
count_only_draw_0__lr_0.001__seed_17__epoch_10,count_only,count_only_draw_0,0,0.001,17,10,e_vil_test1000,i2t.r10,0.907
count_only_draw_0__lr_0.001__seed_17__epoch_10,count_only,count_only_draw_0,0,0.001,17,10,e_vil_test1000,i2t.mean_rank,6.577
count_only_draw_0__lr_0.001__seed_17__epoch_10,count_only,count_only_draw_0,0,0.001,17,10,e_vil_test1000,i2t.median_rank,1.0
count_only_draw_0__lr_0.001__seed_17__epoch_10,count_only,count_only_draw_0,0,0.001,17,10,e_vil_test1000,t2i.r1,0.4512
count_only_draw_0__lr_0.001__seed_17__epoch_10,count_only,count_only_draw_0,0,0.001,17,10,e_vil_test1000,t2i.r5,0.7184
count_only_draw_0__lr_0.001__seed_17__epoch_10,count_only,count_only_draw_0,0,0.001,17,10,e_vil_test1000,t2i.r10,0.806
count_only_draw_0__lr_0.001__seed_17__epoch_10,count_only,count_only_draw_0,0,0.001,17,10,e_vil_test1000,t2i.mean_rank,13.6456
count_only_draw_0__lr_0.001__seed_17__epoch_10,count_only,count_only_draw_0,0,0.001,17,10,e_vil_test1000,t2i.median_rank,2.0
count_only_draw_0__lr_0.001__seed_17__epoch_10,count_only,count_only_draw_0,0,0.001,17,10,e_vil_test1000,mean_bidirectional_r1,0.5316
count_only_draw_0__lr_0.001__seed_17__epoch_10,count_only,count_only_draw_0,0,0.001,17,10,sugarcrepe,positive1_accuracy,0.7781919850885368
count_only_draw_0__lr_0.001__seed_17__epoch_10,count_only,count_only_draw_0,0,0.001,17,10,sugarcrepe,accuracy,0.7781919850885368
count_only_draw_0__lr_0.001__seed_17__epoch_10,count_only,count_only_draw_0,0,0.001,17,10,sugarcrepe_pp,positive1_accuracy,0.7485810384696238
count_only_draw_0__lr_0.001__seed_17__epoch_10,count_only,count_only_draw_0,0,0.001,17,10,sugarcrepe_pp,positive2_accuracy,0.6533529535421484
count_only_draw_0__lr_0.001__seed_17__epoch_10,count_only,count_only_draw_0,0,0.001,17,10,sugarcrepe_pp,both_accuracy,0.5980660079882278
count_only_draw_0__lr_0.001__seed_17__epoch_10,count_only,count_only_draw_0,0,0.001,17,10,sugarcrepe_pp,accuracy,0.5980660079882278
count_only_draw_0__lr_0.001__seed_17__epoch_10,count_only,count_only_draw_0,0,0.001,17,10,visual_entailment,accuracy,0.7491789917746401
count_only_draw_0__lr_0.001__seed_29__epoch_01,count_only,count_only_draw_0,0,0.001,29,1,e_vil_test1000,i2t.r1,0.686
count_only_draw_0__lr_0.001__seed_29__epoch_01,count_only,count_only_draw_0,0,0.001,29,1,e_vil_test1000,i2t.r5,0.896
count_only_draw_0__lr_0.001__seed_29__epoch_01,count_only,count_only_draw_0,0,0.001,29,1,e_vil_test1000,i2t.r10,0.941
count_only_draw_0__lr_0.001__seed_29__epoch_01,count_only,count_only_draw_0,0,0.001,29,1,e_vil_test1000,i2t.mean_rank,3.718
count_only_draw_0__lr_0.001__seed_29__epoch_01,count_only,count_only_draw_0,0,0.001,29,1,e_vil_test1000,i2t.median_rank,1.0
count_only_draw_0__lr_0.001__seed_29__epoch_01,count_only,count_only_draw_0,0,0.001,29,1,e_vil_test1000,t2i.r1,0.427
count_only_draw_0__lr_0.001__seed_29__epoch_01,count_only,count_only_draw_0,0,0.001,29,1,e_vil_test1000,t2i.r5,0.6858
count_only_draw_0__lr_0.001__seed_29__epoch_01,count_only,count_only_draw_0,0,0.001,29,1,e_vil_test1000,t2i.r10,0.7736
count_only_draw_0__lr_0.001__seed_29__epoch_01,count_only,count_only_draw_0,0,0.001,29,1,e_vil_test1000,t2i.mean_rank,17.2878
count_only_draw_0__lr_0.001__seed_29__epoch_01,count_only,count_only_draw_0,0,0.001,29,1,e_vil_test1000,t2i.median_rank,2.0
count_only_draw_0__lr_0.001__seed_29__epoch_01,count_only,count_only_draw_0,0,0.001,29,1,e_vil_test1000,mean_bidirectional_r1,0.5565
count_only_draw_0__lr_0.001__seed_29__epoch_01,count_only,count_only_draw_0,0,0.001,29,1,sugarcrepe,positive1_accuracy,0.8050858740513913
count_only_draw_0__lr_0.001__seed_29__epoch_01,count_only,count_only_draw_0,0,0.001,29,1,sugarcrepe,accuracy,0.8050858740513913
count_only_draw_0__lr_0.001__seed_29__epoch_01,count_only,count_only_draw_0,0,0.001,29,1,sugarcrepe_pp,positive1_accuracy,0.7723355055707378
count_only_draw_0__lr_0.001__seed_29__epoch_01,count_only,count_only_draw_0,0,0.001,29,1,sugarcrepe_pp,positive2_accuracy,0.6949758250998529
count_only_draw_0__lr_0.001__seed_29__epoch_01,count_only,count_only_draw_0,0,0.001,29,1,sugarcrepe_pp,both_accuracy,0.6291780533949969
count_only_draw_0__lr_0.001__seed_29__epoch_01,count_only,count_only_draw_0,0,0.001,29,1,sugarcrepe_pp,accuracy,0.6291780533949969
count_only_draw_0__lr_0.001__seed_29__epoch_01,count_only,count_only_draw_0,0,0.001,29,1,visual_entailment,accuracy,0.7770382072669064
count_only_draw_0__lr_0.001__seed_29__epoch_05,count_only,count_only_draw_0,0,0.001,29,5,e_vil_test1000,i2t.r1,0.718
count_only_draw_0__lr_0.001__seed_29__epoch_05,count_only,count_only_draw_0,0,0.001,29,5,e_vil_test1000,i2t.r5,0.894
count_only_draw_0__lr_0.001__seed_29__epoch_05,count_only,count_only_draw_0,0,0.001,29,5,e_vil_test1000,i2t.r10,0.942
count_only_draw_0__lr_0.001__seed_29__epoch_05,count_only,count_only_draw_0,0,0.001,29,5,e_vil_test1000,i2t.mean_rank,4.268
count_only_draw_0__lr_0.001__seed_29__epoch_05,count_only,count_only_draw_0,0,0.001,29,5,e_vil_test1000,i2t.median_rank,1.0
count_only_draw_0__lr_0.001__seed_29__epoch_05,count_only,count_only_draw_0,0,0.001,29,5,e_vil_test1000,t2i.r1,0.5034
count_only_draw_0__lr_0.001__seed_29__epoch_05,count_only,count_only_draw_0,0,0.001,29,5,e_vil_test1000,t2i.r5,0.7718
count_only_draw_0__lr_0.001__seed_29__epoch_05,count_only,count_only_draw_0,0,0.001,29,5,e_vil_test1000,t2i.r10,0.8566
count_only_draw_0__lr_0.001__seed_29__epoch_05,count_only,count_only_draw_0,0,0.001,29,5,e_vil_test1000,t2i.mean_rank,10.5964
count_only_draw_0__lr_0.001__seed_29__epoch_05,count_only,count_only_draw_0,0,0.001,29,5,e_vil_test1000,t2i.median_rank,1.0
count_only_draw_0__lr_0.001__seed_29__epoch_05,count_only,count_only_draw_0,0,0.001,29,5,e_vil_test1000,mean_bidirectional_r1,0.6107
count_only_draw_0__lr_0.001__seed_29__epoch_05,count_only,count_only_draw_0,0,0.001,29,5,sugarcrepe,positive1_accuracy,0.7964318998801757
count_only_draw_0__lr_0.001__seed_29__epoch_05,count_only,count_only_draw_0,0,0.001,29,5,sugarcrepe,accuracy,0.7964318998801757
count_only_draw_0__lr_0.001__seed_29__epoch_05,count_only,count_only_draw_0,0,0.001,29,5,sugarcrepe_pp,positive1_accuracy,0.7689720412024386
count_only_draw_0__lr_0.001__seed_29__epoch_05,count_only,count_only_draw_0,0,0.001,29,5,sugarcrepe_pp,positive2_accuracy,0.6823628337187303
count_only_draw_0__lr_0.001__seed_29__epoch_05,count_only,count_only_draw_0,0,0.001,29,5,sugarcrepe_pp,both_accuracy,0.6249737229346226
count_only_draw_0__lr_0.001__seed_29__epoch_05,count_only,count_only_draw_0,0,0.001,29,5,sugarcrepe_pp,accuracy,0.6249737229346226
count_only_draw_0__lr_0.001__seed_29__epoch_05,count_only,count_only_draw_0,0,0.001,29,5,visual_entailment,accuracy,0.7490845538101842
count_only_draw_0__lr_0.001__seed_29__epoch_10,count_only,count_only_draw_0,0,0.001,29,10,coco_karpathy,i2t.r1,0.3394
count_only_draw_0__lr_0.001__seed_29__epoch_10,count_only,count_only_draw_0,0,0.001,29,10,coco_karpathy,i2t.r5,0.5928
count_only_draw_0__lr_0.001__seed_29__epoch_10,count_only,count_only_draw_0,0,0.001,29,10,coco_karpathy,i2t.r10,0.6984
count_only_draw_0__lr_0.001__seed_29__epoch_10,count_only,count_only_draw_0,0,0.001,29,10,coco_karpathy,i2t.mean_rank,24.9112
count_only_draw_0__lr_0.001__seed_29__epoch_10,count_only,count_only_draw_0,0,0.001,29,10,coco_karpathy,i2t.median_rank,3.0
count_only_draw_0__lr_0.001__seed_29__epoch_10,count_only,count_only_draw_0,0,0.001,29,10,coco_karpathy,t2i.r1,0.2214
count_only_draw_0__lr_0.001__seed_29__epoch_10,count_only,count_only_draw_0,0,0.001,29,10,coco_karpathy,t2i.r5,0.44748
count_only_draw_0__lr_0.001__seed_29__epoch_10,count_only,count_only_draw_0,0,0.001,29,10,coco_karpathy,t2i.r10,0.56148
count_only_draw_0__lr_0.001__seed_29__epoch_10,count_only,count_only_draw_0,0,0.001,29,10,coco_karpathy,t2i.mean_rank,48.331
count_only_draw_0__lr_0.001__seed_29__epoch_10,count_only,count_only_draw_0,0,0.001,29,10,coco_karpathy,t2i.median_rank,7.0
count_only_draw_0__lr_0.001__seed_29__epoch_10,count_only,count_only_draw_0,0,0.001,29,10,coco_karpathy,mean_bidirectional_r1,0.2804
count_only_draw_0__lr_0.001__seed_29__epoch_10,count_only,count_only_draw_0,0,0.001,29,10,e_vil_test1000,i2t.r1,0.6
count_only_draw_0__lr_0.001__seed_29__epoch_10,count_only,count_only_draw_0,0,0.001,29,10,e_vil_test1000,i2t.r5,0.829
count_only_draw_0__lr_0.001__seed_29__epoch_10,count_only,count_only_draw_0,0,0.001,29,10,e_vil_test1000,i2t.r10,0.895
count_only_draw_0__lr_0.001__seed_29__epoch_10,count_only,count_only_draw_0,0,0.001,29,10,e_vil_test1000,i2t.mean_rank,5.791
count_only_draw_0__lr_0.001__seed_29__epoch_10,count_only,count_only_draw_0,0,0.001,29,10,e_vil_test1000,i2t.median_rank,1.0
count_only_draw_0__lr_0.001__seed_29__epoch_10,count_only,count_only_draw_0,0,0.001,29,10,e_vil_test1000,t2i.r1,0.436
count_only_draw_0__lr_0.001__seed_29__epoch_10,count_only,count_only_draw_0,0,0.001,29,10,e_vil_test1000,t2i.r5,0.7168
count_only_draw_0__lr_0.001__seed_29__epoch_10,count_only,count_only_draw_0,0,0.001,29,10,e_vil_test1000,t2i.r10,0.8014
count_only_draw_0__lr_0.001__seed_29__epoch_10,count_only,count_only_draw_0,0,0.001,29,10,e_vil_test1000,t2i.mean_rank,14.0378
count_only_draw_0__lr_0.001__seed_29__epoch_10,count_only,count_only_draw_0,0,0.001,29,10,e_vil_test1000,t2i.median_rank,2.0
count_only_draw_0__lr_0.001__seed_29__epoch_10,count_only,count_only_draw_0,0,0.001,29,10,e_vil_test1000,mean_bidirectional_r1,0.518
count_only_draw_0__lr_0.001__seed_29__epoch_10,count_only,count_only_draw_0,0,0.001,29,10,sugarcrepe,positive1_accuracy,0.7815204366928505
count_only_draw_0__lr_0.001__seed_29__epoch_10,count_only,count_only_draw_0,0,0.001,29,10,sugarcrepe,accuracy,0.7815204366928505
count_only_draw_0__lr_0.001__seed_29__epoch_10,count_only,count_only_draw_0,0,0.001,29,10,sugarcrepe_pp,positive1_accuracy,0.7540466680681102
count_only_draw_0__lr_0.001__seed_29__epoch_10,count_only,count_only_draw_0,0,0.001,29,10,sugarcrepe_pp,positive2_accuracy,0.6771074206432626
count_only_draw_0__lr_0.001__seed_29__epoch_10,count_only,count_only_draw_0,0,0.001,29,10,sugarcrepe_pp,both_accuracy,0.6157241959217995
count_only_draw_0__lr_0.001__seed_29__epoch_10,count_only,count_only_draw_0,0,0.001,29,10,sugarcrepe_pp,accuracy,0.6157241959217995
count_only_draw_0__lr_0.001__seed_29__epoch_10,count_only,count_only_draw_0,0,0.001,29,10,visual_entailment,accuracy,0.7466411814416225
count_only_draw_0__lr_0.001__seed_43__epoch_01,count_only,count_only_draw_0,0,0.001,43,1,e_vil_test1000,i2t.r1,0.714
count_only_draw_0__lr_0.001__seed_43__epoch_01,count_only,count_only_draw_0,0,0.001,43,1,e_vil_test1000,i2t.r5,0.895
count_only_draw_0__lr_0.001__seed_43__epoch_01,count_only,count_only_draw_0,0,0.001,43,1,e_vil_test1000,i2t.r10,0.941
count_only_draw_0__lr_0.001__seed_43__epoch_01,count_only,count_only_draw_0,0,0.001,43,1,e_vil_test1000,i2t.mean_rank,4.053
count_only_draw_0__lr_0.001__seed_43__epoch_01,count_only,count_only_draw_0,0,0.001,43,1,e_vil_test1000,i2t.median_rank,1.0
count_only_draw_0__lr_0.001__seed_43__epoch_01,count_only,count_only_draw_0,0,0.001,43,1,e_vil_test1000,t2i.r1,0.4296
count_only_draw_0__lr_0.001__seed_43__epoch_01,count_only,count_only_draw_0,0,0.001,43,1,e_vil_test1000,t2i.r5,0.6866
count_only_draw_0__lr_0.001__seed_43__epoch_01,count_only,count_only_draw_0,0,0.001,43,1,e_vil_test1000,t2i.r10,0.7662
count_only_draw_0__lr_0.001__seed_43__epoch_01,count_only,count_only_draw_0,0,0.001,43,1,e_vil_test1000,t2i.mean_rank,18.4378
count_only_draw_0__lr_0.001__seed_43__epoch_01,count_only,count_only_draw_0,0,0.001,43,1,e_vil_test1000,t2i.median_rank,2.0
count_only_draw_0__lr_0.001__seed_43__epoch_01,count_only,count_only_draw_0,0,0.001,43,1,e_vil_test1000,mean_bidirectional_r1,0.5718
count_only_draw_0__lr_0.001__seed_43__epoch_01,count_only,count_only_draw_0,0,0.001,43,1,sugarcrepe,positive1_accuracy,0.8150712288643324
count_only_draw_0__lr_0.001__seed_43__epoch_01,count_only,count_only_draw_0,0,0.001,43,1,sugarcrepe,accuracy,0.8150712288643324
count_only_draw_0__lr_0.001__seed_43__epoch_01,count_only,count_only_draw_0,0,0.001,43,1,sugarcrepe_pp,positive1_accuracy,0.781585032583561
count_only_draw_0__lr_0.001__seed_43__epoch_01,count_only,count_only_draw_0,0,0.001,43,1,sugarcrepe_pp,positive2_accuracy,0.7080092495270128
count_only_draw_0__lr_0.001__seed_43__epoch_01,count_only,count_only_draw_0,0,0.001,43,1,sugarcrepe_pp,both_accuracy,0.6445238595753626
count_only_draw_0__lr_0.001__seed_43__epoch_01,count_only,count_only_draw_0,0,0.001,43,1,sugarcrepe_pp,accuracy,0.6445238595753626
count_only_draw_0__lr_0.001__seed_43__epoch_01,count_only,count_only_draw_0,0,0.001,43,1,visual_entailment,accuracy,0.7770322085776828
count_only_draw_0__lr_0.001__seed_43__epoch_05,count_only,count_only_draw_0,0,0.001,43,5,e_vil_test1000,i2t.r1,0.682
count_only_draw_0__lr_0.001__seed_43__epoch_05,count_only,count_only_draw_0,0,0.001,43,5,e_vil_test1000,i2t.r5,0.881
count_only_draw_0__lr_0.001__seed_43__epoch_05,count_only,count_only_draw_0,0,0.001,43,5,e_vil_test1000,i2t.r10,0.93
count_only_draw_0__lr_0.001__seed_43__epoch_05,count_only,count_only_draw_0,0,0.001,43,5,e_vil_test1000,i2t.mean_rank,4.187
count_only_draw_0__lr_0.001__seed_43__epoch_05,count_only,count_only_draw_0,0,0.001,43,5,e_vil_test1000,i2t.median_rank,1.0
count_only_draw_0__lr_0.001__seed_43__epoch_05,count_only,count_only_draw_0,0,0.001,43,5,e_vil_test1000,t2i.r1,0.4806
count_only_draw_0__lr_0.001__seed_43__epoch_05,count_only,count_only_draw_0,0,0.001,43,5,e_vil_test1000,t2i.r5,0.7554
count_only_draw_0__lr_0.001__seed_43__epoch_05,count_only,count_only_draw_0,0,0.001,43,5,e_vil_test1000,t2i.r10,0.8404
count_only_draw_0__lr_0.001__seed_43__epoch_05,count_only,count_only_draw_0,0,0.001,43,5,e_vil_test1000,t2i.mean_rank,10.7238
count_only_draw_0__lr_0.001__seed_43__epoch_05,count_only,count_only_draw_0,0,0.001,43,5,e_vil_test1000,t2i.median_rank,2.0
count_only_draw_0__lr_0.001__seed_43__epoch_05,count_only,count_only_draw_0,0,0.001,43,5,e_vil_test1000,mean_bidirectional_r1,0.5813
count_only_draw_0__lr_0.001__seed_43__epoch_05,count_only,count_only_draw_0,0,0.001,43,5,sugarcrepe,positive1_accuracy,0.7924377579549994
count_only_draw_0__lr_0.001__seed_43__epoch_05,count_only,count_only_draw_0,0,0.001,43,5,sugarcrepe,accuracy,0.7924377579549994
count_only_draw_0__lr_0.001__seed_43__epoch_05,count_only,count_only_draw_0,0,0.001,43,5,sugarcrepe_pp,positive1_accuracy,0.7698129072945133
count_only_draw_0__lr_0.001__seed_43__epoch_05,count_only,count_only_draw_0,0,0.001,43,5,sugarcrepe_pp,positive2_accuracy,0.6987597225141896
count_only_draw_0__lr_0.001__seed_43__epoch_05,count_only,count_only_draw_0,0,0.001,43,5,sugarcrepe_pp,both_accuracy,0.6371662812697078
count_only_draw_0__lr_0.001__seed_43__epoch_05,count_only,count_only_draw_0,0,0.001,43,5,sugarcrepe_pp,accuracy,0.6371662812697078
count_only_draw_0__lr_0.001__seed_43__epoch_05,count_only,count_only_draw_0,0,0.001,43,5,visual_entailment,accuracy,0.7623961072560199
count_only_draw_0__lr_0.001__seed_43__epoch_10,count_only,count_only_draw_0,0,0.001,43,10,coco_karpathy,i2t.r1,0.348
count_only_draw_0__lr_0.001__seed_43__epoch_10,count_only,count_only_draw_0,0,0.001,43,10,coco_karpathy,i2t.r5,0.5964
count_only_draw_0__lr_0.001__seed_43__epoch_10,count_only,count_only_draw_0,0,0.001,43,10,coco_karpathy,i2t.r10,0.7048
count_only_draw_0__lr_0.001__seed_43__epoch_10,count_only,count_only_draw_0,0,0.001,43,10,coco_karpathy,i2t.mean_rank,26.0512
count_only_draw_0__lr_0.001__seed_43__epoch_10,count_only,count_only_draw_0,0,0.001,43,10,coco_karpathy,i2t.median_rank,3.0
count_only_draw_0__lr_0.001__seed_43__epoch_10,count_only,count_only_draw_0,0,0.001,43,10,coco_karpathy,t2i.r1,0.22044
count_only_draw_0__lr_0.001__seed_43__epoch_10,count_only,count_only_draw_0,0,0.001,43,10,coco_karpathy,t2i.r5,0.44968
count_only_draw_0__lr_0.001__seed_43__epoch_10,count_only,count_only_draw_0,0,0.001,43,10,coco_karpathy,t2i.r10,0.5624
count_only_draw_0__lr_0.001__seed_43__epoch_10,count_only,count_only_draw_0,0,0.001,43,10,coco_karpathy,t2i.mean_rank,48.8502
count_only_draw_0__lr_0.001__seed_43__epoch_10,count_only,count_only_draw_0,0,0.001,43,10,coco_karpathy,t2i.median_rank,7.0
count_only_draw_0__lr_0.001__seed_43__epoch_10,count_only,count_only_draw_0,0,0.001,43,10,coco_karpathy,mean_bidirectional_r1,0.28422
count_only_draw_0__lr_0.001__seed_43__epoch_10,count_only,count_only_draw_0,0,0.001,43,10,e_vil_test1000,i2t.r1,0.637
count_only_draw_0__lr_0.001__seed_43__epoch_10,count_only,count_only_draw_0,0,0.001,43,10,e_vil_test1000,i2t.r5,0.853
count_only_draw_0__lr_0.001__seed_43__epoch_10,count_only,count_only_draw_0,0,0.001,43,10,e_vil_test1000,i2t.r10,0.916
count_only_draw_0__lr_0.001__seed_43__epoch_10,count_only,count_only_draw_0,0,0.001,43,10,e_vil_test1000,i2t.mean_rank,5.411
count_only_draw_0__lr_0.001__seed_43__epoch_10,count_only,count_only_draw_0,0,0.001,43,10,e_vil_test1000,i2t.median_rank,1.0
count_only_draw_0__lr_0.001__seed_43__epoch_10,count_only,count_only_draw_0,0,0.001,43,10,e_vil_test1000,t2i.r1,0.4396
count_only_draw_0__lr_0.001__seed_43__epoch_10,count_only,count_only_draw_0,0,0.001,43,10,e_vil_test1000,t2i.r5,0.7192
count_only_draw_0__lr_0.001__seed_43__epoch_10,count_only,count_only_draw_0,0,0.001,43,10,e_vil_test1000,t2i.r10,0.809
count_only_draw_0__lr_0.001__seed_43__epoch_10,count_only,count_only_draw_0,0,0.001,43,10,e_vil_test1000,t2i.mean_rank,13.5154
count_only_draw_0__lr_0.001__seed_43__epoch_10,count_only,count_only_draw_0,0,0.001,43,10,e_vil_test1000,t2i.median_rank,2.0
count_only_draw_0__lr_0.001__seed_43__epoch_10,count_only,count_only_draw_0,0,0.001,43,10,e_vil_test1000,mean_bidirectional_r1,0.5383
count_only_draw_0__lr_0.001__seed_43__epoch_10,count_only,count_only_draw_0,0,0.001,43,10,sugarcrepe,positive1_accuracy,0.7740647050991879
count_only_draw_0__lr_0.001__seed_43__epoch_10,count_only,count_only_draw_0,0,0.001,43,10,sugarcrepe,accuracy,0.7740647050991879
count_only_draw_0__lr_0.001__seed_43__epoch_10,count_only,count_only_draw_0,0,0.001,43,10,sugarcrepe_pp,positive1_accuracy,0.751944502837923
count_only_draw_0__lr_0.001__seed_43__epoch_10,count_only,count_only_draw_0,0,0.001,43,10,sugarcrepe_pp,positive2_accuracy,0.6548244692032794
count_only_draw_0__lr_0.001__seed_43__epoch_10,count_only,count_only_draw_0,0,0.001,43,10,sugarcrepe_pp,both_accuracy,0.6003783897414336
count_only_draw_0__lr_0.001__seed_43__epoch_10,count_only,count_only_draw_0,0,0.001,43,10,sugarcrepe_pp,accuracy,0.6003783897414336
count_only_draw_0__lr_0.001__seed_43__epoch_10,count_only,count_only_draw_0,0,0.001,43,10,visual_entailment,accuracy,0.7357849453046212
count_only_draw_1__lr_0.0001__seed_17__epoch_00,count_only,count_only_draw_1,1,0.0001,17,0,coco_karpathy,i2t.r1,0.5632
count_only_draw_1__lr_0.0001__seed_17__epoch_00,count_only,count_only_draw_1,1,0.0001,17,0,coco_karpathy,i2t.r5,0.7982
count_only_draw_1__lr_0.0001__seed_17__epoch_00,count_only,count_only_draw_1,1,0.0001,17,0,coco_karpathy,i2t.r10,0.8712
count_only_draw_1__lr_0.0001__seed_17__epoch_00,count_only,count_only_draw_1,1,0.0001,17,0,coco_karpathy,i2t.mean_rank,6.9402
count_only_draw_1__lr_0.0001__seed_17__epoch_00,count_only,count_only_draw_1,1,0.0001,17,0,coco_karpathy,i2t.median_rank,1.0
count_only_draw_1__lr_0.0001__seed_17__epoch_00,count_only,count_only_draw_1,1,0.0001,17,0,coco_karpathy,t2i.r1,0.39348
count_only_draw_1__lr_0.0001__seed_17__epoch_00,count_only,count_only_draw_1,1,0.0001,17,0,coco_karpathy,t2i.r5,0.65404
count_only_draw_1__lr_0.0001__seed_17__epoch_00,count_only,count_only_draw_1,1,0.0001,17,0,coco_karpathy,t2i.r10,0.7562
count_only_draw_1__lr_0.0001__seed_17__epoch_00,count_only,count_only_draw_1,1,0.0001,17,0,coco_karpathy,t2i.mean_rank,17.9344
count_only_draw_1__lr_0.0001__seed_17__epoch_00,count_only,count_only_draw_1,1,0.0001,17,0,coco_karpathy,t2i.median_rank,2.0
count_only_draw_1__lr_0.0001__seed_17__epoch_00,count_only,count_only_draw_1,1,0.0001,17,0,coco_karpathy,mean_bidirectional_r1,0.47834
count_only_draw_1__lr_0.0001__seed_17__epoch_00,count_only,count_only_draw_1,1,0.0001,17,0,e_vil_test1000,i2t.r1,0.845
count_only_draw_1__lr_0.0001__seed_17__epoch_00,count_only,count_only_draw_1,1,0.0001,17,0,e_vil_test1000,i2t.r5,0.96
count_only_draw_1__lr_0.0001__seed_17__epoch_00,count_only,count_only_draw_1,1,0.0001,17,0,e_vil_test1000,i2t.r10,0.985
count_only_draw_1__lr_0.0001__seed_17__epoch_00,count_only,count_only_draw_1,1,0.0001,17,0,e_vil_test1000,i2t.mean_rank,1.743
count_only_draw_1__lr_0.0001__seed_17__epoch_00,count_only,count_only_draw_1,1,0.0001,17,0,e_vil_test1000,i2t.median_rank,1.0
count_only_draw_1__lr_0.0001__seed_17__epoch_00,count_only,count_only_draw_1,1,0.0001,17,0,e_vil_test1000,t2i.r1,0.6976
count_only_draw_1__lr_0.0001__seed_17__epoch_00,count_only,count_only_draw_1,1,0.0001,17,0,e_vil_test1000,t2i.r5,0.8968
count_only_draw_1__lr_0.0001__seed_17__epoch_00,count_only,count_only_draw_1,1,0.0001,17,0,e_vil_test1000,t2i.r10,0.9376
count_only_draw_1__lr_0.0001__seed_17__epoch_00,count_only,count_only_draw_1,1,0.0001,17,0,e_vil_test1000,t2i.mean_rank,4.6174
count_only_draw_1__lr_0.0001__seed_17__epoch_00,count_only,count_only_draw_1,1,0.0001,17,0,e_vil_test1000,t2i.median_rank,1.0
count_only_draw_1__lr_0.0001__seed_17__epoch_00,count_only,count_only_draw_1,1,0.0001,17,0,e_vil_test1000,mean_bidirectional_r1,0.7713
count_only_draw_1__lr_0.0001__seed_17__epoch_00,count_only,count_only_draw_1,1,0.0001,17,0,sugarcrepe,positive1_accuracy,0.8121421914525363
count_only_draw_1__lr_0.0001__seed_17__epoch_00,count_only,count_only_draw_1,1,0.0001,17,0,sugarcrepe,accuracy,0.8121421914525363
count_only_draw_1__lr_0.0001__seed_17__epoch_00,count_only,count_only_draw_1,1,0.0001,17,0,sugarcrepe_pp,positive1_accuracy,0.7946184570107211
count_only_draw_1__lr_0.0001__seed_17__epoch_00,count_only,count_only_draw_1,1,0.0001,17,0,sugarcrepe_pp,positive2_accuracy,0.7500525541307547
count_only_draw_1__lr_0.0001__seed_17__epoch_00,count_only,count_only_draw_1,1,0.0001,17,0,sugarcrepe_pp,both_accuracy,0.6895101955013664
count_only_draw_1__lr_0.0001__seed_17__epoch_00,count_only,count_only_draw_1,1,0.0001,17,0,sugarcrepe_pp,accuracy,0.6895101955013664
count_only_draw_1__lr_0.0001__seed_17__epoch_00,count_only,count_only_draw_1,1,0.0001,17,0,visual_entailment,accuracy,0.7947273164639607
count_only_draw_1__lr_0.0001__seed_17__epoch_01,count_only,count_only_draw_1,1,0.0001,17,1,e_vil_test1000,i2t.r1,0.79
count_only_draw_1__lr_0.0001__seed_17__epoch_01,count_only,count_only_draw_1,1,0.0001,17,1,e_vil_test1000,i2t.r5,0.949
count_only_draw_1__lr_0.0001__seed_17__epoch_01,count_only,count_only_draw_1,1,0.0001,17,1,e_vil_test1000,i2t.r10,0.974
count_only_draw_1__lr_0.0001__seed_17__epoch_01,count_only,count_only_draw_1,1,0.0001,17,1,e_vil_test1000,i2t.mean_rank,2.105
count_only_draw_1__lr_0.0001__seed_17__epoch_01,count_only,count_only_draw_1,1,0.0001,17,1,e_vil_test1000,i2t.median_rank,1.0
count_only_draw_1__lr_0.0001__seed_17__epoch_01,count_only,count_only_draw_1,1,0.0001,17,1,e_vil_test1000,t2i.r1,0.6996
count_only_draw_1__lr_0.0001__seed_17__epoch_01,count_only,count_only_draw_1,1,0.0001,17,1,e_vil_test1000,t2i.r5,0.9054
count_only_draw_1__lr_0.0001__seed_17__epoch_01,count_only,count_only_draw_1,1,0.0001,17,1,e_vil_test1000,t2i.r10,0.944
count_only_draw_1__lr_0.0001__seed_17__epoch_01,count_only,count_only_draw_1,1,0.0001,17,1,e_vil_test1000,t2i.mean_rank,4.381
count_only_draw_1__lr_0.0001__seed_17__epoch_01,count_only,count_only_draw_1,1,0.0001,17,1,e_vil_test1000,t2i.median_rank,1.0
count_only_draw_1__lr_0.0001__seed_17__epoch_01,count_only,count_only_draw_1,1,0.0001,17,1,e_vil_test1000,mean_bidirectional_r1,0.7448
count_only_draw_1__lr_0.0001__seed_17__epoch_01,count_only,count_only_draw_1,1,0.0001,17,1,sugarcrepe,positive1_accuracy,0.8466249500732259
count_only_draw_1__lr_0.0001__seed_17__epoch_01,count_only,count_only_draw_1,1,0.0001,17,1,sugarcrepe,accuracy,0.8466249500732259
count_only_draw_1__lr_0.0001__seed_17__epoch_01,count_only,count_only_draw_1,1,0.0001,17,1,sugarcrepe_pp,positive1_accuracy,0.8074416649148624
count_only_draw_1__lr_0.0001__seed_17__epoch_01,count_only,count_only_draw_1,1,0.0001,17,1,sugarcrepe_pp,positive2_accuracy,0.7553079672062224
count_only_draw_1__lr_0.0001__seed_17__epoch_01,count_only,count_only_draw_1,1,0.0001,17,1,sugarcrepe_pp,both_accuracy,0.6985495059911709
count_only_draw_1__lr_0.0001__seed_17__epoch_01,count_only,count_only_draw_1,1,0.0001,17,1,sugarcrepe_pp,accuracy,0.6985495059911709
count_only_draw_1__lr_0.0001__seed_17__epoch_01,count_only,count_only_draw_1,1,0.0001,17,1,visual_entailment,accuracy,0.8381019500126932
count_only_draw_1__lr_0.0001__seed_17__epoch_05,count_only,count_only_draw_1,1,0.0001,17,5,e_vil_test1000,i2t.r1,0.789
count_only_draw_1__lr_0.0001__seed_17__epoch_05,count_only,count_only_draw_1,1,0.0001,17,5,e_vil_test1000,i2t.r5,0.943
count_only_draw_1__lr_0.0001__seed_17__epoch_05,count_only,count_only_draw_1,1,0.0001,17,5,e_vil_test1000,i2t.r10,0.966
count_only_draw_1__lr_0.0001__seed_17__epoch_05,count_only,count_only_draw_1,1,0.0001,17,5,e_vil_test1000,i2t.mean_rank,2.306
count_only_draw_1__lr_0.0001__seed_17__epoch_05,count_only,count_only_draw_1,1,0.0001,17,5,e_vil_test1000,i2t.median_rank,1.0
count_only_draw_1__lr_0.0001__seed_17__epoch_05,count_only,count_only_draw_1,1,0.0001,17,5,e_vil_test1000,t2i.r1,0.6674
count_only_draw_1__lr_0.0001__seed_17__epoch_05,count_only,count_only_draw_1,1,0.0001,17,5,e_vil_test1000,t2i.r5,0.8874
count_only_draw_1__lr_0.0001__seed_17__epoch_05,count_only,count_only_draw_1,1,0.0001,17,5,e_vil_test1000,t2i.r10,0.9314
count_only_draw_1__lr_0.0001__seed_17__epoch_05,count_only,count_only_draw_1,1,0.0001,17,5,e_vil_test1000,t2i.mean_rank,5.2624
count_only_draw_1__lr_0.0001__seed_17__epoch_05,count_only,count_only_draw_1,1,0.0001,17,5,e_vil_test1000,t2i.median_rank,1.0
count_only_draw_1__lr_0.0001__seed_17__epoch_05,count_only,count_only_draw_1,1,0.0001,17,5,e_vil_test1000,mean_bidirectional_r1,0.7282
count_only_draw_1__lr_0.0001__seed_17__epoch_05,count_only,count_only_draw_1,1,0.0001,17,5,sugarcrepe,positive1_accuracy,0.835441352682732
count_only_draw_1__lr_0.0001__seed_17__epoch_05,count_only,count_only_draw_1,1,0.0001,17,5,sugarcrepe,accuracy,0.835441352682732
count_only_draw_1__lr_0.0001__seed_17__epoch_05,count_only,count_only_draw_1,1,0.0001,17,5,sugarcrepe_pp,positive1_accuracy,0.8000840866092075
count_only_draw_1__lr_0.0001__seed_17__epoch_05,count_only,count_only_draw_1,1,0.0001,17,5,sugarcrepe_pp,positive2_accuracy,0.708639899096069
count_only_draw_1__lr_0.0001__seed_17__epoch_05,count_only,count_only_draw_1,1,0.0001,17,5,sugarcrepe_pp,both_accuracy,0.6605003153247845
count_only_draw_1__lr_0.0001__seed_17__epoch_05,count_only,count_only_draw_1,1,0.0001,17,5,sugarcrepe_pp,accuracy,0.6605003153247845
count_only_draw_1__lr_0.0001__seed_17__epoch_05,count_only,count_only_draw_1,1,0.0001,17,5,visual_entailment,accuracy,0.8154310096905845
count_only_draw_1__lr_0.0001__seed_17__epoch_10,count_only,count_only_draw_1,1,0.0001,17,10,coco_karpathy,i2t.r1,0.4976
count_only_draw_1__lr_0.0001__seed_17__epoch_10,count_only,count_only_draw_1,1,0.0001,17,10,coco_karpathy,i2t.r5,0.746
count_only_draw_1__lr_0.0001__seed_17__epoch_10,count_only,count_only_draw_1,1,0.0001,17,10,coco_karpathy,i2t.r10,0.8258
count_only_draw_1__lr_0.0001__seed_17__epoch_10,count_only,count_only_draw_1,1,0.0001,17,10,coco_karpathy,i2t.mean_rank,10.104
count_only_draw_1__lr_0.0001__seed_17__epoch_10,count_only,count_only_draw_1,1,0.0001,17,10,coco_karpathy,i2t.median_rank,2.0
count_only_draw_1__lr_0.0001__seed_17__epoch_10,count_only,count_only_draw_1,1,0.0001,17,10,coco_karpathy,t2i.r1,0.35552
count_only_draw_1__lr_0.0001__seed_17__epoch_10,count_only,count_only_draw_1,1,0.0001,17,10,coco_karpathy,t2i.r5,0.61624
count_only_draw_1__lr_0.0001__seed_17__epoch_10,count_only,count_only_draw_1,1,0.0001,17,10,coco_karpathy,t2i.r10,0.72288
count_only_draw_1__lr_0.0001__seed_17__epoch_10,count_only,count_only_draw_1,1,0.0001,17,10,coco_karpathy,t2i.mean_rank,20.7184
count_only_draw_1__lr_0.0001__seed_17__epoch_10,count_only,count_only_draw_1,1,0.0001,17,10,coco_karpathy,t2i.median_rank,3.0
count_only_draw_1__lr_0.0001__seed_17__epoch_10,count_only,count_only_draw_1,1,0.0001,17,10,coco_karpathy,mean_bidirectional_r1,0.42656
count_only_draw_1__lr_0.0001__seed_17__epoch_10,count_only,count_only_draw_1,1,0.0001,17,10,e_vil_test1000,i2t.r1,0.799
count_only_draw_1__lr_0.0001__seed_17__epoch_10,count_only,count_only_draw_1,1,0.0001,17,10,e_vil_test1000,i2t.r5,0.94
count_only_draw_1__lr_0.0001__seed_17__epoch_10,count_only,count_only_draw_1,1,0.0001,17,10,e_vil_test1000,i2t.r10,0.965
count_only_draw_1__lr_0.0001__seed_17__epoch_10,count_only,count_only_draw_1,1,0.0001,17,10,e_vil_test1000,i2t.mean_rank,2.366
count_only_draw_1__lr_0.0001__seed_17__epoch_10,count_only,count_only_draw_1,1,0.0001,17,10,e_vil_test1000,i2t.median_rank,1.0
count_only_draw_1__lr_0.0001__seed_17__epoch_10,count_only,count_only_draw_1,1,0.0001,17,10,e_vil_test1000,t2i.r1,0.6398
count_only_draw_1__lr_0.0001__seed_17__epoch_10,count_only,count_only_draw_1,1,0.0001,17,10,e_vil_test1000,t2i.r5,0.8734
count_only_draw_1__lr_0.0001__seed_17__epoch_10,count_only,count_only_draw_1,1,0.0001,17,10,e_vil_test1000,t2i.r10,0.9202
count_only_draw_1__lr_0.0001__seed_17__epoch_10,count_only,count_only_draw_1,1,0.0001,17,10,e_vil_test1000,t2i.mean_rank,5.8792
count_only_draw_1__lr_0.0001__seed_17__epoch_10,count_only,count_only_draw_1,1,0.0001,17,10,e_vil_test1000,t2i.median_rank,1.0
count_only_draw_1__lr_0.0001__seed_17__epoch_10,count_only,count_only_draw_1,1,0.0001,17,10,e_vil_test1000,mean_bidirectional_r1,0.7194
count_only_draw_1__lr_0.0001__seed_17__epoch_10,count_only,count_only_draw_1,1,0.0001,17,10,sugarcrepe,positive1_accuracy,0.8289175875382772
count_only_draw_1__lr_0.0001__seed_17__epoch_10,count_only,count_only_draw_1,1,0.0001,17,10,sugarcrepe,accuracy,0.8289175875382772
count_only_draw_1__lr_0.0001__seed_17__epoch_10,count_only,count_only_draw_1,1,0.0001,17,10,sugarcrepe_pp,positive1_accuracy,0.7973512718099642
count_only_draw_1__lr_0.0001__seed_17__epoch_10,count_only,count_only_draw_1,1,0.0001,17,10,sugarcrepe_pp,positive2_accuracy,0.7023334034055077
count_only_draw_1__lr_0.0001__seed_17__epoch_10,count_only,count_only_draw_1,1,0.0001,17,10,sugarcrepe_pp,both_accuracy,0.6491486230817742
count_only_draw_1__lr_0.0001__seed_17__epoch_10,count_only,count_only_draw_1,1,0.0001,17,10,sugarcrepe_pp,accuracy,0.6491486230817742
count_only_draw_1__lr_0.0001__seed_17__epoch_10,count_only,count_only_draw_1,1,0.0001,17,10,visual_entailment,accuracy,0.7889964799442559
count_only_draw_1__lr_0.0001__seed_29__epoch_00,count_only,count_only_draw_1,1,0.0001,29,0,coco_karpathy,i2t.r1,0.5632
count_only_draw_1__lr_0.0001__seed_29__epoch_00,count_only,count_only_draw_1,1,0.0001,29,0,coco_karpathy,i2t.r5,0.7982
count_only_draw_1__lr_0.0001__seed_29__epoch_00,count_only,count_only_draw_1,1,0.0001,29,0,coco_karpathy,i2t.r10,0.8712
count_only_draw_1__lr_0.0001__seed_29__epoch_00,count_only,count_only_draw_1,1,0.0001,29,0,coco_karpathy,i2t.mean_rank,6.9402
count_only_draw_1__lr_0.0001__seed_29__epoch_00,count_only,count_only_draw_1,1,0.0001,29,0,coco_karpathy,i2t.median_rank,1.0
count_only_draw_1__lr_0.0001__seed_29__epoch_00,count_only,count_only_draw_1,1,0.0001,29,0,coco_karpathy,t2i.r1,0.39348
count_only_draw_1__lr_0.0001__seed_29__epoch_00,count_only,count_only_draw_1,1,0.0001,29,0,coco_karpathy,t2i.r5,0.65404
count_only_draw_1__lr_0.0001__seed_29__epoch_00,count_only,count_only_draw_1,1,0.0001,29,0,coco_karpathy,t2i.r10,0.7562
count_only_draw_1__lr_0.0001__seed_29__epoch_00,count_only,count_only_draw_1,1,0.0001,29,0,coco_karpathy,t2i.mean_rank,17.9344
count_only_draw_1__lr_0.0001__seed_29__epoch_00,count_only,count_only_draw_1,1,0.0001,29,0,coco_karpathy,t2i.median_rank,2.0
count_only_draw_1__lr_0.0001__seed_29__epoch_00,count_only,count_only_draw_1,1,0.0001,29,0,coco_karpathy,mean_bidirectional_r1,0.47834
count_only_draw_1__lr_0.0001__seed_29__epoch_00,count_only,count_only_draw_1,1,0.0001,29,0,e_vil_test1000,i2t.r1,0.845
count_only_draw_1__lr_0.0001__seed_29__epoch_00,count_only,count_only_draw_1,1,0.0001,29,0,e_vil_test1000,i2t.r5,0.96
count_only_draw_1__lr_0.0001__seed_29__epoch_00,count_only,count_only_draw_1,1,0.0001,29,0,e_vil_test1000,i2t.r10,0.985
count_only_draw_1__lr_0.0001__seed_29__epoch_00,count_only,count_only_draw_1,1,0.0001,29,0,e_vil_test1000,i2t.mean_rank,1.743
count_only_draw_1__lr_0.0001__seed_29__epoch_00,count_only,count_only_draw_1,1,0.0001,29,0,e_vil_test1000,i2t.median_rank,1.0
count_only_draw_1__lr_0.0001__seed_29__epoch_00,count_only,count_only_draw_1,1,0.0001,29,0,e_vil_test1000,t2i.r1,0.6976
count_only_draw_1__lr_0.0001__seed_29__epoch_00,count_only,count_only_draw_1,1,0.0001,29,0,e_vil_test1000,t2i.r5,0.8968
count_only_draw_1__lr_0.0001__seed_29__epoch_00,count_only,count_only_draw_1,1,0.0001,29,0,e_vil_test1000,t2i.r10,0.9376
count_only_draw_1__lr_0.0001__seed_29__epoch_00,count_only,count_only_draw_1,1,0.0001,29,0,e_vil_test1000,t2i.mean_rank,4.6174
count_only_draw_1__lr_0.0001__seed_29__epoch_00,count_only,count_only_draw_1,1,0.0001,29,0,e_vil_test1000,t2i.median_rank,1.0
count_only_draw_1__lr_0.0001__seed_29__epoch_00,count_only,count_only_draw_1,1,0.0001,29,0,e_vil_test1000,mean_bidirectional_r1,0.7713
count_only_draw_1__lr_0.0001__seed_29__epoch_00,count_only,count_only_draw_1,1,0.0001,29,0,sugarcrepe,positive1_accuracy,0.8121421914525363
count_only_draw_1__lr_0.0001__seed_29__epoch_00,count_only,count_only_draw_1,1,0.0001,29,0,sugarcrepe,accuracy,0.8121421914525363
count_only_draw_1__lr_0.0001__seed_29__epoch_00,count_only,count_only_draw_1,1,0.0001,29,0,sugarcrepe_pp,positive1_accuracy,0.7946184570107211
count_only_draw_1__lr_0.0001__seed_29__epoch_00,count_only,count_only_draw_1,1,0.0001,29,0,sugarcrepe_pp,positive2_accuracy,0.7500525541307547
count_only_draw_1__lr_0.0001__seed_29__epoch_00,count_only,count_only_draw_1,1,0.0001,29,0,sugarcrepe_pp,both_accuracy,0.6895101955013664
count_only_draw_1__lr_0.0001__seed_29__epoch_00,count_only,count_only_draw_1,1,0.0001,29,0,sugarcrepe_pp,accuracy,0.6895101955013664
count_only_draw_1__lr_0.0001__seed_29__epoch_00,count_only,count_only_draw_1,1,0.0001,29,0,visual_entailment,accuracy,0.7947273164639607
count_only_draw_1__lr_0.0001__seed_29__epoch_01,count_only,count_only_draw_1,1,0.0001,29,1,e_vil_test1000,i2t.r1,0.801
count_only_draw_1__lr_0.0001__seed_29__epoch_01,count_only,count_only_draw_1,1,0.0001,29,1,e_vil_test1000,i2t.r5,0.95
count_only_draw_1__lr_0.0001__seed_29__epoch_01,count_only,count_only_draw_1,1,0.0001,29,1,e_vil_test1000,i2t.r10,0.975
count_only_draw_1__lr_0.0001__seed_29__epoch_01,count_only,count_only_draw_1,1,0.0001,29,1,e_vil_test1000,i2t.mean_rank,2.049
count_only_draw_1__lr_0.0001__seed_29__epoch_01,count_only,count_only_draw_1,1,0.0001,29,1,e_vil_test1000,i2t.median_rank,1.0
count_only_draw_1__lr_0.0001__seed_29__epoch_01,count_only,count_only_draw_1,1,0.0001,29,1,e_vil_test1000,t2i.r1,0.7014
count_only_draw_1__lr_0.0001__seed_29__epoch_01,count_only,count_only_draw_1,1,0.0001,29,1,e_vil_test1000,t2i.r5,0.9072
count_only_draw_1__lr_0.0001__seed_29__epoch_01,count_only,count_only_draw_1,1,0.0001,29,1,e_vil_test1000,t2i.r10,0.9458
count_only_draw_1__lr_0.0001__seed_29__epoch_01,count_only,count_only_draw_1,1,0.0001,29,1,e_vil_test1000,t2i.mean_rank,4.3934
count_only_draw_1__lr_0.0001__seed_29__epoch_01,count_only,count_only_draw_1,1,0.0001,29,1,e_vil_test1000,t2i.median_rank,1.0
count_only_draw_1__lr_0.0001__seed_29__epoch_01,count_only,count_only_draw_1,1,0.0001,29,1,e_vil_test1000,mean_bidirectional_r1,0.7512000000000001
count_only_draw_1__lr_0.0001__seed_29__epoch_01,count_only,count_only_draw_1,1,0.0001,29,1,sugarcrepe,positive1_accuracy,0.8447610171748102
count_only_draw_1__lr_0.0001__seed_29__epoch_01,count_only,count_only_draw_1,1,0.0001,29,1,sugarcrepe,accuracy,0.8447610171748102
count_only_draw_1__lr_0.0001__seed_29__epoch_01,count_only,count_only_draw_1,1,0.0001,29,1,sugarcrepe_pp,positive1_accuracy,0.8084927475299558
count_only_draw_1__lr_0.0001__seed_29__epoch_01,count_only,count_only_draw_1,1,0.0001,29,1,sugarcrepe_pp,positive2_accuracy,0.7557284002522598
count_only_draw_1__lr_0.0001__seed_29__epoch_01,count_only,count_only_draw_1,1,0.0001,29,1,sugarcrepe_pp,both_accuracy,0.697708639899096
count_only_draw_1__lr_0.0001__seed_29__epoch_01,count_only,count_only_draw_1,1,0.0001,29,1,sugarcrepe_pp,accuracy,0.697708639899096
count_only_draw_1__lr_0.0001__seed_29__epoch_01,count_only,count_only_draw_1,1,0.0001,29,1,visual_entailment,accuracy,0.8367649813137775
count_only_draw_1__lr_0.0001__seed_29__epoch_05,count_only,count_only_draw_1,1,0.0001,29,5,e_vil_test1000,i2t.r1,0.796
count_only_draw_1__lr_0.0001__seed_29__epoch_05,count_only,count_only_draw_1,1,0.0001,29,5,e_vil_test1000,i2t.r5,0.944
count_only_draw_1__lr_0.0001__seed_29__epoch_05,count_only,count_only_draw_1,1,0.0001,29,5,e_vil_test1000,i2t.r10,0.97
count_only_draw_1__lr_0.0001__seed_29__epoch_05,count_only,count_only_draw_1,1,0.0001,29,5,e_vil_test1000,i2t.mean_rank,2.304
count_only_draw_1__lr_0.0001__seed_29__epoch_05,count_only,count_only_draw_1,1,0.0001,29,5,e_vil_test1000,i2t.median_rank,1.0
count_only_draw_1__lr_0.0001__seed_29__epoch_05,count_only,count_only_draw_1,1,0.0001,29,5,e_vil_test1000,t2i.r1,0.665
count_only_draw_1__lr_0.0001__seed_29__epoch_05,count_only,count_only_draw_1,1,0.0001,29,5,e_vil_test1000,t2i.r5,0.8892
count_only_draw_1__lr_0.0001__seed_29__epoch_05,count_only,count_only_draw_1,1,0.0001,29,5,e_vil_test1000,t2i.r10,0.9308
count_only_draw_1__lr_0.0001__seed_29__epoch_05,count_only,count_only_draw_1,1,0.0001,29,5,e_vil_test1000,t2i.mean_rank,5.1596
count_only_draw_1__lr_0.0001__seed_29__epoch_05,count_only,count_only_draw_1,1,0.0001,29,5,e_vil_test1000,t2i.median_rank,1.0
count_only_draw_1__lr_0.0001__seed_29__epoch_05,count_only,count_only_draw_1,1,0.0001,29,5,e_vil_test1000,mean_bidirectional_r1,0.7305
count_only_draw_1__lr_0.0001__seed_29__epoch_05,count_only,count_only_draw_1,1,0.0001,29,5,sugarcrepe,positive1_accuracy,0.8335774197843163
count_only_draw_1__lr_0.0001__seed_29__epoch_05,count_only,count_only_draw_1,1,0.0001,29,5,sugarcrepe,accuracy,0.8335774197843163
count_only_draw_1__lr_0.0001__seed_29__epoch_05,count_only,count_only_draw_1,1,0.0001,29,5,sugarcrepe_pp,positive1_accuracy,0.7988227874710953
count_only_draw_1__lr_0.0001__seed_29__epoch_05,count_only,count_only_draw_1,1,0.0001,29,5,sugarcrepe_pp,positive2_accuracy,0.7183098591549296
count_only_draw_1__lr_0.0001__seed_29__epoch_05,count_only,count_only_draw_1,1,0.0001,29,5,sugarcrepe_pp,both_accuracy,0.6668068110153458
count_only_draw_1__lr_0.0001__seed_29__epoch_05,count_only,count_only_draw_1,1,0.0001,29,5,sugarcrepe_pp,accuracy,0.6668068110153458
count_only_draw_1__lr_0.0001__seed_29__epoch_05,count_only,count_only_draw_1,1,0.0001,29,5,visual_entailment,accuracy,0.8121617070891781
count_only_draw_1__lr_0.0001__seed_29__epoch_10,count_only,count_only_draw_1,1,0.0001,29,10,coco_karpathy,i2t.r1,0.4982
count_only_draw_1__lr_0.0001__seed_29__epoch_10,count_only,count_only_draw_1,1,0.0001,29,10,coco_karpathy,i2t.r5,0.7442
count_only_draw_1__lr_0.0001__seed_29__epoch_10,count_only,count_only_draw_1,1,0.0001,29,10,coco_karpathy,i2t.r10,0.828
count_only_draw_1__lr_0.0001__seed_29__epoch_10,count_only,count_only_draw_1,1,0.0001,29,10,coco_karpathy,i2t.mean_rank,9.8436
count_only_draw_1__lr_0.0001__seed_29__epoch_10,count_only,count_only_draw_1,1,0.0001,29,10,coco_karpathy,i2t.median_rank,2.0
count_only_draw_1__lr_0.0001__seed_29__epoch_10,count_only,count_only_draw_1,1,0.0001,29,10,coco_karpathy,t2i.r1,0.35472
count_only_draw_1__lr_0.0001__seed_29__epoch_10,count_only,count_only_draw_1,1,0.0001,29,10,coco_karpathy,t2i.r5,0.61628
count_only_draw_1__lr_0.0001__seed_29__epoch_10,count_only,count_only_draw_1,1,0.0001,29,10,coco_karpathy,t2i.r10,0.72132
count_only_draw_1__lr_0.0001__seed_29__epoch_10,count_only,count_only_draw_1,1,0.0001,29,10,coco_karpathy,t2i.mean_rank,20.8392
count_only_draw_1__lr_0.0001__seed_29__epoch_10,count_only,count_only_draw_1,1,0.0001,29,10,coco_karpathy,t2i.median_rank,3.0
count_only_draw_1__lr_0.0001__seed_29__epoch_10,count_only,count_only_draw_1,1,0.0001,29,10,coco_karpathy,mean_bidirectional_r1,0.42645999999999995
count_only_draw_1__lr_0.0001__seed_29__epoch_10,count_only,count_only_draw_1,1,0.0001,29,10,e_vil_test1000,i2t.r1,0.783
count_only_draw_1__lr_0.0001__seed_29__epoch_10,count_only,count_only_draw_1,1,0.0001,29,10,e_vil_test1000,i2t.r5,0.943
count_only_draw_1__lr_0.0001__seed_29__epoch_10,count_only,count_only_draw_1,1,0.0001,29,10,e_vil_test1000,i2t.r10,0.964
count_only_draw_1__lr_0.0001__seed_29__epoch_10,count_only,count_only_draw_1,1,0.0001,29,10,e_vil_test1000,i2t.mean_rank,2.437
count_only_draw_1__lr_0.0001__seed_29__epoch_10,count_only,count_only_draw_1,1,0.0001,29,10,e_vil_test1000,i2t.median_rank,1.0
count_only_draw_1__lr_0.0001__seed_29__epoch_10,count_only,count_only_draw_1,1,0.0001,29,10,e_vil_test1000,t2i.r1,0.6452
count_only_draw_1__lr_0.0001__seed_29__epoch_10,count_only,count_only_draw_1,1,0.0001,29,10,e_vil_test1000,t2i.r5,0.8712
count_only_draw_1__lr_0.0001__seed_29__epoch_10,count_only,count_only_draw_1,1,0.0001,29,10,e_vil_test1000,t2i.r10,0.9222
count_only_draw_1__lr_0.0001__seed_29__epoch_10,count_only,count_only_draw_1,1,0.0001,29,10,e_vil_test1000,t2i.mean_rank,5.8266
count_only_draw_1__lr_0.0001__seed_29__epoch_10,count_only,count_only_draw_1,1,0.0001,29,10,e_vil_test1000,t2i.median_rank,1.0
count_only_draw_1__lr_0.0001__seed_29__epoch_10,count_only,count_only_draw_1,1,0.0001,29,10,e_vil_test1000,mean_bidirectional_r1,0.7141
count_only_draw_1__lr_0.0001__seed_29__epoch_10,count_only,count_only_draw_1,1,0.0001,29,10,sugarcrepe,positive1_accuracy,0.8275862068965517
count_only_draw_1__lr_0.0001__seed_29__epoch_10,count_only,count_only_draw_1,1,0.0001,29,10,sugarcrepe,accuracy,0.8275862068965517
count_only_draw_1__lr_0.0001__seed_29__epoch_10,count_only,count_only_draw_1,1,0.0001,29,10,sugarcrepe_pp,positive1_accuracy,0.7990330039941139
count_only_draw_1__lr_0.0001__seed_29__epoch_10,count_only,count_only_draw_1,1,0.0001,29,10,sugarcrepe_pp,positive2_accuracy,0.7084296825730503
count_only_draw_1__lr_0.0001__seed_29__epoch_10,count_only,count_only_draw_1,1,0.0001,29,10,sugarcrepe_pp,both_accuracy,0.6565062013874291
count_only_draw_1__lr_0.0001__seed_29__epoch_10,count_only,count_only_draw_1,1,0.0001,29,10,sugarcrepe_pp,accuracy,0.6565062013874291
count_only_draw_1__lr_0.0001__seed_29__epoch_10,count_only,count_only_draw_1,1,0.0001,29,10,visual_entailment,accuracy,0.79066408295528
count_only_draw_1__lr_0.0001__seed_43__epoch_00,count_only,count_only_draw_1,1,0.0001,43,0,coco_karpathy,i2t.r1,0.5632
count_only_draw_1__lr_0.0001__seed_43__epoch_00,count_only,count_only_draw_1,1,0.0001,43,0,coco_karpathy,i2t.r5,0.7982
count_only_draw_1__lr_0.0001__seed_43__epoch_00,count_only,count_only_draw_1,1,0.0001,43,0,coco_karpathy,i2t.r10,0.8712
count_only_draw_1__lr_0.0001__seed_43__epoch_00,count_only,count_only_draw_1,1,0.0001,43,0,coco_karpathy,i2t.mean_rank,6.9402
count_only_draw_1__lr_0.0001__seed_43__epoch_00,count_only,count_only_draw_1,1,0.0001,43,0,coco_karpathy,i2t.median_rank,1.0
count_only_draw_1__lr_0.0001__seed_43__epoch_00,count_only,count_only_draw_1,1,0.0001,43,0,coco_karpathy,t2i.r1,0.39348
count_only_draw_1__lr_0.0001__seed_43__epoch_00,count_only,count_only_draw_1,1,0.0001,43,0,coco_karpathy,t2i.r5,0.65404
count_only_draw_1__lr_0.0001__seed_43__epoch_00,count_only,count_only_draw_1,1,0.0001,43,0,coco_karpathy,t2i.r10,0.7562
count_only_draw_1__lr_0.0001__seed_43__epoch_00,count_only,count_only_draw_1,1,0.0001,43,0,coco_karpathy,t2i.mean_rank,17.9344
count_only_draw_1__lr_0.0001__seed_43__epoch_00,count_only,count_only_draw_1,1,0.0001,43,0,coco_karpathy,t2i.median_rank,2.0
count_only_draw_1__lr_0.0001__seed_43__epoch_00,count_only,count_only_draw_1,1,0.0001,43,0,coco_karpathy,mean_bidirectional_r1,0.47834
count_only_draw_1__lr_0.0001__seed_43__epoch_00,count_only,count_only_draw_1,1,0.0001,43,0,e_vil_test1000,i2t.r1,0.845
count_only_draw_1__lr_0.0001__seed_43__epoch_00,count_only,count_only_draw_1,1,0.0001,43,0,e_vil_test1000,i2t.r5,0.96
count_only_draw_1__lr_0.0001__seed_43__epoch_00,count_only,count_only_draw_1,1,0.0001,43,0,e_vil_test1000,i2t.r10,0.985
count_only_draw_1__lr_0.0001__seed_43__epoch_00,count_only,count_only_draw_1,1,0.0001,43,0,e_vil_test1000,i2t.mean_rank,1.743
count_only_draw_1__lr_0.0001__seed_43__epoch_00,count_only,count_only_draw_1,1,0.0001,43,0,e_vil_test1000,i2t.median_rank,1.0
count_only_draw_1__lr_0.0001__seed_43__epoch_00,count_only,count_only_draw_1,1,0.0001,43,0,e_vil_test1000,t2i.r1,0.6976
count_only_draw_1__lr_0.0001__seed_43__epoch_00,count_only,count_only_draw_1,1,0.0001,43,0,e_vil_test1000,t2i.r5,0.8968
count_only_draw_1__lr_0.0001__seed_43__epoch_00,count_only,count_only_draw_1,1,0.0001,43,0,e_vil_test1000,t2i.r10,0.9376
count_only_draw_1__lr_0.0001__seed_43__epoch_00,count_only,count_only_draw_1,1,0.0001,43,0,e_vil_test1000,t2i.mean_rank,4.6174
count_only_draw_1__lr_0.0001__seed_43__epoch_00,count_only,count_only_draw_1,1,0.0001,43,0,e_vil_test1000,t2i.median_rank,1.0
count_only_draw_1__lr_0.0001__seed_43__epoch_00,count_only,count_only_draw_1,1,0.0001,43,0,e_vil_test1000,mean_bidirectional_r1,0.7713
count_only_draw_1__lr_0.0001__seed_43__epoch_00,count_only,count_only_draw_1,1,0.0001,43,0,sugarcrepe,positive1_accuracy,0.8121421914525363
count_only_draw_1__lr_0.0001__seed_43__epoch_00,count_only,count_only_draw_1,1,0.0001,43,0,sugarcrepe,accuracy,0.8121421914525363
count_only_draw_1__lr_0.0001__seed_43__epoch_00,count_only,count_only_draw_1,1,0.0001,43,0,sugarcrepe_pp,positive1_accuracy,0.7946184570107211
count_only_draw_1__lr_0.0001__seed_43__epoch_00,count_only,count_only_draw_1,1,0.0001,43,0,sugarcrepe_pp,positive2_accuracy,0.7500525541307547
count_only_draw_1__lr_0.0001__seed_43__epoch_00,count_only,count_only_draw_1,1,0.0001,43,0,sugarcrepe_pp,both_accuracy,0.6895101955013664
count_only_draw_1__lr_0.0001__seed_43__epoch_00,count_only,count_only_draw_1,1,0.0001,43,0,sugarcrepe_pp,accuracy,0.6895101955013664
count_only_draw_1__lr_0.0001__seed_43__epoch_00,count_only,count_only_draw_1,1,0.0001,43,0,visual_entailment,accuracy,0.7947273164639607
count_only_draw_1__lr_0.0001__seed_43__epoch_01,count_only,count_only_draw_1,1,0.0001,43,1,e_vil_test1000,i2t.r1,0.794
count_only_draw_1__lr_0.0001__seed_43__epoch_01,count_only,count_only_draw_1,1,0.0001,43,1,e_vil_test1000,i2t.r5,0.951
count_only_draw_1__lr_0.0001__seed_43__epoch_01,count_only,count_only_draw_1,1,0.0001,43,1,e_vil_test1000,i2t.r10,0.973
count_only_draw_1__lr_0.0001__seed_43__epoch_01,count_only,count_only_draw_1,1,0.0001,43,1,e_vil_test1000,i2t.mean_rank,2.109
count_only_draw_1__lr_0.0001__seed_43__epoch_01,count_only,count_only_draw_1,1,0.0001,43,1,e_vil_test1000,i2t.median_rank,1.0
count_only_draw_1__lr_0.0001__seed_43__epoch_01,count_only,count_only_draw_1,1,0.0001,43,1,e_vil_test1000,t2i.r1,0.6994
count_only_draw_1__lr_0.0001__seed_43__epoch_01,count_only,count_only_draw_1,1,0.0001,43,1,e_vil_test1000,t2i.r5,0.905
count_only_draw_1__lr_0.0001__seed_43__epoch_01,count_only,count_only_draw_1,1,0.0001,43,1,e_vil_test1000,t2i.r10,0.944
count_only_draw_1__lr_0.0001__seed_43__epoch_01,count_only,count_only_draw_1,1,0.0001,43,1,e_vil_test1000,t2i.mean_rank,4.376
count_only_draw_1__lr_0.0001__seed_43__epoch_01,count_only,count_only_draw_1,1,0.0001,43,1,e_vil_test1000,t2i.median_rank,1.0
count_only_draw_1__lr_0.0001__seed_43__epoch_01,count_only,count_only_draw_1,1,0.0001,43,1,e_vil_test1000,mean_bidirectional_r1,0.7467
count_only_draw_1__lr_0.0001__seed_43__epoch_01,count_only,count_only_draw_1,1,0.0001,43,1,sugarcrepe,positive1_accuracy,0.8460923978165358
count_only_draw_1__lr_0.0001__seed_43__epoch_01,count_only,count_only_draw_1,1,0.0001,43,1,sugarcrepe,accuracy,0.8460923978165358
count_only_draw_1__lr_0.0001__seed_43__epoch_01,count_only,count_only_draw_1,1,0.0001,43,1,sugarcrepe_pp,positive1_accuracy,0.8095438301450494
count_only_draw_1__lr_0.0001__seed_43__epoch_01,count_only,count_only_draw_1,1,0.0001,43,1,sugarcrepe_pp,positive2_accuracy,0.7574101324364095
count_only_draw_1__lr_0.0001__seed_43__epoch_01,count_only,count_only_draw_1,1,0.0001,43,1,sugarcrepe_pp,both_accuracy,0.6991801555602271
count_only_draw_1__lr_0.0001__seed_43__epoch_01,count_only,count_only_draw_1,1,0.0001,43,1,sugarcrepe_pp,accuracy,0.6991801555602271
count_only_draw_1__lr_0.0001__seed_43__epoch_01,count_only,count_only_draw_1,1,0.0001,43,1,visual_entailment,accuracy,0.8370049705056113
count_only_draw_1__lr_0.0001__seed_43__epoch_05,count_only,count_only_draw_1,1,0.0001,43,5,e_vil_test1000,i2t.r1,0.788
count_only_draw_1__lr_0.0001__seed_43__epoch_05,count_only,count_only_draw_1,1,0.0001,43,5,e_vil_test1000,i2t.r5,0.946
count_only_draw_1__lr_0.0001__seed_43__epoch_05,count_only,count_only_draw_1,1,0.0001,43,5,e_vil_test1000,i2t.r10,0.969
count_only_draw_1__lr_0.0001__seed_43__epoch_05,count_only,count_only_draw_1,1,0.0001,43,5,e_vil_test1000,i2t.mean_rank,2.296
count_only_draw_1__lr_0.0001__seed_43__epoch_05,count_only,count_only_draw_1,1,0.0001,43,5,e_vil_test1000,i2t.median_rank,1.0
count_only_draw_1__lr_0.0001__seed_43__epoch_05,count_only,count_only_draw_1,1,0.0001,43,5,e_vil_test1000,t2i.r1,0.6622
count_only_draw_1__lr_0.0001__seed_43__epoch_05,count_only,count_only_draw_1,1,0.0001,43,5,e_vil_test1000,t2i.r5,0.8886
count_only_draw_1__lr_0.0001__seed_43__epoch_05,count_only,count_only_draw_1,1,0.0001,43,5,e_vil_test1000,t2i.r10,0.932
count_only_draw_1__lr_0.0001__seed_43__epoch_05,count_only,count_only_draw_1,1,0.0001,43,5,e_vil_test1000,t2i.mean_rank,5.2128
count_only_draw_1__lr_0.0001__seed_43__epoch_05,count_only,count_only_draw_1,1,0.0001,43,5,e_vil_test1000,t2i.median_rank,1.0
count_only_draw_1__lr_0.0001__seed_43__epoch_05,count_only,count_only_draw_1,1,0.0001,43,5,e_vil_test1000,mean_bidirectional_r1,0.7251000000000001
count_only_draw_1__lr_0.0001__seed_43__epoch_05,count_only,count_only_draw_1,1,0.0001,43,5,sugarcrepe,positive1_accuracy,0.8347756623618693
count_only_draw_1__lr_0.0001__seed_43__epoch_05,count_only,count_only_draw_1,1,0.0001,43,5,sugarcrepe,accuracy,0.8347756623618693
count_only_draw_1__lr_0.0001__seed_43__epoch_05,count_only,count_only_draw_1,1,0.0001,43,5,sugarcrepe_pp,positive1_accuracy,0.8011351692243011
count_only_draw_1__lr_0.0001__seed_43__epoch_05,count_only,count_only_draw_1,1,0.0001,43,5,sugarcrepe_pp,positive2_accuracy,0.7128442295564431
count_only_draw_1__lr_0.0001__seed_43__epoch_05,count_only,count_only_draw_1,1,0.0001,43,5,sugarcrepe_pp,both_accuracy,0.6630229136010091
count_only_draw_1__lr_0.0001__seed_43__epoch_05,count_only,count_only_draw_1,1,0.0001,43,5,sugarcrepe_pp,accuracy,0.6630229136010091
count_only_draw_1__lr_0.0001__seed_43__epoch_05,count_only,count_only_draw_1,1,0.0001,43,5,visual_entailment,accuracy,0.8133182639012918
count_only_draw_1__lr_0.0001__seed_43__epoch_10,count_only,count_only_draw_1,1,0.0001,43,10,coco_karpathy,i2t.r1,0.5012
count_only_draw_1__lr_0.0001__seed_43__epoch_10,count_only,count_only_draw_1,1,0.0001,43,10,coco_karpathy,i2t.r5,0.7438
count_only_draw_1__lr_0.0001__seed_43__epoch_10,count_only,count_only_draw_1,1,0.0001,43,10,coco_karpathy,i2t.r10,0.8296
count_only_draw_1__lr_0.0001__seed_43__epoch_10,count_only,count_only_draw_1,1,0.0001,43,10,coco_karpathy,i2t.mean_rank,10.1414
count_only_draw_1__lr_0.0001__seed_43__epoch_10,count_only,count_only_draw_1,1,0.0001,43,10,coco_karpathy,i2t.median_rank,1.0
count_only_draw_1__lr_0.0001__seed_43__epoch_10,count_only,count_only_draw_1,1,0.0001,43,10,coco_karpathy,t2i.r1,0.35484
count_only_draw_1__lr_0.0001__seed_43__epoch_10,count_only,count_only_draw_1,1,0.0001,43,10,coco_karpathy,t2i.r5,0.61616
count_only_draw_1__lr_0.0001__seed_43__epoch_10,count_only,count_only_draw_1,1,0.0001,43,10,coco_karpathy,t2i.r10,0.72276
count_only_draw_1__lr_0.0001__seed_43__epoch_10,count_only,count_only_draw_1,1,0.0001,43,10,coco_karpathy,t2i.mean_rank,20.74952
count_only_draw_1__lr_0.0001__seed_43__epoch_10,count_only,count_only_draw_1,1,0.0001,43,10,coco_karpathy,t2i.median_rank,3.0
count_only_draw_1__lr_0.0001__seed_43__epoch_10,count_only,count_only_draw_1,1,0.0001,43,10,coco_karpathy,mean_bidirectional_r1,0.42801999999999996
count_only_draw_1__lr_0.0001__seed_43__epoch_10,count_only,count_only_draw_1,1,0.0001,43,10,e_vil_test1000,i2t.r1,0.797
count_only_draw_1__lr_0.0001__seed_43__epoch_10,count_only,count_only_draw_1,1,0.0001,43,10,e_vil_test1000,i2t.r5,0.942
count_only_draw_1__lr_0.0001__seed_43__epoch_10,count_only,count_only_draw_1,1,0.0001,43,10,e_vil_test1000,i2t.r10,0.965
count_only_draw_1__lr_0.0001__seed_43__epoch_10,count_only,count_only_draw_1,1,0.0001,43,10,e_vil_test1000,i2t.mean_rank,2.429
count_only_draw_1__lr_0.0001__seed_43__epoch_10,count_only,count_only_draw_1,1,0.0001,43,10,e_vil_test1000,i2t.median_rank,1.0
count_only_draw_1__lr_0.0001__seed_43__epoch_10,count_only,count_only_draw_1,1,0.0001,43,10,e_vil_test1000,t2i.r1,0.6428
count_only_draw_1__lr_0.0001__seed_43__epoch_10,count_only,count_only_draw_1,1,0.0001,43,10,e_vil_test1000,t2i.r5,0.874
count_only_draw_1__lr_0.0001__seed_43__epoch_10,count_only,count_only_draw_1,1,0.0001,43,10,e_vil_test1000,t2i.r10,0.9228
count_only_draw_1__lr_0.0001__seed_43__epoch_10,count_only,count_only_draw_1,1,0.0001,43,10,e_vil_test1000,t2i.mean_rank,5.8452
count_only_draw_1__lr_0.0001__seed_43__epoch_10,count_only,count_only_draw_1,1,0.0001,43,10,e_vil_test1000,t2i.median_rank,1.0
count_only_draw_1__lr_0.0001__seed_43__epoch_10,count_only,count_only_draw_1,1,0.0001,43,10,e_vil_test1000,mean_bidirectional_r1,0.7199
count_only_draw_1__lr_0.0001__seed_43__epoch_10,count_only,count_only_draw_1,1,0.0001,43,10,sugarcrepe,positive1_accuracy,0.8293170017307948
count_only_draw_1__lr_0.0001__seed_43__epoch_10,count_only,count_only_draw_1,1,0.0001,43,10,sugarcrepe,accuracy,0.8293170017307948
count_only_draw_1__lr_0.0001__seed_43__epoch_10,count_only,count_only_draw_1,1,0.0001,43,10,sugarcrepe_pp,positive1_accuracy,0.7963001891948707
count_only_draw_1__lr_0.0001__seed_43__epoch_10,count_only,count_only_draw_1,1,0.0001,43,10,sugarcrepe_pp,positive2_accuracy,0.7052764347277696
count_only_draw_1__lr_0.0001__seed_43__epoch_10,count_only,count_only_draw_1,1,0.0001,43,10,sugarcrepe_pp,both_accuracy,0.65146100483498
count_only_draw_1__lr_0.0001__seed_43__epoch_10,count_only,count_only_draw_1,1,0.0001,43,10,sugarcrepe_pp,accuracy,0.65146100483498
count_only_draw_1__lr_0.0001__seed_43__epoch_10,count_only,count_only_draw_1,1,0.0001,43,10,visual_entailment,accuracy,0.7919682008216276
count_only_draw_1__lr_0.0003__seed_17__epoch_01,count_only,count_only_draw_1,1,0.0003,17,1,e_vil_test1000,i2t.r1,0.767
count_only_draw_1__lr_0.0003__seed_17__epoch_01,count_only,count_only_draw_1,1,0.0003,17,1,e_vil_test1000,i2t.r5,0.944
count_only_draw_1__lr_0.0003__seed_17__epoch_01,count_only,count_only_draw_1,1,0.0003,17,1,e_vil_test1000,i2t.r10,0.971
count_only_draw_1__lr_0.0003__seed_17__epoch_01,count_only,count_only_draw_1,1,0.0003,17,1,e_vil_test1000,i2t.mean_rank,2.401
count_only_draw_1__lr_0.0003__seed_17__epoch_01,count_only,count_only_draw_1,1,0.0003,17,1,e_vil_test1000,i2t.median_rank,1.0
count_only_draw_1__lr_0.0003__seed_17__epoch_01,count_only,count_only_draw_1,1,0.0003,17,1,e_vil_test1000,t2i.r1,0.659
count_only_draw_1__lr_0.0003__seed_17__epoch_01,count_only,count_only_draw_1,1,0.0003,17,1,e_vil_test1000,t2i.r5,0.8866
count_only_draw_1__lr_0.0003__seed_17__epoch_01,count_only,count_only_draw_1,1,0.0003,17,1,e_vil_test1000,t2i.r10,0.9336
count_only_draw_1__lr_0.0003__seed_17__epoch_01,count_only,count_only_draw_1,1,0.0003,17,1,e_vil_test1000,t2i.mean_rank,5.0668
count_only_draw_1__lr_0.0003__seed_17__epoch_01,count_only,count_only_draw_1,1,0.0003,17,1,e_vil_test1000,t2i.median_rank,1.0
count_only_draw_1__lr_0.0003__seed_17__epoch_01,count_only,count_only_draw_1,1,0.0003,17,1,e_vil_test1000,mean_bidirectional_r1,0.7130000000000001
count_only_draw_1__lr_0.0003__seed_17__epoch_01,count_only,count_only_draw_1,1,0.0003,17,1,sugarcrepe,positive1_accuracy,0.8350419384902144
count_only_draw_1__lr_0.0003__seed_17__epoch_01,count_only,count_only_draw_1,1,0.0003,17,1,sugarcrepe,accuracy,0.8350419384902144
count_only_draw_1__lr_0.0003__seed_17__epoch_01,count_only,count_only_draw_1,1,0.0003,17,1,sugarcrepe_pp,positive1_accuracy,0.7910447761194029
count_only_draw_1__lr_0.0003__seed_17__epoch_01,count_only,count_only_draw_1,1,0.0003,17,1,sugarcrepe_pp,positive2_accuracy,0.7231448391843599
count_only_draw_1__lr_0.0003__seed_17__epoch_01,count_only,count_only_draw_1,1,0.0003,17,1,sugarcrepe_pp,both_accuracy,0.6686987597225141
count_only_draw_1__lr_0.0003__seed_17__epoch_01,count_only,count_only_draw_1,1,0.0003,17,1,sugarcrepe_pp,accuracy,0.6686987597225141
count_only_draw_1__lr_0.0003__seed_17__epoch_01,count_only,count_only_draw_1,1,0.0003,17,1,visual_entailment,accuracy,0.8207132213481708
count_only_draw_1__lr_0.0003__seed_17__epoch_05,count_only,count_only_draw_1,1,0.0003,17,5,e_vil_test1000,i2t.r1,0.786
count_only_draw_1__lr_0.0003__seed_17__epoch_05,count_only,count_only_draw_1,1,0.0003,17,5,e_vil_test1000,i2t.r5,0.931
count_only_draw_1__lr_0.0003__seed_17__epoch_05,count_only,count_only_draw_1,1,0.0003,17,5,e_vil_test1000,i2t.r10,0.959
count_only_draw_1__lr_0.0003__seed_17__epoch_05,count_only,count_only_draw_1,1,0.0003,17,5,e_vil_test1000,i2t.mean_rank,2.743
count_only_draw_1__lr_0.0003__seed_17__epoch_05,count_only,count_only_draw_1,1,0.0003,17,5,e_vil_test1000,i2t.median_rank,1.0
count_only_draw_1__lr_0.0003__seed_17__epoch_05,count_only,count_only_draw_1,1,0.0003,17,5,e_vil_test1000,t2i.r1,0.605
count_only_draw_1__lr_0.0003__seed_17__epoch_05,count_only,count_only_draw_1,1,0.0003,17,5,e_vil_test1000,t2i.r5,0.8478
count_only_draw_1__lr_0.0003__seed_17__epoch_05,count_only,count_only_draw_1,1,0.0003,17,5,e_vil_test1000,t2i.r10,0.903
count_only_draw_1__lr_0.0003__seed_17__epoch_05,count_only,count_only_draw_1,1,0.0003,17,5,e_vil_test1000,t2i.mean_rank,6.6212
count_only_draw_1__lr_0.0003__seed_17__epoch_05,count_only,count_only_draw_1,1,0.0003,17,5,e_vil_test1000,t2i.median_rank,1.0
count_only_draw_1__lr_0.0003__seed_17__epoch_05,count_only,count_only_draw_1,1,0.0003,17,5,e_vil_test1000,mean_bidirectional_r1,0.6955
count_only_draw_1__lr_0.0003__seed_17__epoch_05,count_only,count_only_draw_1,1,0.0003,17,5,sugarcrepe,positive1_accuracy,0.8207961656237518
count_only_draw_1__lr_0.0003__seed_17__epoch_05,count_only,count_only_draw_1,1,0.0003,17,5,sugarcrepe,accuracy,0.8207961656237518
count_only_draw_1__lr_0.0003__seed_17__epoch_05,count_only,count_only_draw_1,1,0.0003,17,5,sugarcrepe_pp,positive1_accuracy,0.7946184570107211
count_only_draw_1__lr_0.0003__seed_17__epoch_05,count_only,count_only_draw_1,1,0.0003,17,5,sugarcrepe_pp,positive2_accuracy,0.6865671641791045
count_only_draw_1__lr_0.0003__seed_17__epoch_05,count_only,count_only_draw_1,1,0.0003,17,5,sugarcrepe_pp,both_accuracy,0.6367458482236704
count_only_draw_1__lr_0.0003__seed_17__epoch_05,count_only,count_only_draw_1,1,0.0003,17,5,sugarcrepe_pp,accuracy,0.6367458482236704
count_only_draw_1__lr_0.0003__seed_17__epoch_05,count_only,count_only_draw_1,1,0.0003,17,5,visual_entailment,accuracy,0.7727392964869486
count_only_draw_1__lr_0.0003__seed_17__epoch_10,count_only,count_only_draw_1,1,0.0003,17,10,coco_karpathy,i2t.r1,0.441
count_only_draw_1__lr_0.0003__seed_17__epoch_10,count_only,count_only_draw_1,1,0.0003,17,10,coco_karpathy,i2t.r5,0.6906
count_only_draw_1__lr_0.0003__seed_17__epoch_10,count_only,count_only_draw_1,1,0.0003,17,10,coco_karpathy,i2t.r10,0.789
count_only_draw_1__lr_0.0003__seed_17__epoch_10,count_only,count_only_draw_1,1,0.0003,17,10,coco_karpathy,i2t.mean_rank,14.3254
count_only_draw_1__lr_0.0003__seed_17__epoch_10,count_only,count_only_draw_1,1,0.0003,17,10,coco_karpathy,i2t.median_rank,2.0
count_only_draw_1__lr_0.0003__seed_17__epoch_10,count_only,count_only_draw_1,1,0.0003,17,10,coco_karpathy,t2i.r1,0.30644
count_only_draw_1__lr_0.0003__seed_17__epoch_10,count_only,count_only_draw_1,1,0.0003,17,10,coco_karpathy,t2i.r5,0.55716
count_only_draw_1__lr_0.0003__seed_17__epoch_10,count_only,count_only_draw_1,1,0.0003,17,10,coco_karpathy,t2i.r10,0.66792
count_only_draw_1__lr_0.0003__seed_17__epoch_10,count_only,count_only_draw_1,1,0.0003,17,10,coco_karpathy,t2i.mean_rank,27.64852
count_only_draw_1__lr_0.0003__seed_17__epoch_10,count_only,count_only_draw_1,1,0.0003,17,10,coco_karpathy,t2i.median_rank,4.0
count_only_draw_1__lr_0.0003__seed_17__epoch_10,count_only,count_only_draw_1,1,0.0003,17,10,coco_karpathy,mean_bidirectional_r1,0.37372
count_only_draw_1__lr_0.0003__seed_17__epoch_10,count_only,count_only_draw_1,1,0.0003,17,10,e_vil_test1000,i2t.r1,0.721
count_only_draw_1__lr_0.0003__seed_17__epoch_10,count_only,count_only_draw_1,1,0.0003,17,10,e_vil_test1000,i2t.r5,0.914
count_only_draw_1__lr_0.0003__seed_17__epoch_10,count_only,count_only_draw_1,1,0.0003,17,10,e_vil_test1000,i2t.r10,0.948
count_only_draw_1__lr_0.0003__seed_17__epoch_10,count_only,count_only_draw_1,1,0.0003,17,10,e_vil_test1000,i2t.mean_rank,3.795
count_only_draw_1__lr_0.0003__seed_17__epoch_10,count_only,count_only_draw_1,1,0.0003,17,10,e_vil_test1000,i2t.median_rank,1.0
count_only_draw_1__lr_0.0003__seed_17__epoch_10,count_only,count_only_draw_1,1,0.0003,17,10,e_vil_test1000,t2i.r1,0.5684
count_only_draw_1__lr_0.0003__seed_17__epoch_10,count_only,count_only_draw_1,1,0.0003,17,10,e_vil_test1000,t2i.r5,0.819
count_only_draw_1__lr_0.0003__seed_17__epoch_10,count_only,count_only_draw_1,1,0.0003,17,10,e_vil_test1000,t2i.r10,0.884
count_only_draw_1__lr_0.0003__seed_17__epoch_10,count_only,count_only_draw_1,1,0.0003,17,10,e_vil_test1000,t2i.mean_rank,9.1426
count_only_draw_1__lr_0.0003__seed_17__epoch_10,count_only,count_only_draw_1,1,0.0003,17,10,e_vil_test1000,t2i.median_rank,1.0
count_only_draw_1__lr_0.0003__seed_17__epoch_10,count_only,count_only_draw_1,1,0.0003,17,10,e_vil_test1000,mean_bidirectional_r1,0.6447
count_only_draw_1__lr_0.0003__seed_17__epoch_10,count_only,count_only_draw_1,1,0.0003,17,10,sugarcrepe,positive1_accuracy,0.8118759153241912
count_only_draw_1__lr_0.0003__seed_17__epoch_10,count_only,count_only_draw_1,1,0.0003,17,10,sugarcrepe,accuracy,0.8118759153241912
count_only_draw_1__lr_0.0003__seed_17__epoch_10,count_only,count_only_draw_1,1,0.0003,17,10,sugarcrepe_pp,positive1_accuracy,0.7855791465209165
count_only_draw_1__lr_0.0003__seed_17__epoch_10,count_only,count_only_draw_1,1,0.0003,17,10,sugarcrepe_pp,positive2_accuracy,0.6865671641791045
count_only_draw_1__lr_0.0003__seed_17__epoch_10,count_only,count_only_draw_1,1,0.0003,17,10,sugarcrepe_pp,both_accuracy,0.6327517342863149
count_only_draw_1__lr_0.0003__seed_17__epoch_10,count_only,count_only_draw_1,1,0.0003,17,10,sugarcrepe_pp,accuracy,0.6327517342863149
count_only_draw_1__lr_0.0003__seed_17__epoch_10,count_only,count_only_draw_1,1,0.0003,17,10,visual_entailment,accuracy,0.7719285423129435
count_only_draw_1__lr_0.0003__seed_29__epoch_01,count_only,count_only_draw_1,1,0.0003,29,1,e_vil_test1000,i2t.r1,0.784
count_only_draw_1__lr_0.0003__seed_29__epoch_01,count_only,count_only_draw_1,1,0.0003,29,1,e_vil_test1000,i2t.r5,0.939
count_only_draw_1__lr_0.0003__seed_29__epoch_01,count_only,count_only_draw_1,1,0.0003,29,1,e_vil_test1000,i2t.r10,0.965
count_only_draw_1__lr_0.0003__seed_29__epoch_01,count_only,count_only_draw_1,1,0.0003,29,1,e_vil_test1000,i2t.mean_rank,2.338
count_only_draw_1__lr_0.0003__seed_29__epoch_01,count_only,count_only_draw_1,1,0.0003,29,1,e_vil_test1000,i2t.median_rank,1.0
count_only_draw_1__lr_0.0003__seed_29__epoch_01,count_only,count_only_draw_1,1,0.0003,29,1,e_vil_test1000,t2i.r1,0.6692
count_only_draw_1__lr_0.0003__seed_29__epoch_01,count_only,count_only_draw_1,1,0.0003,29,1,e_vil_test1000,t2i.r5,0.8904
count_only_draw_1__lr_0.0003__seed_29__epoch_01,count_only,count_only_draw_1,1,0.0003,29,1,e_vil_test1000,t2i.r10,0.9344
count_only_draw_1__lr_0.0003__seed_29__epoch_01,count_only,count_only_draw_1,1,0.0003,29,1,e_vil_test1000,t2i.mean_rank,5.1368
count_only_draw_1__lr_0.0003__seed_29__epoch_01,count_only,count_only_draw_1,1,0.0003,29,1,e_vil_test1000,t2i.median_rank,1.0
count_only_draw_1__lr_0.0003__seed_29__epoch_01,count_only,count_only_draw_1,1,0.0003,29,1,e_vil_test1000,mean_bidirectional_r1,0.7266
count_only_draw_1__lr_0.0003__seed_29__epoch_01,count_only,count_only_draw_1,1,0.0003,29,1,sugarcrepe,positive1_accuracy,0.8405005991212888
count_only_draw_1__lr_0.0003__seed_29__epoch_01,count_only,count_only_draw_1,1,0.0003,29,1,sugarcrepe,accuracy,0.8405005991212888
count_only_draw_1__lr_0.0003__seed_29__epoch_01,count_only,count_only_draw_1,1,0.0003,29,1,sugarcrepe_pp,positive1_accuracy,0.8017658187933572
count_only_draw_1__lr_0.0003__seed_29__epoch_01,count_only,count_only_draw_1,1,0.0003,29,1,sugarcrepe_pp,positive2_accuracy,0.7220937565692663
count_only_draw_1__lr_0.0003__seed_29__epoch_01,count_only,count_only_draw_1,1,0.0003,29,1,sugarcrepe_pp,both_accuracy,0.6718520075677948
count_only_draw_1__lr_0.0003__seed_29__epoch_01,count_only,count_only_draw_1,1,0.0003,29,1,sugarcrepe_pp,accuracy,0.6718520075677948
count_only_draw_1__lr_0.0003__seed_29__epoch_01,count_only,count_only_draw_1,1,0.0003,29,1,visual_entailment,accuracy,0.8300908701473805
count_only_draw_1__lr_0.0003__seed_29__epoch_05,count_only,count_only_draw_1,1,0.0003,29,5,e_vil_test1000,i2t.r1,0.771
count_only_draw_1__lr_0.0003__seed_29__epoch_05,count_only,count_only_draw_1,1,0.0003,29,5,e_vil_test1000,i2t.r5,0.933
count_only_draw_1__lr_0.0003__seed_29__epoch_05,count_only,count_only_draw_1,1,0.0003,29,5,e_vil_test1000,i2t.r10,0.963
count_only_draw_1__lr_0.0003__seed_29__epoch_05,count_only,count_only_draw_1,1,0.0003,29,5,e_vil_test1000,i2t.mean_rank,2.671
count_only_draw_1__lr_0.0003__seed_29__epoch_05,count_only,count_only_draw_1,1,0.0003,29,5,e_vil_test1000,i2t.median_rank,1.0
count_only_draw_1__lr_0.0003__seed_29__epoch_05,count_only,count_only_draw_1,1,0.0003,29,5,e_vil_test1000,t2i.r1,0.617
count_only_draw_1__lr_0.0003__seed_29__epoch_05,count_only,count_only_draw_1,1,0.0003,29,5,e_vil_test1000,t2i.r5,0.8536
count_only_draw_1__lr_0.0003__seed_29__epoch_05,count_only,count_only_draw_1,1,0.0003,29,5,e_vil_test1000,t2i.r10,0.9102
count_only_draw_1__lr_0.0003__seed_29__epoch_05,count_only,count_only_draw_1,1,0.0003,29,5,e_vil_test1000,t2i.mean_rank,7.1992
count_only_draw_1__lr_0.0003__seed_29__epoch_05,count_only,count_only_draw_1,1,0.0003,29,5,e_vil_test1000,t2i.median_rank,1.0
count_only_draw_1__lr_0.0003__seed_29__epoch_05,count_only,count_only_draw_1,1,0.0003,29,5,e_vil_test1000,mean_bidirectional_r1,0.694
count_only_draw_1__lr_0.0003__seed_29__epoch_05,count_only,count_only_draw_1,1,0.0003,29,5,sugarcrepe,positive1_accuracy,0.8217281320729597
count_only_draw_1__lr_0.0003__seed_29__epoch_05,count_only,count_only_draw_1,1,0.0003,29,5,sugarcrepe,accuracy,0.8217281320729597
count_only_draw_1__lr_0.0003__seed_29__epoch_05,count_only,count_only_draw_1,1,0.0003,29,5,sugarcrepe_pp,positive1_accuracy,0.7933571578726087
count_only_draw_1__lr_0.0003__seed_29__epoch_05,count_only,count_only_draw_1,1,0.0003,29,5,sugarcrepe_pp,positive2_accuracy,0.6943451755307967
count_only_draw_1__lr_0.0003__seed_29__epoch_05,count_only,count_only_draw_1,1,0.0003,29,5,sugarcrepe_pp,both_accuracy,0.6424216943451755
count_only_draw_1__lr_0.0003__seed_29__epoch_05,count_only,count_only_draw_1,1,0.0003,29,5,sugarcrepe_pp,accuracy,0.6424216943451755
count_only_draw_1__lr_0.0003__seed_29__epoch_05,count_only,count_only_draw_1,1,0.0003,29,5,visual_entailment,accuracy,0.7709405389060003
count_only_draw_1__lr_0.0003__seed_29__epoch_10,count_only,count_only_draw_1,1,0.0003,29,10,coco_karpathy,i2t.r1,0.4422
count_only_draw_1__lr_0.0003__seed_29__epoch_10,count_only,count_only_draw_1,1,0.0003,29,10,coco_karpathy,i2t.r5,0.688
count_only_draw_1__lr_0.0003__seed_29__epoch_10,count_only,count_only_draw_1,1,0.0003,29,10,coco_karpathy,i2t.r10,0.7838
count_only_draw_1__lr_0.0003__seed_29__epoch_10,count_only,count_only_draw_1,1,0.0003,29,10,coco_karpathy,i2t.mean_rank,14.6866
count_only_draw_1__lr_0.0003__seed_29__epoch_10,count_only,count_only_draw_1,1,0.0003,29,10,coco_karpathy,i2t.median_rank,2.0
count_only_draw_1__lr_0.0003__seed_29__epoch_10,count_only,count_only_draw_1,1,0.0003,29,10,coco_karpathy,t2i.r1,0.3056
count_only_draw_1__lr_0.0003__seed_29__epoch_10,count_only,count_only_draw_1,1,0.0003,29,10,coco_karpathy,t2i.r5,0.555
count_only_draw_1__lr_0.0003__seed_29__epoch_10,count_only,count_only_draw_1,1,0.0003,29,10,coco_karpathy,t2i.r10,0.66628
count_only_draw_1__lr_0.0003__seed_29__epoch_10,count_only,count_only_draw_1,1,0.0003,29,10,coco_karpathy,t2i.mean_rank,28.42004
count_only_draw_1__lr_0.0003__seed_29__epoch_10,count_only,count_only_draw_1,1,0.0003,29,10,coco_karpathy,t2i.median_rank,4.0
count_only_draw_1__lr_0.0003__seed_29__epoch_10,count_only,count_only_draw_1,1,0.0003,29,10,coco_karpathy,mean_bidirectional_r1,0.3739
count_only_draw_1__lr_0.0003__seed_29__epoch_10,count_only,count_only_draw_1,1,0.0003,29,10,e_vil_test1000,i2t.r1,0.734
count_only_draw_1__lr_0.0003__seed_29__epoch_10,count_only,count_only_draw_1,1,0.0003,29,10,e_vil_test1000,i2t.r5,0.906
count_only_draw_1__lr_0.0003__seed_29__epoch_10,count_only,count_only_draw_1,1,0.0003,29,10,e_vil_test1000,i2t.r10,0.943
count_only_draw_1__lr_0.0003__seed_29__epoch_10,count_only,count_only_draw_1,1,0.0003,29,10,e_vil_test1000,i2t.mean_rank,4.41
count_only_draw_1__lr_0.0003__seed_29__epoch_10,count_only,count_only_draw_1,1,0.0003,29,10,e_vil_test1000,i2t.median_rank,1.0
count_only_draw_1__lr_0.0003__seed_29__epoch_10,count_only,count_only_draw_1,1,0.0003,29,10,e_vil_test1000,t2i.r1,0.5666
count_only_draw_1__lr_0.0003__seed_29__epoch_10,count_only,count_only_draw_1,1,0.0003,29,10,e_vil_test1000,t2i.r5,0.817
count_only_draw_1__lr_0.0003__seed_29__epoch_10,count_only,count_only_draw_1,1,0.0003,29,10,e_vil_test1000,t2i.r10,0.881
count_only_draw_1__lr_0.0003__seed_29__epoch_10,count_only,count_only_draw_1,1,0.0003,29,10,e_vil_test1000,t2i.mean_rank,8.9482
count_only_draw_1__lr_0.0003__seed_29__epoch_10,count_only,count_only_draw_1,1,0.0003,29,10,e_vil_test1000,t2i.median_rank,1.0
count_only_draw_1__lr_0.0003__seed_29__epoch_10,count_only,count_only_draw_1,1,0.0003,29,10,e_vil_test1000,mean_bidirectional_r1,0.6503
count_only_draw_1__lr_0.0003__seed_29__epoch_10,count_only,count_only_draw_1,1,0.0003,29,10,sugarcrepe,positive1_accuracy,0.8105445346824657
count_only_draw_1__lr_0.0003__seed_29__epoch_10,count_only,count_only_draw_1,1,0.0003,29,10,sugarcrepe,accuracy,0.8105445346824657
count_only_draw_1__lr_0.0003__seed_29__epoch_10,count_only,count_only_draw_1,1,0.0003,29,10,sugarcrepe_pp,positive1_accuracy,0.782425898675636
count_only_draw_1__lr_0.0003__seed_29__epoch_10,count_only,count_only_draw_1,1,0.0003,29,10,sugarcrepe_pp,positive2_accuracy,0.6935043094387219
count_only_draw_1__lr_0.0003__seed_29__epoch_10,count_only,count_only_draw_1,1,0.0003,29,10,sugarcrepe_pp,both_accuracy,0.6354845490855581
count_only_draw_1__lr_0.0003__seed_29__epoch_10,count_only,count_only_draw_1,1,0.0003,29,10,sugarcrepe_pp,accuracy,0.6354845490855581
count_only_draw_1__lr_0.0003__seed_29__epoch_10,count_only,count_only_draw_1,1,0.0003,29,10,visual_entailment,accuracy,0.7593167269140393
count_only_draw_1__lr_0.0003__seed_43__epoch_01,count_only,count_only_draw_1,1,0.0003,43,1,e_vil_test1000,i2t.r1,0.775
count_only_draw_1__lr_0.0003__seed_43__epoch_01,count_only,count_only_draw_1,1,0.0003,43,1,e_vil_test1000,i2t.r5,0.938
count_only_draw_1__lr_0.0003__seed_43__epoch_01,count_only,count_only_draw_1,1,0.0003,43,1,e_vil_test1000,i2t.r10,0.966
count_only_draw_1__lr_0.0003__seed_43__epoch_01,count_only,count_only_draw_1,1,0.0003,43,1,e_vil_test1000,i2t.mean_rank,2.456
count_only_draw_1__lr_0.0003__seed_43__epoch_01,count_only,count_only_draw_1,1,0.0003,43,1,e_vil_test1000,i2t.median_rank,1.0
count_only_draw_1__lr_0.0003__seed_43__epoch_01,count_only,count_only_draw_1,1,0.0003,43,1,e_vil_test1000,t2i.r1,0.671
count_only_draw_1__lr_0.0003__seed_43__epoch_01,count_only,count_only_draw_1,1,0.0003,43,1,e_vil_test1000,t2i.r5,0.892
count_only_draw_1__lr_0.0003__seed_43__epoch_01,count_only,count_only_draw_1,1,0.0003,43,1,e_vil_test1000,t2i.r10,0.9352
count_only_draw_1__lr_0.0003__seed_43__epoch_01,count_only,count_only_draw_1,1,0.0003,43,1,e_vil_test1000,t2i.mean_rank,4.8916
count_only_draw_1__lr_0.0003__seed_43__epoch_01,count_only,count_only_draw_1,1,0.0003,43,1,e_vil_test1000,t2i.median_rank,1.0
count_only_draw_1__lr_0.0003__seed_43__epoch_01,count_only,count_only_draw_1,1,0.0003,43,1,e_vil_test1000,mean_bidirectional_r1,0.7230000000000001
count_only_draw_1__lr_0.0003__seed_43__epoch_01,count_only,count_only_draw_1,1,0.0003,43,1,sugarcrepe,positive1_accuracy,0.8361070430035947
count_only_draw_1__lr_0.0003__seed_43__epoch_01,count_only,count_only_draw_1,1,0.0003,43,1,sugarcrepe,accuracy,0.8361070430035947
count_only_draw_1__lr_0.0003__seed_43__epoch_01,count_only,count_only_draw_1,1,0.0003,43,1,sugarcrepe_pp,positive1_accuracy,0.7948286735337398
count_only_draw_1__lr_0.0003__seed_43__epoch_01,count_only,count_only_draw_1,1,0.0003,43,1,sugarcrepe_pp,positive2_accuracy,0.7248265713685096
count_only_draw_1__lr_0.0003__seed_43__epoch_01,count_only,count_only_draw_1,1,0.0003,43,1,sugarcrepe_pp,both_accuracy,0.6678578936304393
count_only_draw_1__lr_0.0003__seed_43__epoch_01,count_only,count_only_draw_1,1,0.0003,43,1,sugarcrepe_pp,accuracy,0.6678578936304393
count_only_draw_1__lr_0.0003__seed_43__epoch_01,count_only,count_only_draw_1,1,0.0003,43,1,visual_entailment,accuracy,0.8305804992977286
count_only_draw_1__lr_0.0003__seed_43__epoch_05,count_only,count_only_draw_1,1,0.0003,43,5,e_vil_test1000,i2t.r1,0.789
count_only_draw_1__lr_0.0003__seed_43__epoch_05,count_only,count_only_draw_1,1,0.0003,43,5,e_vil_test1000,i2t.r5,0.934
count_only_draw_1__lr_0.0003__seed_43__epoch_05,count_only,count_only_draw_1,1,0.0003,43,5,e_vil_test1000,i2t.r10,0.968
count_only_draw_1__lr_0.0003__seed_43__epoch_05,count_only,count_only_draw_1,1,0.0003,43,5,e_vil_test1000,i2t.mean_rank,2.581
count_only_draw_1__lr_0.0003__seed_43__epoch_05,count_only,count_only_draw_1,1,0.0003,43,5,e_vil_test1000,i2t.median_rank,1.0
count_only_draw_1__lr_0.0003__seed_43__epoch_05,count_only,count_only_draw_1,1,0.0003,43,5,e_vil_test1000,t2i.r1,0.6178
count_only_draw_1__lr_0.0003__seed_43__epoch_05,count_only,count_only_draw_1,1,0.0003,43,5,e_vil_test1000,t2i.r5,0.8584
count_only_draw_1__lr_0.0003__seed_43__epoch_05,count_only,count_only_draw_1,1,0.0003,43,5,e_vil_test1000,t2i.r10,0.9108
count_only_draw_1__lr_0.0003__seed_43__epoch_05,count_only,count_only_draw_1,1,0.0003,43,5,e_vil_test1000,t2i.mean_rank,6.506
count_only_draw_1__lr_0.0003__seed_43__epoch_05,count_only,count_only_draw_1,1,0.0003,43,5,e_vil_test1000,t2i.median_rank,1.0
count_only_draw_1__lr_0.0003__seed_43__epoch_05,count_only,count_only_draw_1,1,0.0003,43,5,e_vil_test1000,mean_bidirectional_r1,0.7034
count_only_draw_1__lr_0.0003__seed_43__epoch_05,count_only,count_only_draw_1,1,0.0003,43,5,sugarcrepe,positive1_accuracy,0.8245240314205832
count_only_draw_1__lr_0.0003__seed_43__epoch_05,count_only,count_only_draw_1,1,0.0003,43,5,sugarcrepe,accuracy,0.8245240314205832
count_only_draw_1__lr_0.0003__seed_43__epoch_05,count_only,count_only_draw_1,1,0.0003,43,5,sugarcrepe_pp,positive1_accuracy,0.7952491065797772
count_only_draw_1__lr_0.0003__seed_43__epoch_05,count_only,count_only_draw_1,1,0.0003,43,5,sugarcrepe_pp,positive2_accuracy,0.6842547824258987
count_only_draw_1__lr_0.0003__seed_43__epoch_05,count_only,count_only_draw_1,1,0.0003,43,5,sugarcrepe_pp,both_accuracy,0.6344334664704646
count_only_draw_1__lr_0.0003__seed_43__epoch_05,count_only,count_only_draw_1,1,0.0003,43,5,sugarcrepe_pp,accuracy,0.6344334664704646
count_only_draw_1__lr_0.0003__seed_43__epoch_05,count_only,count_only_draw_1,1,0.0003,43,5,visual_entailment,accuracy,0.7820667584104478
count_only_draw_1__lr_0.0003__seed_43__epoch_10,count_only,count_only_draw_1,1,0.0003,43,10,coco_karpathy,i2t.r1,0.4512
count_only_draw_1__lr_0.0003__seed_43__epoch_10,count_only,count_only_draw_1,1,0.0003,43,10,coco_karpathy,i2t.r5,0.6964
count_only_draw_1__lr_0.0003__seed_43__epoch_10,count_only,count_only_draw_1,1,0.0003,43,10,coco_karpathy,i2t.r10,0.7888
count_only_draw_1__lr_0.0003__seed_43__epoch_10,count_only,count_only_draw_1,1,0.0003,43,10,coco_karpathy,i2t.mean_rank,14.7106
count_only_draw_1__lr_0.0003__seed_43__epoch_10,count_only,count_only_draw_1,1,0.0003,43,10,coco_karpathy,i2t.median_rank,2.0
count_only_draw_1__lr_0.0003__seed_43__epoch_10,count_only,count_only_draw_1,1,0.0003,43,10,coco_karpathy,t2i.r1,0.30168
count_only_draw_1__lr_0.0003__seed_43__epoch_10,count_only,count_only_draw_1,1,0.0003,43,10,coco_karpathy,t2i.r5,0.55272
count_only_draw_1__lr_0.0003__seed_43__epoch_10,count_only,count_only_draw_1,1,0.0003,43,10,coco_karpathy,t2i.r10,0.66608
count_only_draw_1__lr_0.0003__seed_43__epoch_10,count_only,count_only_draw_1,1,0.0003,43,10,coco_karpathy,t2i.mean_rank,28.3252
count_only_draw_1__lr_0.0003__seed_43__epoch_10,count_only,count_only_draw_1,1,0.0003,43,10,coco_karpathy,t2i.median_rank,4.0
count_only_draw_1__lr_0.0003__seed_43__epoch_10,count_only,count_only_draw_1,1,0.0003,43,10,coco_karpathy,mean_bidirectional_r1,0.37644
count_only_draw_1__lr_0.0003__seed_43__epoch_10,count_only,count_only_draw_1,1,0.0003,43,10,e_vil_test1000,i2t.r1,0.728
count_only_draw_1__lr_0.0003__seed_43__epoch_10,count_only,count_only_draw_1,1,0.0003,43,10,e_vil_test1000,i2t.r5,0.907
count_only_draw_1__lr_0.0003__seed_43__epoch_10,count_only,count_only_draw_1,1,0.0003,43,10,e_vil_test1000,i2t.r10,0.95
count_only_draw_1__lr_0.0003__seed_43__epoch_10,count_only,count_only_draw_1,1,0.0003,43,10,e_vil_test1000,i2t.mean_rank,3.712
count_only_draw_1__lr_0.0003__seed_43__epoch_10,count_only,count_only_draw_1,1,0.0003,43,10,e_vil_test1000,i2t.median_rank,1.0
count_only_draw_1__lr_0.0003__seed_43__epoch_10,count_only,count_only_draw_1,1,0.0003,43,10,e_vil_test1000,t2i.r1,0.5684
count_only_draw_1__lr_0.0003__seed_43__epoch_10,count_only,count_only_draw_1,1,0.0003,43,10,e_vil_test1000,t2i.r5,0.8176
count_only_draw_1__lr_0.0003__seed_43__epoch_10,count_only,count_only_draw_1,1,0.0003,43,10,e_vil_test1000,t2i.r10,0.886
count_only_draw_1__lr_0.0003__seed_43__epoch_10,count_only,count_only_draw_1,1,0.0003,43,10,e_vil_test1000,t2i.mean_rank,8.9742
count_only_draw_1__lr_0.0003__seed_43__epoch_10,count_only,count_only_draw_1,1,0.0003,43,10,e_vil_test1000,t2i.median_rank,1.0
count_only_draw_1__lr_0.0003__seed_43__epoch_10,count_only,count_only_draw_1,1,0.0003,43,10,e_vil_test1000,mean_bidirectional_r1,0.6482
count_only_draw_1__lr_0.0003__seed_43__epoch_10,count_only,count_only_draw_1,1,0.0003,43,10,sugarcrepe,positive1_accuracy,0.8036213553454933
count_only_draw_1__lr_0.0003__seed_43__epoch_10,count_only,count_only_draw_1,1,0.0003,43,10,sugarcrepe,accuracy,0.8036213553454933
count_only_draw_1__lr_0.0003__seed_43__epoch_10,count_only,count_only_draw_1,1,0.0003,43,10,sugarcrepe_pp,positive1_accuracy,0.7786420012612991
count_only_draw_1__lr_0.0003__seed_43__epoch_10,count_only,count_only_draw_1,1,0.0003,43,10,sugarcrepe_pp,positive2_accuracy,0.6846752154719361
count_only_draw_1__lr_0.0003__seed_43__epoch_10,count_only,count_only_draw_1,1,0.0003,43,10,sugarcrepe_pp,both_accuracy,0.6287576203489594
count_only_draw_1__lr_0.0003__seed_43__epoch_10,count_only,count_only_draw_1,1,0.0003,43,10,sugarcrepe_pp,accuracy,0.6287576203489594
count_only_draw_1__lr_0.0003__seed_43__epoch_10,count_only,count_only_draw_1,1,0.0003,43,10,visual_entailment,accuracy,0.7502090106345989
count_only_draw_1__lr_0.001__seed_17__epoch_01,count_only,count_only_draw_1,1,0.001,17,1,e_vil_test1000,i2t.r1,0.718
count_only_draw_1__lr_0.001__seed_17__epoch_01,count_only,count_only_draw_1,1,0.001,17,1,e_vil_test1000,i2t.r5,0.911
count_only_draw_1__lr_0.001__seed_17__epoch_01,count_only,count_only_draw_1,1,0.001,17,1,e_vil_test1000,i2t.r10,0.942
count_only_draw_1__lr_0.001__seed_17__epoch_01,count_only,count_only_draw_1,1,0.001,17,1,e_vil_test1000,i2t.mean_rank,3.948
count_only_draw_1__lr_0.001__seed_17__epoch_01,count_only,count_only_draw_1,1,0.001,17,1,e_vil_test1000,i2t.median_rank,1.0
count_only_draw_1__lr_0.001__seed_17__epoch_01,count_only,count_only_draw_1,1,0.001,17,1,e_vil_test1000,t2i.r1,0.3992
count_only_draw_1__lr_0.001__seed_17__epoch_01,count_only,count_only_draw_1,1,0.001,17,1,e_vil_test1000,t2i.r5,0.682
count_only_draw_1__lr_0.001__seed_17__epoch_01,count_only,count_only_draw_1,1,0.001,17,1,e_vil_test1000,t2i.r10,0.781
count_only_draw_1__lr_0.001__seed_17__epoch_01,count_only,count_only_draw_1,1,0.001,17,1,e_vil_test1000,t2i.mean_rank,16.743
count_only_draw_1__lr_0.001__seed_17__epoch_01,count_only,count_only_draw_1,1,0.001,17,1,e_vil_test1000,t2i.median_rank,2.0
count_only_draw_1__lr_0.001__seed_17__epoch_01,count_only,count_only_draw_1,1,0.001,17,1,e_vil_test1000,mean_bidirectional_r1,0.5586
count_only_draw_1__lr_0.001__seed_17__epoch_01,count_only,count_only_draw_1,1,0.001,17,1,sugarcrepe,positive1_accuracy,0.8009585940620423
count_only_draw_1__lr_0.001__seed_17__epoch_01,count_only,count_only_draw_1,1,0.001,17,1,sugarcrepe,accuracy,0.8009585940620423
count_only_draw_1__lr_0.001__seed_17__epoch_01,count_only,count_only_draw_1,1,0.001,17,1,sugarcrepe_pp,positive1_accuracy,0.7889426108892159
count_only_draw_1__lr_0.001__seed_17__epoch_01,count_only,count_only_draw_1,1,0.001,17,1,sugarcrepe_pp,positive2_accuracy,0.6886693294092916
count_only_draw_1__lr_0.001__seed_17__epoch_01,count_only,count_only_draw_1,1,0.001,17,1,sugarcrepe_pp,both_accuracy,0.6346436829934833
count_only_draw_1__lr_0.001__seed_17__epoch_01,count_only,count_only_draw_1,1,0.001,17,1,sugarcrepe_pp,accuracy,0.6346436829934833
count_only_draw_1__lr_0.001__seed_17__epoch_01,count_only,count_only_draw_1,1,0.001,17,1,visual_entailment,accuracy,0.763794811903213
count_only_draw_1__lr_0.001__seed_17__epoch_05,count_only,count_only_draw_1,1,0.001,17,5,e_vil_test1000,i2t.r1,0.692
count_only_draw_1__lr_0.001__seed_17__epoch_05,count_only,count_only_draw_1,1,0.001,17,5,e_vil_test1000,i2t.r5,0.892
count_only_draw_1__lr_0.001__seed_17__epoch_05,count_only,count_only_draw_1,1,0.001,17,5,e_vil_test1000,i2t.r10,0.934
count_only_draw_1__lr_0.001__seed_17__epoch_05,count_only,count_only_draw_1,1,0.001,17,5,e_vil_test1000,i2t.mean_rank,4.831
count_only_draw_1__lr_0.001__seed_17__epoch_05,count_only,count_only_draw_1,1,0.001,17,5,e_vil_test1000,i2t.median_rank,1.0
count_only_draw_1__lr_0.001__seed_17__epoch_05,count_only,count_only_draw_1,1,0.001,17,5,e_vil_test1000,t2i.r1,0.4822
count_only_draw_1__lr_0.001__seed_17__epoch_05,count_only,count_only_draw_1,1,0.001,17,5,e_vil_test1000,t2i.r5,0.7638
count_only_draw_1__lr_0.001__seed_17__epoch_05,count_only,count_only_draw_1,1,0.001,17,5,e_vil_test1000,t2i.r10,0.8398
count_only_draw_1__lr_0.001__seed_17__epoch_05,count_only,count_only_draw_1,1,0.001,17,5,e_vil_test1000,t2i.mean_rank,10.3798
count_only_draw_1__lr_0.001__seed_17__epoch_05,count_only,count_only_draw_1,1,0.001,17,5,e_vil_test1000,t2i.median_rank,2.0
count_only_draw_1__lr_0.001__seed_17__epoch_05,count_only,count_only_draw_1,1,0.001,17,5,e_vil_test1000,mean_bidirectional_r1,0.5871
count_only_draw_1__lr_0.001__seed_17__epoch_05,count_only,count_only_draw_1,1,0.001,17,5,sugarcrepe,positive1_accuracy,0.8018905605112502
count_only_draw_1__lr_0.001__seed_17__epoch_05,count_only,count_only_draw_1,1,0.001,17,5,sugarcrepe,accuracy,0.8018905605112502
count_only_draw_1__lr_0.001__seed_17__epoch_05,count_only,count_only_draw_1,1,0.001,17,5,sugarcrepe_pp,positive1_accuracy,0.7685516081564011
count_only_draw_1__lr_0.001__seed_17__epoch_05,count_only,count_only_draw_1,1,0.001,17,5,sugarcrepe_pp,positive2_accuracy,0.6884591128862728
count_only_draw_1__lr_0.001__seed_17__epoch_05,count_only,count_only_draw_1,1,0.001,17,5,sugarcrepe_pp,both_accuracy,0.6268656716417911
count_only_draw_1__lr_0.001__seed_17__epoch_05,count_only,count_only_draw_1,1,0.001,17,5,sugarcrepe_pp,accuracy,0.6268656716417911
count_only_draw_1__lr_0.001__seed_17__epoch_05,count_only,count_only_draw_1,1,0.001,17,5,visual_entailment,accuracy,0.7467110093837799
count_only_draw_1__lr_0.001__seed_17__epoch_10,count_only,count_only_draw_1,1,0.001,17,10,coco_karpathy,i2t.r1,0.3336
count_only_draw_1__lr_0.001__seed_17__epoch_10,count_only,count_only_draw_1,1,0.001,17,10,coco_karpathy,i2t.r5,0.5836
count_only_draw_1__lr_0.001__seed_17__epoch_10,count_only,count_only_draw_1,1,0.001,17,10,coco_karpathy,i2t.r10,0.6974
count_only_draw_1__lr_0.001__seed_17__epoch_10,count_only,count_only_draw_1,1,0.001,17,10,coco_karpathy,i2t.mean_rank,27.6022
count_only_draw_1__lr_0.001__seed_17__epoch_10,count_only,count_only_draw_1,1,0.001,17,10,coco_karpathy,i2t.median_rank,3.0
count_only_draw_1__lr_0.001__seed_17__epoch_10,count_only,count_only_draw_1,1,0.001,17,10,coco_karpathy,t2i.r1,0.2226
count_only_draw_1__lr_0.001__seed_17__epoch_10,count_only,count_only_draw_1,1,0.001,17,10,coco_karpathy,t2i.r5,0.44684
count_only_draw_1__lr_0.001__seed_17__epoch_10,count_only,count_only_draw_1,1,0.001,17,10,coco_karpathy,t2i.r10,0.56196
count_only_draw_1__lr_0.001__seed_17__epoch_10,count_only,count_only_draw_1,1,0.001,17,10,coco_karpathy,t2i.mean_rank,46.28112
count_only_draw_1__lr_0.001__seed_17__epoch_10,count_only,count_only_draw_1,1,0.001,17,10,coco_karpathy,t2i.median_rank,7.0
count_only_draw_1__lr_0.001__seed_17__epoch_10,count_only,count_only_draw_1,1,0.001,17,10,coco_karpathy,mean_bidirectional_r1,0.2781
count_only_draw_1__lr_0.001__seed_17__epoch_10,count_only,count_only_draw_1,1,0.001,17,10,e_vil_test1000,i2t.r1,0.59
count_only_draw_1__lr_0.001__seed_17__epoch_10,count_only,count_only_draw_1,1,0.001,17,10,e_vil_test1000,i2t.r5,0.839
count_only_draw_1__lr_0.001__seed_17__epoch_10,count_only,count_only_draw_1,1,0.001,17,10,e_vil_test1000,i2t.r10,0.899
count_only_draw_1__lr_0.001__seed_17__epoch_10,count_only,count_only_draw_1,1,0.001,17,10,e_vil_test1000,i2t.mean_rank,9.325
count_only_draw_1__lr_0.001__seed_17__epoch_10,count_only,count_only_draw_1,1,0.001,17,10,e_vil_test1000,i2t.median_rank,1.0
count_only_draw_1__lr_0.001__seed_17__epoch_10,count_only,count_only_draw_1,1,0.001,17,10,e_vil_test1000,t2i.r1,0.4436
count_only_draw_1__lr_0.001__seed_17__epoch_10,count_only,count_only_draw_1,1,0.001,17,10,e_vil_test1000,t2i.r5,0.7126
count_only_draw_1__lr_0.001__seed_17__epoch_10,count_only,count_only_draw_1,1,0.001,17,10,e_vil_test1000,t2i.r10,0.798
count_only_draw_1__lr_0.001__seed_17__epoch_10,count_only,count_only_draw_1,1,0.001,17,10,e_vil_test1000,t2i.mean_rank,14.4494
count_only_draw_1__lr_0.001__seed_17__epoch_10,count_only,count_only_draw_1,1,0.001,17,10,e_vil_test1000,t2i.median_rank,2.0
count_only_draw_1__lr_0.001__seed_17__epoch_10,count_only,count_only_draw_1,1,0.001,17,10,e_vil_test1000,mean_bidirectional_r1,0.5167999999999999
count_only_draw_1__lr_0.001__seed_17__epoch_10,count_only,count_only_draw_1,1,0.001,17,10,sugarcrepe,positive1_accuracy,0.7692717347889761
count_only_draw_1__lr_0.001__seed_17__epoch_10,count_only,count_only_draw_1,1,0.001,17,10,sugarcrepe,accuracy,0.7692717347889761
count_only_draw_1__lr_0.001__seed_17__epoch_10,count_only,count_only_draw_1,1,0.001,17,10,sugarcrepe_pp,positive1_accuracy,0.7485810384696238
count_only_draw_1__lr_0.001__seed_17__epoch_10,count_only,count_only_draw_1,1,0.001,17,10,sugarcrepe_pp,positive2_accuracy,0.6674374605844019
count_only_draw_1__lr_0.001__seed_17__epoch_10,count_only,count_only_draw_1,1,0.001,17,10,sugarcrepe_pp,both_accuracy,0.6035316375867144
count_only_draw_1__lr_0.001__seed_17__epoch_10,count_only,count_only_draw_1,1,0.001,17,10,sugarcrepe_pp,accuracy,0.6035316375867144
count_only_draw_1__lr_0.001__seed_17__epoch_10,count_only,count_only_draw_1,1,0.001,17,10,visual_entailment,accuracy,0.7368057207308482
count_only_draw_1__lr_0.001__seed_29__epoch_01,count_only,count_only_draw_1,1,0.001,29,1,e_vil_test1000,i2t.r1,0.681
count_only_draw_1__lr_0.001__seed_29__epoch_01,count_only,count_only_draw_1,1,0.001,29,1,e_vil_test1000,i2t.r5,0.899
count_only_draw_1__lr_0.001__seed_29__epoch_01,count_only,count_only_draw_1,1,0.001,29,1,e_vil_test1000,i2t.r10,0.934
count_only_draw_1__lr_0.001__seed_29__epoch_01,count_only,count_only_draw_1,1,0.001,29,1,e_vil_test1000,i2t.mean_rank,3.639
count_only_draw_1__lr_0.001__seed_29__epoch_01,count_only,count_only_draw_1,1,0.001,29,1,e_vil_test1000,i2t.median_rank,1.0
count_only_draw_1__lr_0.001__seed_29__epoch_01,count_only,count_only_draw_1,1,0.001,29,1,e_vil_test1000,t2i.r1,0.4424
count_only_draw_1__lr_0.001__seed_29__epoch_01,count_only,count_only_draw_1,1,0.001,29,1,e_vil_test1000,t2i.r5,0.6988
count_only_draw_1__lr_0.001__seed_29__epoch_01,count_only,count_only_draw_1,1,0.001,29,1,e_vil_test1000,t2i.r10,0.786
count_only_draw_1__lr_0.001__seed_29__epoch_01,count_only,count_only_draw_1,1,0.001,29,1,e_vil_test1000,t2i.mean_rank,16.1176
count_only_draw_1__lr_0.001__seed_29__epoch_01,count_only,count_only_draw_1,1,0.001,29,1,e_vil_test1000,t2i.median_rank,2.0
count_only_draw_1__lr_0.001__seed_29__epoch_01,count_only,count_only_draw_1,1,0.001,29,1,e_vil_test1000,mean_bidirectional_r1,0.5617000000000001
count_only_draw_1__lr_0.001__seed_29__epoch_01,count_only,count_only_draw_1,1,0.001,29,1,sugarcrepe,positive1_accuracy,0.8062841166289442
count_only_draw_1__lr_0.001__seed_29__epoch_01,count_only,count_only_draw_1,1,0.001,29,1,sugarcrepe,accuracy,0.8062841166289442
count_only_draw_1__lr_0.001__seed_29__epoch_01,count_only,count_only_draw_1,1,0.001,29,1,sugarcrepe_pp,positive1_accuracy,0.7748581038469624
count_only_draw_1__lr_0.001__seed_29__epoch_01,count_only,count_only_draw_1,1,0.001,29,1,sugarcrepe_pp,positive2_accuracy,0.6859365146100483
count_only_draw_1__lr_0.001__seed_29__epoch_01,count_only,count_only_draw_1,1,0.001,29,1,sugarcrepe_pp,both_accuracy,0.6268656716417911
count_only_draw_1__lr_0.001__seed_29__epoch_01,count_only,count_only_draw_1,1,0.001,29,1,sugarcrepe_pp,accuracy,0.6268656716417911
count_only_draw_1__lr_0.001__seed_29__epoch_01,count_only,count_only_draw_1,1,0.001,29,1,visual_entailment,accuracy,0.7902381698571215
count_only_draw_1__lr_0.001__seed_29__epoch_05,count_only,count_only_draw_1,1,0.001,29,5,e_vil_test1000,i2t.r1,0.718
count_only_draw_1__lr_0.001__seed_29__epoch_05,count_only,count_only_draw_1,1,0.001,29,5,e_vil_test1000,i2t.r5,0.899
count_only_draw_1__lr_0.001__seed_29__epoch_05,count_only,count_only_draw_1,1,0.001,29,5,e_vil_test1000,i2t.r10,0.935
count_only_draw_1__lr_0.001__seed_29__epoch_05,count_only,count_only_draw_1,1,0.001,29,5,e_vil_test1000,i2t.mean_rank,4.668
count_only_draw_1__lr_0.001__seed_29__epoch_05,count_only,count_only_draw_1,1,0.001,29,5,e_vil_test1000,i2t.median_rank,1.0
count_only_draw_1__lr_0.001__seed_29__epoch_05,count_only,count_only_draw_1,1,0.001,29,5,e_vil_test1000,t2i.r1,0.526
count_only_draw_1__lr_0.001__seed_29__epoch_05,count_only,count_only_draw_1,1,0.001,29,5,e_vil_test1000,t2i.r5,0.7784
count_only_draw_1__lr_0.001__seed_29__epoch_05,count_only,count_only_draw_1,1,0.001,29,5,e_vil_test1000,t2i.r10,0.8538
count_only_draw_1__lr_0.001__seed_29__epoch_05,count_only,count_only_draw_1,1,0.001,29,5,e_vil_test1000,t2i.mean_rank,11.3216
count_only_draw_1__lr_0.001__seed_29__epoch_05,count_only,count_only_draw_1,1,0.001,29,5,e_vil_test1000,t2i.median_rank,1.0
count_only_draw_1__lr_0.001__seed_29__epoch_05,count_only,count_only_draw_1,1,0.001,29,5,e_vil_test1000,mean_bidirectional_r1,0.622
count_only_draw_1__lr_0.001__seed_29__epoch_05,count_only,count_only_draw_1,1,0.001,29,5,sugarcrepe,positive1_accuracy,0.7903075489282386
count_only_draw_1__lr_0.001__seed_29__epoch_05,count_only,count_only_draw_1,1,0.001,29,5,sugarcrepe,accuracy,0.7903075489282386
count_only_draw_1__lr_0.001__seed_29__epoch_05,count_only,count_only_draw_1,1,0.001,29,5,sugarcrepe_pp,positive1_accuracy,0.7651881437881017
count_only_draw_1__lr_0.001__seed_29__epoch_05,count_only,count_only_draw_1,1,0.001,29,5,sugarcrepe_pp,positive2_accuracy,0.6842547824258987
count_only_draw_1__lr_0.001__seed_29__epoch_05,count_only,count_only_draw_1,1,0.001,29,5,sugarcrepe_pp,both_accuracy,0.6230817742274543
count_only_draw_1__lr_0.001__seed_29__epoch_05,count_only,count_only_draw_1,1,0.001,29,5,sugarcrepe_pp,accuracy,0.6230817742274543
count_only_draw_1__lr_0.001__seed_29__epoch_05,count_only,count_only_draw_1,1,0.001,29,5,visual_entailment,accuracy,0.7351049181693304
count_only_draw_1__lr_0.001__seed_29__epoch_10,count_only,count_only_draw_1,1,0.001,29,10,coco_karpathy,i2t.r1,0.3492
count_only_draw_1__lr_0.001__seed_29__epoch_10,count_only,count_only_draw_1,1,0.001,29,10,coco_karpathy,i2t.r5,0.6038
count_only_draw_1__lr_0.001__seed_29__epoch_10,count_only,count_only_draw_1,1,0.001,29,10,coco_karpathy,i2t.r10,0.7156
count_only_draw_1__lr_0.001__seed_29__epoch_10,count_only,count_only_draw_1,1,0.001,29,10,coco_karpathy,i2t.mean_rank,24.8366
count_only_draw_1__lr_0.001__seed_29__epoch_10,count_only,count_only_draw_1,1,0.001,29,10,coco_karpathy,i2t.median_rank,3.0
count_only_draw_1__lr_0.001__seed_29__epoch_10,count_only,count_only_draw_1,1,0.001,29,10,coco_karpathy,t2i.r1,0.22736
count_only_draw_1__lr_0.001__seed_29__epoch_10,count_only,count_only_draw_1,1,0.001,29,10,coco_karpathy,t2i.r5,0.45572
count_only_draw_1__lr_0.001__seed_29__epoch_10,count_only,count_only_draw_1,1,0.001,29,10,coco_karpathy,t2i.r10,0.5714
count_only_draw_1__lr_0.001__seed_29__epoch_10,count_only,count_only_draw_1,1,0.001,29,10,coco_karpathy,t2i.mean_rank,45.01892
count_only_draw_1__lr_0.001__seed_29__epoch_10,count_only,count_only_draw_1,1,0.001,29,10,coco_karpathy,t2i.median_rank,7.0
count_only_draw_1__lr_0.001__seed_29__epoch_10,count_only,count_only_draw_1,1,0.001,29,10,coco_karpathy,mean_bidirectional_r1,0.28828
count_only_draw_1__lr_0.001__seed_29__epoch_10,count_only,count_only_draw_1,1,0.001,29,10,e_vil_test1000,i2t.r1,0.621
count_only_draw_1__lr_0.001__seed_29__epoch_10,count_only,count_only_draw_1,1,0.001,29,10,e_vil_test1000,i2t.r5,0.833
count_only_draw_1__lr_0.001__seed_29__epoch_10,count_only,count_only_draw_1,1,0.001,29,10,e_vil_test1000,i2t.r10,0.902
count_only_draw_1__lr_0.001__seed_29__epoch_10,count_only,count_only_draw_1,1,0.001,29,10,e_vil_test1000,i2t.mean_rank,8.902
count_only_draw_1__lr_0.001__seed_29__epoch_10,count_only,count_only_draw_1,1,0.001,29,10,e_vil_test1000,i2t.median_rank,1.0
count_only_draw_1__lr_0.001__seed_29__epoch_10,count_only,count_only_draw_1,1,0.001,29,10,e_vil_test1000,t2i.r1,0.4524
count_only_draw_1__lr_0.001__seed_29__epoch_10,count_only,count_only_draw_1,1,0.001,29,10,e_vil_test1000,t2i.r5,0.7226
count_only_draw_1__lr_0.001__seed_29__epoch_10,count_only,count_only_draw_1,1,0.001,29,10,e_vil_test1000,t2i.r10,0.8076
count_only_draw_1__lr_0.001__seed_29__epoch_10,count_only,count_only_draw_1,1,0.001,29,10,e_vil_test1000,t2i.mean_rank,14.2676
count_only_draw_1__lr_0.001__seed_29__epoch_10,count_only,count_only_draw_1,1,0.001,29,10,e_vil_test1000,t2i.median_rank,2.0
count_only_draw_1__lr_0.001__seed_29__epoch_10,count_only,count_only_draw_1,1,0.001,29,10,e_vil_test1000,mean_bidirectional_r1,0.5367
count_only_draw_1__lr_0.001__seed_29__epoch_10,count_only,count_only_draw_1,1,0.001,29,10,sugarcrepe,positive1_accuracy,0.775795499933431
count_only_draw_1__lr_0.001__seed_29__epoch_10,count_only,count_only_draw_1,1,0.001,29,10,sugarcrepe,accuracy,0.775795499933431
count_only_draw_1__lr_0.001__seed_29__epoch_10,count_only,count_only_draw_1,1,0.001,29,10,sugarcrepe_pp,positive1_accuracy,0.7540466680681102
count_only_draw_1__lr_0.001__seed_29__epoch_10,count_only,count_only_draw_1,1,0.001,29,10,sugarcrepe_pp,positive2_accuracy,0.6733235232289257
count_only_draw_1__lr_0.001__seed_29__epoch_10,count_only,count_only_draw_1,1,0.001,29,10,sugarcrepe_pp,both_accuracy,0.6083666176161446
count_only_draw_1__lr_0.001__seed_29__epoch_10,count_only,count_only_draw_1,1,0.001,29,10,sugarcrepe_pp,accuracy,0.6083666176161446
count_only_draw_1__lr_0.001__seed_29__epoch_10,count_only,count_only_draw_1,1,0.001,29,10,visual_entailment,accuracy,0.7433682067213172
count_only_draw_1__lr_0.001__seed_43__epoch_01,count_only,count_only_draw_1,1,0.001,43,1,e_vil_test1000,i2t.r1,0.72
count_only_draw_1__lr_0.001__seed_43__epoch_01,count_only,count_only_draw_1,1,0.001,43,1,e_vil_test1000,i2t.r5,0.901
count_only_draw_1__lr_0.001__seed_43__epoch_01,count_only,count_only_draw_1,1,0.001,43,1,e_vil_test1000,i2t.r10,0.944
count_only_draw_1__lr_0.001__seed_43__epoch_01,count_only,count_only_draw_1,1,0.001,43,1,e_vil_test1000,i2t.mean_rank,3.854
count_only_draw_1__lr_0.001__seed_43__epoch_01,count_only,count_only_draw_1,1,0.001,43,1,e_vil_test1000,i2t.median_rank,1.0
count_only_draw_1__lr_0.001__seed_43__epoch_01,count_only,count_only_draw_1,1,0.001,43,1,e_vil_test1000,t2i.r1,0.4322
count_only_draw_1__lr_0.001__seed_43__epoch_01,count_only,count_only_draw_1,1,0.001,43,1,e_vil_test1000,t2i.r5,0.6952
count_only_draw_1__lr_0.001__seed_43__epoch_01,count_only,count_only_draw_1,1,0.001,43,1,e_vil_test1000,t2i.r10,0.7806
count_only_draw_1__lr_0.001__seed_43__epoch_01,count_only,count_only_draw_1,1,0.001,43,1,e_vil_test1000,t2i.mean_rank,16.1686
count_only_draw_1__lr_0.001__seed_43__epoch_01,count_only,count_only_draw_1,1,0.001,43,1,e_vil_test1000,t2i.median_rank,2.0
count_only_draw_1__lr_0.001__seed_43__epoch_01,count_only,count_only_draw_1,1,0.001,43,1,e_vil_test1000,mean_bidirectional_r1,0.5761
count_only_draw_1__lr_0.001__seed_43__epoch_01,count_only,count_only_draw_1,1,0.001,43,1,sugarcrepe,positive1_accuracy,0.8049527359872187
count_only_draw_1__lr_0.001__seed_43__epoch_01,count_only,count_only_draw_1,1,0.001,43,1,sugarcrepe,accuracy,0.8049527359872187
count_only_draw_1__lr_0.001__seed_43__epoch_01,count_only,count_only_draw_1,1,0.001,43,1,sugarcrepe_pp,positive1_accuracy,0.7649779272650831
count_only_draw_1__lr_0.001__seed_43__epoch_01,count_only,count_only_draw_1,1,0.001,43,1,sugarcrepe_pp,positive2_accuracy,0.7153668278326677
count_only_draw_1__lr_0.001__seed_43__epoch_01,count_only,count_only_draw_1,1,0.001,43,1,sugarcrepe_pp,both_accuracy,0.644313643052344
count_only_draw_1__lr_0.001__seed_43__epoch_01,count_only,count_only_draw_1,1,0.001,43,1,sugarcrepe_pp,accuracy,0.644313643052344
count_only_draw_1__lr_0.001__seed_43__epoch_01,count_only,count_only_draw_1,1,0.001,43,1,visual_entailment,accuracy,0.7935367955137917
count_only_draw_1__lr_0.001__seed_43__epoch_05,count_only,count_only_draw_1,1,0.001,43,5,e_vil_test1000,i2t.r1,0.699
count_only_draw_1__lr_0.001__seed_43__epoch_05,count_only,count_only_draw_1,1,0.001,43,5,e_vil_test1000,i2t.r5,0.888
count_only_draw_1__lr_0.001__seed_43__epoch_05,count_only,count_only_draw_1,1,0.001,43,5,e_vil_test1000,i2t.r10,0.931
count_only_draw_1__lr_0.001__seed_43__epoch_05,count_only,count_only_draw_1,1,0.001,43,5,e_vil_test1000,i2t.mean_rank,4.214
count_only_draw_1__lr_0.001__seed_43__epoch_05,count_only,count_only_draw_1,1,0.001,43,5,e_vil_test1000,i2t.median_rank,1.0
count_only_draw_1__lr_0.001__seed_43__epoch_05,count_only,count_only_draw_1,1,0.001,43,5,e_vil_test1000,t2i.r1,0.5014
count_only_draw_1__lr_0.001__seed_43__epoch_05,count_only,count_only_draw_1,1,0.001,43,5,e_vil_test1000,t2i.r5,0.7676
count_only_draw_1__lr_0.001__seed_43__epoch_05,count_only,count_only_draw_1,1,0.001,43,5,e_vil_test1000,t2i.r10,0.8468
count_only_draw_1__lr_0.001__seed_43__epoch_05,count_only,count_only_draw_1,1,0.001,43,5,e_vil_test1000,t2i.mean_rank,10.4082
count_only_draw_1__lr_0.001__seed_43__epoch_05,count_only,count_only_draw_1,1,0.001,43,5,e_vil_test1000,t2i.median_rank,1.0
count_only_draw_1__lr_0.001__seed_43__epoch_05,count_only,count_only_draw_1,1,0.001,43,5,e_vil_test1000,mean_bidirectional_r1,0.6002
count_only_draw_1__lr_0.001__seed_43__epoch_05,count_only,count_only_draw_1,1,0.001,43,5,sugarcrepe,positive1_accuracy,0.7855145786180269
count_only_draw_1__lr_0.001__seed_43__epoch_05,count_only,count_only_draw_1,1,0.001,43,5,sugarcrepe,accuracy,0.7855145786180269
count_only_draw_1__lr_0.001__seed_43__epoch_05,count_only,count_only_draw_1,1,0.001,43,5,sugarcrepe_pp,positive1_accuracy,0.7590918646205592
count_only_draw_1__lr_0.001__seed_43__epoch_05,count_only,count_only_draw_1,1,0.001,43,5,sugarcrepe_pp,positive2_accuracy,0.6821526171957116
count_only_draw_1__lr_0.001__seed_43__epoch_05,count_only,count_only_draw_1,1,0.001,43,5,sugarcrepe_pp,both_accuracy,0.6203489594282111
count_only_draw_1__lr_0.001__seed_43__epoch_05,count_only,count_only_draw_1,1,0.001,43,5,sugarcrepe_pp,accuracy,0.6203489594282111
count_only_draw_1__lr_0.001__seed_43__epoch_05,count_only,count_only_draw_1,1,0.001,43,5,visual_entailment,accuracy,0.7372250797036334
count_only_draw_1__lr_0.001__seed_43__epoch_10,count_only,count_only_draw_1,1,0.001,43,10,coco_karpathy,i2t.r1,0.336
count_only_draw_1__lr_0.001__seed_43__epoch_10,count_only,count_only_draw_1,1,0.001,43,10,coco_karpathy,i2t.r5,0.5974
count_only_draw_1__lr_0.001__seed_43__epoch_10,count_only,count_only_draw_1,1,0.001,43,10,coco_karpathy,i2t.r10,0.7022
count_only_draw_1__lr_0.001__seed_43__epoch_10,count_only,count_only_draw_1,1,0.001,43,10,coco_karpathy,i2t.mean_rank,25.8016
count_only_draw_1__lr_0.001__seed_43__epoch_10,count_only,count_only_draw_1,1,0.001,43,10,coco_karpathy,i2t.median_rank,3.0
count_only_draw_1__lr_0.001__seed_43__epoch_10,count_only,count_only_draw_1,1,0.001,43,10,coco_karpathy,t2i.r1,0.22544
count_only_draw_1__lr_0.001__seed_43__epoch_10,count_only,count_only_draw_1,1,0.001,43,10,coco_karpathy,t2i.r5,0.4584
count_only_draw_1__lr_0.001__seed_43__epoch_10,count_only,count_only_draw_1,1,0.001,43,10,coco_karpathy,t2i.r10,0.57576
count_only_draw_1__lr_0.001__seed_43__epoch_10,count_only,count_only_draw_1,1,0.001,43,10,coco_karpathy,t2i.mean_rank,44.95688
count_only_draw_1__lr_0.001__seed_43__epoch_10,count_only,count_only_draw_1,1,0.001,43,10,coco_karpathy,t2i.median_rank,7.0
count_only_draw_1__lr_0.001__seed_43__epoch_10,count_only,count_only_draw_1,1,0.001,43,10,coco_karpathy,mean_bidirectional_r1,0.28072
count_only_draw_1__lr_0.001__seed_43__epoch_10,count_only,count_only_draw_1,1,0.001,43,10,e_vil_test1000,i2t.r1,0.616
count_only_draw_1__lr_0.001__seed_43__epoch_10,count_only,count_only_draw_1,1,0.001,43,10,e_vil_test1000,i2t.r5,0.851
count_only_draw_1__lr_0.001__seed_43__epoch_10,count_only,count_only_draw_1,1,0.001,43,10,e_vil_test1000,i2t.r10,0.901
count_only_draw_1__lr_0.001__seed_43__epoch_10,count_only,count_only_draw_1,1,0.001,43,10,e_vil_test1000,i2t.mean_rank,6.653
count_only_draw_1__lr_0.001__seed_43__epoch_10,count_only,count_only_draw_1,1,0.001,43,10,e_vil_test1000,i2t.median_rank,1.0
count_only_draw_1__lr_0.001__seed_43__epoch_10,count_only,count_only_draw_1,1,0.001,43,10,e_vil_test1000,t2i.r1,0.4522
count_only_draw_1__lr_0.001__seed_43__epoch_10,count_only,count_only_draw_1,1,0.001,43,10,e_vil_test1000,t2i.r5,0.7302
count_only_draw_1__lr_0.001__seed_43__epoch_10,count_only,count_only_draw_1,1,0.001,43,10,e_vil_test1000,t2i.r10,0.822
count_only_draw_1__lr_0.001__seed_43__epoch_10,count_only,count_only_draw_1,1,0.001,43,10,e_vil_test1000,t2i.mean_rank,13.3638
count_only_draw_1__lr_0.001__seed_43__epoch_10,count_only,count_only_draw_1,1,0.001,43,10,e_vil_test1000,t2i.median_rank,2.0
count_only_draw_1__lr_0.001__seed_43__epoch_10,count_only,count_only_draw_1,1,0.001,43,10,e_vil_test1000,mean_bidirectional_r1,0.5341
count_only_draw_1__lr_0.001__seed_43__epoch_10,count_only,count_only_draw_1,1,0.001,43,10,sugarcrepe,positive1_accuracy,0.7821861270137133
count_only_draw_1__lr_0.001__seed_43__epoch_10,count_only,count_only_draw_1,1,0.001,43,10,sugarcrepe,accuracy,0.7821861270137133
count_only_draw_1__lr_0.001__seed_43__epoch_10,count_only,count_only_draw_1,1,0.001,43,10,sugarcrepe_pp,positive1_accuracy,0.7595122976665966
count_only_draw_1__lr_0.001__seed_43__epoch_10,count_only,count_only_draw_1,1,0.001,43,10,sugarcrepe_pp,positive2_accuracy,0.6651250788311961
count_only_draw_1__lr_0.001__seed_43__epoch_10,count_only,count_only_draw_1,1,0.001,43,10,sugarcrepe_pp,both_accuracy,0.606684885431995
count_only_draw_1__lr_0.001__seed_43__epoch_10,count_only,count_only_draw_1,1,0.001,43,10,sugarcrepe_pp,accuracy,0.606684885431995
count_only_draw_1__lr_0.001__seed_43__epoch_10,count_only,count_only_draw_1,1,0.001,43,10,visual_entailment,accuracy,0.7450818478463478
count_only_draw_2__lr_0.0001__seed_17__epoch_00,count_only,count_only_draw_2,2,0.0001,17,0,coco_karpathy,i2t.r1,0.5632
count_only_draw_2__lr_0.0001__seed_17__epoch_00,count_only,count_only_draw_2,2,0.0001,17,0,coco_karpathy,i2t.r5,0.7982
count_only_draw_2__lr_0.0001__seed_17__epoch_00,count_only,count_only_draw_2,2,0.0001,17,0,coco_karpathy,i2t.r10,0.8712
count_only_draw_2__lr_0.0001__seed_17__epoch_00,count_only,count_only_draw_2,2,0.0001,17,0,coco_karpathy,i2t.mean_rank,6.9402
count_only_draw_2__lr_0.0001__seed_17__epoch_00,count_only,count_only_draw_2,2,0.0001,17,0,coco_karpathy,i2t.median_rank,1.0
count_only_draw_2__lr_0.0001__seed_17__epoch_00,count_only,count_only_draw_2,2,0.0001,17,0,coco_karpathy,t2i.r1,0.39348
count_only_draw_2__lr_0.0001__seed_17__epoch_00,count_only,count_only_draw_2,2,0.0001,17,0,coco_karpathy,t2i.r5,0.65404
count_only_draw_2__lr_0.0001__seed_17__epoch_00,count_only,count_only_draw_2,2,0.0001,17,0,coco_karpathy,t2i.r10,0.7562
count_only_draw_2__lr_0.0001__seed_17__epoch_00,count_only,count_only_draw_2,2,0.0001,17,0,coco_karpathy,t2i.mean_rank,17.9344
count_only_draw_2__lr_0.0001__seed_17__epoch_00,count_only,count_only_draw_2,2,0.0001,17,0,coco_karpathy,t2i.median_rank,2.0
count_only_draw_2__lr_0.0001__seed_17__epoch_00,count_only,count_only_draw_2,2,0.0001,17,0,coco_karpathy,mean_bidirectional_r1,0.47834
count_only_draw_2__lr_0.0001__seed_17__epoch_00,count_only,count_only_draw_2,2,0.0001,17,0,e_vil_test1000,i2t.r1,0.845
count_only_draw_2__lr_0.0001__seed_17__epoch_00,count_only,count_only_draw_2,2,0.0001,17,0,e_vil_test1000,i2t.r5,0.96
count_only_draw_2__lr_0.0001__seed_17__epoch_00,count_only,count_only_draw_2,2,0.0001,17,0,e_vil_test1000,i2t.r10,0.985
count_only_draw_2__lr_0.0001__seed_17__epoch_00,count_only,count_only_draw_2,2,0.0001,17,0,e_vil_test1000,i2t.mean_rank,1.743
count_only_draw_2__lr_0.0001__seed_17__epoch_00,count_only,count_only_draw_2,2,0.0001,17,0,e_vil_test1000,i2t.median_rank,1.0
count_only_draw_2__lr_0.0001__seed_17__epoch_00,count_only,count_only_draw_2,2,0.0001,17,0,e_vil_test1000,t2i.r1,0.6976
count_only_draw_2__lr_0.0001__seed_17__epoch_00,count_only,count_only_draw_2,2,0.0001,17,0,e_vil_test1000,t2i.r5,0.8968
count_only_draw_2__lr_0.0001__seed_17__epoch_00,count_only,count_only_draw_2,2,0.0001,17,0,e_vil_test1000,t2i.r10,0.9376
count_only_draw_2__lr_0.0001__seed_17__epoch_00,count_only,count_only_draw_2,2,0.0001,17,0,e_vil_test1000,t2i.mean_rank,4.6174
count_only_draw_2__lr_0.0001__seed_17__epoch_00,count_only,count_only_draw_2,2,0.0001,17,0,e_vil_test1000,t2i.median_rank,1.0
count_only_draw_2__lr_0.0001__seed_17__epoch_00,count_only,count_only_draw_2,2,0.0001,17,0,e_vil_test1000,mean_bidirectional_r1,0.7713
count_only_draw_2__lr_0.0001__seed_17__epoch_00,count_only,count_only_draw_2,2,0.0001,17,0,sugarcrepe,positive1_accuracy,0.8121421914525363
count_only_draw_2__lr_0.0001__seed_17__epoch_00,count_only,count_only_draw_2,2,0.0001,17,0,sugarcrepe,accuracy,0.8121421914525363
count_only_draw_2__lr_0.0001__seed_17__epoch_00,count_only,count_only_draw_2,2,0.0001,17,0,sugarcrepe_pp,positive1_accuracy,0.7946184570107211
count_only_draw_2__lr_0.0001__seed_17__epoch_00,count_only,count_only_draw_2,2,0.0001,17,0,sugarcrepe_pp,positive2_accuracy,0.7500525541307547
count_only_draw_2__lr_0.0001__seed_17__epoch_00,count_only,count_only_draw_2,2,0.0001,17,0,sugarcrepe_pp,both_accuracy,0.6895101955013664
count_only_draw_2__lr_0.0001__seed_17__epoch_00,count_only,count_only_draw_2,2,0.0001,17,0,sugarcrepe_pp,accuracy,0.6895101955013664
count_only_draw_2__lr_0.0001__seed_17__epoch_00,count_only,count_only_draw_2,2,0.0001,17,0,visual_entailment,accuracy,0.7947273164639607
count_only_draw_2__lr_0.0001__seed_17__epoch_01,count_only,count_only_draw_2,2,0.0001,17,1,e_vil_test1000,i2t.r1,0.79
count_only_draw_2__lr_0.0001__seed_17__epoch_01,count_only,count_only_draw_2,2,0.0001,17,1,e_vil_test1000,i2t.r5,0.95
count_only_draw_2__lr_0.0001__seed_17__epoch_01,count_only,count_only_draw_2,2,0.0001,17,1,e_vil_test1000,i2t.r10,0.972
count_only_draw_2__lr_0.0001__seed_17__epoch_01,count_only,count_only_draw_2,2,0.0001,17,1,e_vil_test1000,i2t.mean_rank,2.115
count_only_draw_2__lr_0.0001__seed_17__epoch_01,count_only,count_only_draw_2,2,0.0001,17,1,e_vil_test1000,i2t.median_rank,1.0
count_only_draw_2__lr_0.0001__seed_17__epoch_01,count_only,count_only_draw_2,2,0.0001,17,1,e_vil_test1000,t2i.r1,0.702
count_only_draw_2__lr_0.0001__seed_17__epoch_01,count_only,count_only_draw_2,2,0.0001,17,1,e_vil_test1000,t2i.r5,0.905
count_only_draw_2__lr_0.0001__seed_17__epoch_01,count_only,count_only_draw_2,2,0.0001,17,1,e_vil_test1000,t2i.r10,0.9428
count_only_draw_2__lr_0.0001__seed_17__epoch_01,count_only,count_only_draw_2,2,0.0001,17,1,e_vil_test1000,t2i.mean_rank,4.3282
count_only_draw_2__lr_0.0001__seed_17__epoch_01,count_only,count_only_draw_2,2,0.0001,17,1,e_vil_test1000,t2i.median_rank,1.0
count_only_draw_2__lr_0.0001__seed_17__epoch_01,count_only,count_only_draw_2,2,0.0001,17,1,e_vil_test1000,mean_bidirectional_r1,0.746
count_only_draw_2__lr_0.0001__seed_17__epoch_01,count_only,count_only_draw_2,2,0.0001,17,1,sugarcrepe,positive1_accuracy,0.8462255358807083
count_only_draw_2__lr_0.0001__seed_17__epoch_01,count_only,count_only_draw_2,2,0.0001,17,1,sugarcrepe,accuracy,0.8462255358807083
count_only_draw_2__lr_0.0001__seed_17__epoch_01,count_only,count_only_draw_2,2,0.0001,17,1,sugarcrepe_pp,positive1_accuracy,0.8063905822997688
count_only_draw_2__lr_0.0001__seed_17__epoch_01,count_only,count_only_draw_2,2,0.0001,17,1,sugarcrepe_pp,positive2_accuracy,0.7527853689299979
count_only_draw_2__lr_0.0001__seed_17__epoch_01,count_only,count_only_draw_2,2,0.0001,17,1,sugarcrepe_pp,both_accuracy,0.695606474668909
count_only_draw_2__lr_0.0001__seed_17__epoch_01,count_only,count_only_draw_2,2,0.0001,17,1,sugarcrepe_pp,accuracy,0.695606474668909
count_only_draw_2__lr_0.0001__seed_17__epoch_01,count_only,count_only_draw_2,2,0.0001,17,1,visual_entailment,accuracy,0.8365220925482204
count_only_draw_2__lr_0.0001__seed_17__epoch_05,count_only,count_only_draw_2,2,0.0001,17,5,e_vil_test1000,i2t.r1,0.789
count_only_draw_2__lr_0.0001__seed_17__epoch_05,count_only,count_only_draw_2,2,0.0001,17,5,e_vil_test1000,i2t.r5,0.946
count_only_draw_2__lr_0.0001__seed_17__epoch_05,count_only,count_only_draw_2,2,0.0001,17,5,e_vil_test1000,i2t.r10,0.967
count_only_draw_2__lr_0.0001__seed_17__epoch_05,count_only,count_only_draw_2,2,0.0001,17,5,e_vil_test1000,i2t.mean_rank,2.265
count_only_draw_2__lr_0.0001__seed_17__epoch_05,count_only,count_only_draw_2,2,0.0001,17,5,e_vil_test1000,i2t.median_rank,1.0
count_only_draw_2__lr_0.0001__seed_17__epoch_05,count_only,count_only_draw_2,2,0.0001,17,5,e_vil_test1000,t2i.r1,0.6612
count_only_draw_2__lr_0.0001__seed_17__epoch_05,count_only,count_only_draw_2,2,0.0001,17,5,e_vil_test1000,t2i.r5,0.888
count_only_draw_2__lr_0.0001__seed_17__epoch_05,count_only,count_only_draw_2,2,0.0001,17,5,e_vil_test1000,t2i.r10,0.93
count_only_draw_2__lr_0.0001__seed_17__epoch_05,count_only,count_only_draw_2,2,0.0001,17,5,e_vil_test1000,t2i.mean_rank,5.1978
count_only_draw_2__lr_0.0001__seed_17__epoch_05,count_only,count_only_draw_2,2,0.0001,17,5,e_vil_test1000,t2i.median_rank,1.0
count_only_draw_2__lr_0.0001__seed_17__epoch_05,count_only,count_only_draw_2,2,0.0001,17,5,e_vil_test1000,mean_bidirectional_r1,0.7251000000000001
count_only_draw_2__lr_0.0001__seed_17__epoch_05,count_only,count_only_draw_2,2,0.0001,17,5,sugarcrepe,positive1_accuracy,0.8330448675276262
count_only_draw_2__lr_0.0001__seed_17__epoch_05,count_only,count_only_draw_2,2,0.0001,17,5,sugarcrepe,accuracy,0.8330448675276262
count_only_draw_2__lr_0.0001__seed_17__epoch_05,count_only,count_only_draw_2,2,0.0001,17,5,sugarcrepe_pp,positive1_accuracy,0.7952491065797772
count_only_draw_2__lr_0.0001__seed_17__epoch_05,count_only,count_only_draw_2,2,0.0001,17,5,sugarcrepe_pp,positive2_accuracy,0.7094807651881437
count_only_draw_2__lr_0.0001__seed_17__epoch_05,count_only,count_only_draw_2,2,0.0001,17,5,sugarcrepe_pp,both_accuracy,0.6581879335715787
count_only_draw_2__lr_0.0001__seed_17__epoch_05,count_only,count_only_draw_2,2,0.0001,17,5,sugarcrepe_pp,accuracy,0.6581879335715787
count_only_draw_2__lr_0.0001__seed_17__epoch_05,count_only,count_only_draw_2,2,0.0001,17,5,visual_entailment,accuracy,0.8141745983381764
count_only_draw_2__lr_0.0001__seed_17__epoch_10,count_only,count_only_draw_2,2,0.0001,17,10,coco_karpathy,i2t.r1,0.4998
count_only_draw_2__lr_0.0001__seed_17__epoch_10,count_only,count_only_draw_2,2,0.0001,17,10,coco_karpathy,i2t.r5,0.7508
count_only_draw_2__lr_0.0001__seed_17__epoch_10,count_only,count_only_draw_2,2,0.0001,17,10,coco_karpathy,i2t.r10,0.83
count_only_draw_2__lr_0.0001__seed_17__epoch_10,count_only,count_only_draw_2,2,0.0001,17,10,coco_karpathy,i2t.mean_rank,9.9512
count_only_draw_2__lr_0.0001__seed_17__epoch_10,count_only,count_only_draw_2,2,0.0001,17,10,coco_karpathy,i2t.median_rank,2.0
count_only_draw_2__lr_0.0001__seed_17__epoch_10,count_only,count_only_draw_2,2,0.0001,17,10,coco_karpathy,t2i.r1,0.35148
count_only_draw_2__lr_0.0001__seed_17__epoch_10,count_only,count_only_draw_2,2,0.0001,17,10,coco_karpathy,t2i.r5,0.6132
count_only_draw_2__lr_0.0001__seed_17__epoch_10,count_only,count_only_draw_2,2,0.0001,17,10,coco_karpathy,t2i.r10,0.71776
count_only_draw_2__lr_0.0001__seed_17__epoch_10,count_only,count_only_draw_2,2,0.0001,17,10,coco_karpathy,t2i.mean_rank,21.0728
count_only_draw_2__lr_0.0001__seed_17__epoch_10,count_only,count_only_draw_2,2,0.0001,17,10,coco_karpathy,t2i.median_rank,3.0
count_only_draw_2__lr_0.0001__seed_17__epoch_10,count_only,count_only_draw_2,2,0.0001,17,10,coco_karpathy,mean_bidirectional_r1,0.42564
count_only_draw_2__lr_0.0001__seed_17__epoch_10,count_only,count_only_draw_2,2,0.0001,17,10,e_vil_test1000,i2t.r1,0.798
count_only_draw_2__lr_0.0001__seed_17__epoch_10,count_only,count_only_draw_2,2,0.0001,17,10,e_vil_test1000,i2t.r5,0.941
count_only_draw_2__lr_0.0001__seed_17__epoch_10,count_only,count_only_draw_2,2,0.0001,17,10,e_vil_test1000,i2t.r10,0.966
count_only_draw_2__lr_0.0001__seed_17__epoch_10,count_only,count_only_draw_2,2,0.0001,17,10,e_vil_test1000,i2t.mean_rank,2.258
count_only_draw_2__lr_0.0001__seed_17__epoch_10,count_only,count_only_draw_2,2,0.0001,17,10,e_vil_test1000,i2t.median_rank,1.0
count_only_draw_2__lr_0.0001__seed_17__epoch_10,count_only,count_only_draw_2,2,0.0001,17,10,e_vil_test1000,t2i.r1,0.6418
count_only_draw_2__lr_0.0001__seed_17__epoch_10,count_only,count_only_draw_2,2,0.0001,17,10,e_vil_test1000,t2i.r5,0.8732
count_only_draw_2__lr_0.0001__seed_17__epoch_10,count_only,count_only_draw_2,2,0.0001,17,10,e_vil_test1000,t2i.r10,0.9192
count_only_draw_2__lr_0.0001__seed_17__epoch_10,count_only,count_only_draw_2,2,0.0001,17,10,e_vil_test1000,t2i.mean_rank,5.894
count_only_draw_2__lr_0.0001__seed_17__epoch_10,count_only,count_only_draw_2,2,0.0001,17,10,e_vil_test1000,t2i.median_rank,1.0
count_only_draw_2__lr_0.0001__seed_17__epoch_10,count_only,count_only_draw_2,2,0.0001,17,10,e_vil_test1000,mean_bidirectional_r1,0.7199
count_only_draw_2__lr_0.0001__seed_17__epoch_10,count_only,count_only_draw_2,2,0.0001,17,10,sugarcrepe,positive1_accuracy,0.8265211023831713
count_only_draw_2__lr_0.0001__seed_17__epoch_10,count_only,count_only_draw_2,2,0.0001,17,10,sugarcrepe,accuracy,0.8265211023831713
count_only_draw_2__lr_0.0001__seed_17__epoch_10,count_only,count_only_draw_2,2,0.0001,17,10,sugarcrepe_pp,positive1_accuracy,0.7916754256884592
count_only_draw_2__lr_0.0001__seed_17__epoch_10,count_only,count_only_draw_2,2,0.0001,17,10,sugarcrepe_pp,positive2_accuracy,0.705696867773807
count_only_draw_2__lr_0.0001__seed_17__epoch_10,count_only,count_only_draw_2,2,0.0001,17,10,sugarcrepe_pp,both_accuracy,0.6497792726508304
count_only_draw_2__lr_0.0001__seed_17__epoch_10,count_only,count_only_draw_2,2,0.0001,17,10,sugarcrepe_pp,accuracy,0.6497792726508304
count_only_draw_2__lr_0.0001__seed_17__epoch_10,count_only,count_only_draw_2,2,0.0001,17,10,visual_entailment,accuracy,0.7925506375193936
count_only_draw_2__lr_0.0001__seed_29__epoch_00,count_only,count_only_draw_2,2,0.0001,29,0,coco_karpathy,i2t.r1,0.5632
count_only_draw_2__lr_0.0001__seed_29__epoch_00,count_only,count_only_draw_2,2,0.0001,29,0,coco_karpathy,i2t.r5,0.7982
count_only_draw_2__lr_0.0001__seed_29__epoch_00,count_only,count_only_draw_2,2,0.0001,29,0,coco_karpathy,i2t.r10,0.8712
count_only_draw_2__lr_0.0001__seed_29__epoch_00,count_only,count_only_draw_2,2,0.0001,29,0,coco_karpathy,i2t.mean_rank,6.9402
count_only_draw_2__lr_0.0001__seed_29__epoch_00,count_only,count_only_draw_2,2,0.0001,29,0,coco_karpathy,i2t.median_rank,1.0
count_only_draw_2__lr_0.0001__seed_29__epoch_00,count_only,count_only_draw_2,2,0.0001,29,0,coco_karpathy,t2i.r1,0.39348
count_only_draw_2__lr_0.0001__seed_29__epoch_00,count_only,count_only_draw_2,2,0.0001,29,0,coco_karpathy,t2i.r5,0.65404
count_only_draw_2__lr_0.0001__seed_29__epoch_00,count_only,count_only_draw_2,2,0.0001,29,0,coco_karpathy,t2i.r10,0.7562
count_only_draw_2__lr_0.0001__seed_29__epoch_00,count_only,count_only_draw_2,2,0.0001,29,0,coco_karpathy,t2i.mean_rank,17.9344
count_only_draw_2__lr_0.0001__seed_29__epoch_00,count_only,count_only_draw_2,2,0.0001,29,0,coco_karpathy,t2i.median_rank,2.0
count_only_draw_2__lr_0.0001__seed_29__epoch_00,count_only,count_only_draw_2,2,0.0001,29,0,coco_karpathy,mean_bidirectional_r1,0.47834
count_only_draw_2__lr_0.0001__seed_29__epoch_00,count_only,count_only_draw_2,2,0.0001,29,0,e_vil_test1000,i2t.r1,0.845
count_only_draw_2__lr_0.0001__seed_29__epoch_00,count_only,count_only_draw_2,2,0.0001,29,0,e_vil_test1000,i2t.r5,0.96
count_only_draw_2__lr_0.0001__seed_29__epoch_00,count_only,count_only_draw_2,2,0.0001,29,0,e_vil_test1000,i2t.r10,0.985
count_only_draw_2__lr_0.0001__seed_29__epoch_00,count_only,count_only_draw_2,2,0.0001,29,0,e_vil_test1000,i2t.mean_rank,1.743
count_only_draw_2__lr_0.0001__seed_29__epoch_00,count_only,count_only_draw_2,2,0.0001,29,0,e_vil_test1000,i2t.median_rank,1.0
count_only_draw_2__lr_0.0001__seed_29__epoch_00,count_only,count_only_draw_2,2,0.0001,29,0,e_vil_test1000,t2i.r1,0.6976
count_only_draw_2__lr_0.0001__seed_29__epoch_00,count_only,count_only_draw_2,2,0.0001,29,0,e_vil_test1000,t2i.r5,0.8968
count_only_draw_2__lr_0.0001__seed_29__epoch_00,count_only,count_only_draw_2,2,0.0001,29,0,e_vil_test1000,t2i.r10,0.9376
count_only_draw_2__lr_0.0001__seed_29__epoch_00,count_only,count_only_draw_2,2,0.0001,29,0,e_vil_test1000,t2i.mean_rank,4.6174
count_only_draw_2__lr_0.0001__seed_29__epoch_00,count_only,count_only_draw_2,2,0.0001,29,0,e_vil_test1000,t2i.median_rank,1.0
count_only_draw_2__lr_0.0001__seed_29__epoch_00,count_only,count_only_draw_2,2,0.0001,29,0,e_vil_test1000,mean_bidirectional_r1,0.7713
count_only_draw_2__lr_0.0001__seed_29__epoch_00,count_only,count_only_draw_2,2,0.0001,29,0,sugarcrepe,positive1_accuracy,0.8121421914525363
count_only_draw_2__lr_0.0001__seed_29__epoch_00,count_only,count_only_draw_2,2,0.0001,29,0,sugarcrepe,accuracy,0.8121421914525363
count_only_draw_2__lr_0.0001__seed_29__epoch_00,count_only,count_only_draw_2,2,0.0001,29,0,sugarcrepe_pp,positive1_accuracy,0.7946184570107211
count_only_draw_2__lr_0.0001__seed_29__epoch_00,count_only,count_only_draw_2,2,0.0001,29,0,sugarcrepe_pp,positive2_accuracy,0.7500525541307547
count_only_draw_2__lr_0.0001__seed_29__epoch_00,count_only,count_only_draw_2,2,0.0001,29,0,sugarcrepe_pp,both_accuracy,0.6895101955013664
count_only_draw_2__lr_0.0001__seed_29__epoch_00,count_only,count_only_draw_2,2,0.0001,29,0,sugarcrepe_pp,accuracy,0.6895101955013664
count_only_draw_2__lr_0.0001__seed_29__epoch_00,count_only,count_only_draw_2,2,0.0001,29,0,visual_entailment,accuracy,0.7947273164639607
count_only_draw_2__lr_0.0001__seed_29__epoch_01,count_only,count_only_draw_2,2,0.0001,29,1,e_vil_test1000,i2t.r1,0.801
count_only_draw_2__lr_0.0001__seed_29__epoch_01,count_only,count_only_draw_2,2,0.0001,29,1,e_vil_test1000,i2t.r5,0.948
count_only_draw_2__lr_0.0001__seed_29__epoch_01,count_only,count_only_draw_2,2,0.0001,29,1,e_vil_test1000,i2t.r10,0.974
count_only_draw_2__lr_0.0001__seed_29__epoch_01,count_only,count_only_draw_2,2,0.0001,29,1,e_vil_test1000,i2t.mean_rank,2.06
count_only_draw_2__lr_0.0001__seed_29__epoch_01,count_only,count_only_draw_2,2,0.0001,29,1,e_vil_test1000,i2t.median_rank,1.0
count_only_draw_2__lr_0.0001__seed_29__epoch_01,count_only,count_only_draw_2,2,0.0001,29,1,e_vil_test1000,t2i.r1,0.7014
count_only_draw_2__lr_0.0001__seed_29__epoch_01,count_only,count_only_draw_2,2,0.0001,29,1,e_vil_test1000,t2i.r5,0.9062
count_only_draw_2__lr_0.0001__seed_29__epoch_01,count_only,count_only_draw_2,2,0.0001,29,1,e_vil_test1000,t2i.r10,0.9452
count_only_draw_2__lr_0.0001__seed_29__epoch_01,count_only,count_only_draw_2,2,0.0001,29,1,e_vil_test1000,t2i.mean_rank,4.3278
count_only_draw_2__lr_0.0001__seed_29__epoch_01,count_only,count_only_draw_2,2,0.0001,29,1,e_vil_test1000,t2i.median_rank,1.0
count_only_draw_2__lr_0.0001__seed_29__epoch_01,count_only,count_only_draw_2,2,0.0001,29,1,e_vil_test1000,mean_bidirectional_r1,0.7512000000000001
count_only_draw_2__lr_0.0001__seed_29__epoch_01,count_only,count_only_draw_2,2,0.0001,29,1,sugarcrepe,positive1_accuracy,0.8428970842763946
count_only_draw_2__lr_0.0001__seed_29__epoch_01,count_only,count_only_draw_2,2,0.0001,29,1,sugarcrepe,accuracy,0.8428970842763946
count_only_draw_2__lr_0.0001__seed_29__epoch_01,count_only,count_only_draw_2,2,0.0001,29,1,sugarcrepe_pp,positive1_accuracy,0.8066007988227875
count_only_draw_2__lr_0.0001__seed_29__epoch_01,count_only,count_only_draw_2,2,0.0001,29,1,sugarcrepe_pp,positive2_accuracy,0.7546773176371663
count_only_draw_2__lr_0.0001__seed_29__epoch_01,count_only,count_only_draw_2,2,0.0001,29,1,sugarcrepe_pp,both_accuracy,0.6962371242379651
count_only_draw_2__lr_0.0001__seed_29__epoch_01,count_only,count_only_draw_2,2,0.0001,29,1,sugarcrepe_pp,accuracy,0.6962371242379651
count_only_draw_2__lr_0.0001__seed_29__epoch_01,count_only,count_only_draw_2,2,0.0001,29,1,visual_entailment,accuracy,0.8360568966616131
count_only_draw_2__lr_0.0001__seed_29__epoch_05,count_only,count_only_draw_2,2,0.0001,29,5,e_vil_test1000,i2t.r1,0.796
count_only_draw_2__lr_0.0001__seed_29__epoch_05,count_only,count_only_draw_2,2,0.0001,29,5,e_vil_test1000,i2t.r5,0.944
count_only_draw_2__lr_0.0001__seed_29__epoch_05,count_only,count_only_draw_2,2,0.0001,29,5,e_vil_test1000,i2t.r10,0.97
count_only_draw_2__lr_0.0001__seed_29__epoch_05,count_only,count_only_draw_2,2,0.0001,29,5,e_vil_test1000,i2t.mean_rank,2.25
count_only_draw_2__lr_0.0001__seed_29__epoch_05,count_only,count_only_draw_2,2,0.0001,29,5,e_vil_test1000,i2t.median_rank,1.0
count_only_draw_2__lr_0.0001__seed_29__epoch_05,count_only,count_only_draw_2,2,0.0001,29,5,e_vil_test1000,t2i.r1,0.661
count_only_draw_2__lr_0.0001__seed_29__epoch_05,count_only,count_only_draw_2,2,0.0001,29,5,e_vil_test1000,t2i.r5,0.8886
count_only_draw_2__lr_0.0001__seed_29__epoch_05,count_only,count_only_draw_2,2,0.0001,29,5,e_vil_test1000,t2i.r10,0.9326
count_only_draw_2__lr_0.0001__seed_29__epoch_05,count_only,count_only_draw_2,2,0.0001,29,5,e_vil_test1000,t2i.mean_rank,5.2022
count_only_draw_2__lr_0.0001__seed_29__epoch_05,count_only,count_only_draw_2,2,0.0001,29,5,e_vil_test1000,t2i.median_rank,1.0
count_only_draw_2__lr_0.0001__seed_29__epoch_05,count_only,count_only_draw_2,2,0.0001,29,5,e_vil_test1000,mean_bidirectional_r1,0.7285
count_only_draw_2__lr_0.0001__seed_29__epoch_05,count_only,count_only_draw_2,2,0.0001,29,5,sugarcrepe,positive1_accuracy,0.8326454533351085
count_only_draw_2__lr_0.0001__seed_29__epoch_05,count_only,count_only_draw_2,2,0.0001,29,5,sugarcrepe,accuracy,0.8326454533351085
count_only_draw_2__lr_0.0001__seed_29__epoch_05,count_only,count_only_draw_2,2,0.0001,29,5,sugarcrepe_pp,positive1_accuracy,0.7946184570107211
count_only_draw_2__lr_0.0001__seed_29__epoch_05,count_only,count_only_draw_2,2,0.0001,29,5,sugarcrepe_pp,positive2_accuracy,0.713685095648518
count_only_draw_2__lr_0.0001__seed_29__epoch_05,count_only,count_only_draw_2,2,0.0001,29,5,sugarcrepe_pp,both_accuracy,0.6596594492327097
count_only_draw_2__lr_0.0001__seed_29__epoch_05,count_only,count_only_draw_2,2,0.0001,29,5,sugarcrepe_pp,accuracy,0.6596594492327097
count_only_draw_2__lr_0.0001__seed_29__epoch_05,count_only,count_only_draw_2,2,0.0001,29,5,visual_entailment,accuracy,0.8117981278813302
count_only_draw_2__lr_0.0001__seed_29__epoch_10,count_only,count_only_draw_2,2,0.0001,29,10,coco_karpathy,i2t.r1,0.5018
count_only_draw_2__lr_0.0001__seed_29__epoch_10,count_only,count_only_draw_2,2,0.0001,29,10,coco_karpathy,i2t.r5,0.752
count_only_draw_2__lr_0.0001__seed_29__epoch_10,count_only,count_only_draw_2,2,0.0001,29,10,coco_karpathy,i2t.r10,0.8334
count_only_draw_2__lr_0.0001__seed_29__epoch_10,count_only,count_only_draw_2,2,0.0001,29,10,coco_karpathy,i2t.mean_rank,9.7212
count_only_draw_2__lr_0.0001__seed_29__epoch_10,count_only,count_only_draw_2,2,0.0001,29,10,coco_karpathy,i2t.median_rank,1.0
count_only_draw_2__lr_0.0001__seed_29__epoch_10,count_only,count_only_draw_2,2,0.0001,29,10,coco_karpathy,t2i.r1,0.3514
count_only_draw_2__lr_0.0001__seed_29__epoch_10,count_only,count_only_draw_2,2,0.0001,29,10,coco_karpathy,t2i.r5,0.61204
count_only_draw_2__lr_0.0001__seed_29__epoch_10,count_only,count_only_draw_2,2,0.0001,29,10,coco_karpathy,t2i.r10,0.71768
count_only_draw_2__lr_0.0001__seed_29__epoch_10,count_only,count_only_draw_2,2,0.0001,29,10,coco_karpathy,t2i.mean_rank,21.2624
count_only_draw_2__lr_0.0001__seed_29__epoch_10,count_only,count_only_draw_2,2,0.0001,29,10,coco_karpathy,t2i.median_rank,3.0
count_only_draw_2__lr_0.0001__seed_29__epoch_10,count_only,count_only_draw_2,2,0.0001,29,10,coco_karpathy,mean_bidirectional_r1,0.4266
count_only_draw_2__lr_0.0001__seed_29__epoch_10,count_only,count_only_draw_2,2,0.0001,29,10,e_vil_test1000,i2t.r1,0.806
count_only_draw_2__lr_0.0001__seed_29__epoch_10,count_only,count_only_draw_2,2,0.0001,29,10,e_vil_test1000,i2t.r5,0.942
count_only_draw_2__lr_0.0001__seed_29__epoch_10,count_only,count_only_draw_2,2,0.0001,29,10,e_vil_test1000,i2t.r10,0.967
count_only_draw_2__lr_0.0001__seed_29__epoch_10,count_only,count_only_draw_2,2,0.0001,29,10,e_vil_test1000,i2t.mean_rank,2.343
count_only_draw_2__lr_0.0001__seed_29__epoch_10,count_only,count_only_draw_2,2,0.0001,29,10,e_vil_test1000,i2t.median_rank,1.0
count_only_draw_2__lr_0.0001__seed_29__epoch_10,count_only,count_only_draw_2,2,0.0001,29,10,e_vil_test1000,t2i.r1,0.6414
count_only_draw_2__lr_0.0001__seed_29__epoch_10,count_only,count_only_draw_2,2,0.0001,29,10,e_vil_test1000,t2i.r5,0.875
count_only_draw_2__lr_0.0001__seed_29__epoch_10,count_only,count_only_draw_2,2,0.0001,29,10,e_vil_test1000,t2i.r10,0.921
count_only_draw_2__lr_0.0001__seed_29__epoch_10,count_only,count_only_draw_2,2,0.0001,29,10,e_vil_test1000,t2i.mean_rank,5.9026
count_only_draw_2__lr_0.0001__seed_29__epoch_10,count_only,count_only_draw_2,2,0.0001,29,10,e_vil_test1000,t2i.median_rank,1.0
count_only_draw_2__lr_0.0001__seed_29__epoch_10,count_only,count_only_draw_2,2,0.0001,29,10,e_vil_test1000,mean_bidirectional_r1,0.7237
count_only_draw_2__lr_0.0001__seed_29__epoch_10,count_only,count_only_draw_2,2,0.0001,29,10,sugarcrepe,positive1_accuracy,0.8245240314205832
count_only_draw_2__lr_0.0001__seed_29__epoch_10,count_only,count_only_draw_2,2,0.0001,29,10,sugarcrepe,accuracy,0.8245240314205832
count_only_draw_2__lr_0.0001__seed_29__epoch_10,count_only,count_only_draw_2,2,0.0001,29,10,sugarcrepe_pp,positive1_accuracy,0.7935673743956275
count_only_draw_2__lr_0.0001__seed_29__epoch_10,count_only,count_only_draw_2,2,0.0001,29,10,sugarcrepe_pp,positive2_accuracy,0.7038049190666387
count_only_draw_2__lr_0.0001__seed_29__epoch_10,count_only,count_only_draw_2,2,0.0001,29,10,sugarcrepe_pp,both_accuracy,0.6497792726508304
count_only_draw_2__lr_0.0001__seed_29__epoch_10,count_only,count_only_draw_2,2,0.0001,29,10,sugarcrepe_pp,accuracy,0.6497792726508304
count_only_draw_2__lr_0.0001__seed_29__epoch_10,count_only,count_only_draw_2,2,0.0001,29,10,visual_entailment,accuracy,0.7874849253072944
count_only_draw_2__lr_0.0001__seed_43__epoch_00,count_only,count_only_draw_2,2,0.0001,43,0,coco_karpathy,i2t.r1,0.5632
count_only_draw_2__lr_0.0001__seed_43__epoch_00,count_only,count_only_draw_2,2,0.0001,43,0,coco_karpathy,i2t.r5,0.7982
count_only_draw_2__lr_0.0001__seed_43__epoch_00,count_only,count_only_draw_2,2,0.0001,43,0,coco_karpathy,i2t.r10,0.8712
count_only_draw_2__lr_0.0001__seed_43__epoch_00,count_only,count_only_draw_2,2,0.0001,43,0,coco_karpathy,i2t.mean_rank,6.9402
count_only_draw_2__lr_0.0001__seed_43__epoch_00,count_only,count_only_draw_2,2,0.0001,43,0,coco_karpathy,i2t.median_rank,1.0
count_only_draw_2__lr_0.0001__seed_43__epoch_00,count_only,count_only_draw_2,2,0.0001,43,0,coco_karpathy,t2i.r1,0.39348
count_only_draw_2__lr_0.0001__seed_43__epoch_00,count_only,count_only_draw_2,2,0.0001,43,0,coco_karpathy,t2i.r5,0.65404
count_only_draw_2__lr_0.0001__seed_43__epoch_00,count_only,count_only_draw_2,2,0.0001,43,0,coco_karpathy,t2i.r10,0.7562
count_only_draw_2__lr_0.0001__seed_43__epoch_00,count_only,count_only_draw_2,2,0.0001,43,0,coco_karpathy,t2i.mean_rank,17.9344
count_only_draw_2__lr_0.0001__seed_43__epoch_00,count_only,count_only_draw_2,2,0.0001,43,0,coco_karpathy,t2i.median_rank,2.0
count_only_draw_2__lr_0.0001__seed_43__epoch_00,count_only,count_only_draw_2,2,0.0001,43,0,coco_karpathy,mean_bidirectional_r1,0.47834
count_only_draw_2__lr_0.0001__seed_43__epoch_00,count_only,count_only_draw_2,2,0.0001,43,0,e_vil_test1000,i2t.r1,0.845
count_only_draw_2__lr_0.0001__seed_43__epoch_00,count_only,count_only_draw_2,2,0.0001,43,0,e_vil_test1000,i2t.r5,0.96
count_only_draw_2__lr_0.0001__seed_43__epoch_00,count_only,count_only_draw_2,2,0.0001,43,0,e_vil_test1000,i2t.r10,0.985
count_only_draw_2__lr_0.0001__seed_43__epoch_00,count_only,count_only_draw_2,2,0.0001,43,0,e_vil_test1000,i2t.mean_rank,1.743
count_only_draw_2__lr_0.0001__seed_43__epoch_00,count_only,count_only_draw_2,2,0.0001,43,0,e_vil_test1000,i2t.median_rank,1.0
count_only_draw_2__lr_0.0001__seed_43__epoch_00,count_only,count_only_draw_2,2,0.0001,43,0,e_vil_test1000,t2i.r1,0.6976
count_only_draw_2__lr_0.0001__seed_43__epoch_00,count_only,count_only_draw_2,2,0.0001,43,0,e_vil_test1000,t2i.r5,0.8968
count_only_draw_2__lr_0.0001__seed_43__epoch_00,count_only,count_only_draw_2,2,0.0001,43,0,e_vil_test1000,t2i.r10,0.9376
count_only_draw_2__lr_0.0001__seed_43__epoch_00,count_only,count_only_draw_2,2,0.0001,43,0,e_vil_test1000,t2i.mean_rank,4.6174
count_only_draw_2__lr_0.0001__seed_43__epoch_00,count_only,count_only_draw_2,2,0.0001,43,0,e_vil_test1000,t2i.median_rank,1.0
count_only_draw_2__lr_0.0001__seed_43__epoch_00,count_only,count_only_draw_2,2,0.0001,43,0,e_vil_test1000,mean_bidirectional_r1,0.7713
count_only_draw_2__lr_0.0001__seed_43__epoch_00,count_only,count_only_draw_2,2,0.0001,43,0,sugarcrepe,positive1_accuracy,0.8121421914525363
count_only_draw_2__lr_0.0001__seed_43__epoch_00,count_only,count_only_draw_2,2,0.0001,43,0,sugarcrepe,accuracy,0.8121421914525363
count_only_draw_2__lr_0.0001__seed_43__epoch_00,count_only,count_only_draw_2,2,0.0001,43,0,sugarcrepe_pp,positive1_accuracy,0.7946184570107211
count_only_draw_2__lr_0.0001__seed_43__epoch_00,count_only,count_only_draw_2,2,0.0001,43,0,sugarcrepe_pp,positive2_accuracy,0.7500525541307547
count_only_draw_2__lr_0.0001__seed_43__epoch_00,count_only,count_only_draw_2,2,0.0001,43,0,sugarcrepe_pp,both_accuracy,0.6895101955013664
count_only_draw_2__lr_0.0001__seed_43__epoch_00,count_only,count_only_draw_2,2,0.0001,43,0,sugarcrepe_pp,accuracy,0.6895101955013664
count_only_draw_2__lr_0.0001__seed_43__epoch_00,count_only,count_only_draw_2,2,0.0001,43,0,visual_entailment,accuracy,0.7947273164639607
count_only_draw_2__lr_0.0001__seed_43__epoch_01,count_only,count_only_draw_2,2,0.0001,43,1,e_vil_test1000,i2t.r1,0.794
count_only_draw_2__lr_0.0001__seed_43__epoch_01,count_only,count_only_draw_2,2,0.0001,43,1,e_vil_test1000,i2t.r5,0.949
count_only_draw_2__lr_0.0001__seed_43__epoch_01,count_only,count_only_draw_2,2,0.0001,43,1,e_vil_test1000,i2t.r10,0.974
count_only_draw_2__lr_0.0001__seed_43__epoch_01,count_only,count_only_draw_2,2,0.0001,43,1,e_vil_test1000,i2t.mean_rank,2.106
count_only_draw_2__lr_0.0001__seed_43__epoch_01,count_only,count_only_draw_2,2,0.0001,43,1,e_vil_test1000,i2t.median_rank,1.0
count_only_draw_2__lr_0.0001__seed_43__epoch_01,count_only,count_only_draw_2,2,0.0001,43,1,e_vil_test1000,t2i.r1,0.7004
count_only_draw_2__lr_0.0001__seed_43__epoch_01,count_only,count_only_draw_2,2,0.0001,43,1,e_vil_test1000,t2i.r5,0.9048
count_only_draw_2__lr_0.0001__seed_43__epoch_01,count_only,count_only_draw_2,2,0.0001,43,1,e_vil_test1000,t2i.r10,0.945
count_only_draw_2__lr_0.0001__seed_43__epoch_01,count_only,count_only_draw_2,2,0.0001,43,1,e_vil_test1000,t2i.mean_rank,4.3296
count_only_draw_2__lr_0.0001__seed_43__epoch_01,count_only,count_only_draw_2,2,0.0001,43,1,e_vil_test1000,t2i.median_rank,1.0
count_only_draw_2__lr_0.0001__seed_43__epoch_01,count_only,count_only_draw_2,2,0.0001,43,1,e_vil_test1000,mean_bidirectional_r1,0.7472000000000001
count_only_draw_2__lr_0.0001__seed_43__epoch_01,count_only,count_only_draw_2,2,0.0001,43,1,sugarcrepe,positive1_accuracy,0.8451604313673279
count_only_draw_2__lr_0.0001__seed_43__epoch_01,count_only,count_only_draw_2,2,0.0001,43,1,sugarcrepe,accuracy,0.8451604313673279
count_only_draw_2__lr_0.0001__seed_43__epoch_01,count_only,count_only_draw_2,2,0.0001,43,1,sugarcrepe_pp,positive1_accuracy,0.8089131805759933
count_only_draw_2__lr_0.0001__seed_43__epoch_01,count_only,count_only_draw_2,2,0.0001,43,1,sugarcrepe_pp,positive2_accuracy,0.7546773176371663
count_only_draw_2__lr_0.0001__seed_43__epoch_01,count_only,count_only_draw_2,2,0.0001,43,1,sugarcrepe_pp,both_accuracy,0.6979188564221148
count_only_draw_2__lr_0.0001__seed_43__epoch_01,count_only,count_only_draw_2,2,0.0001,43,1,sugarcrepe_pp,accuracy,0.6979188564221148
count_only_draw_2__lr_0.0001__seed_43__epoch_01,count_only,count_only_draw_2,2,0.0001,43,1,visual_entailment,accuracy,0.8362645767866046
count_only_draw_2__lr_0.0001__seed_43__epoch_05,count_only,count_only_draw_2,2,0.0001,43,5,e_vil_test1000,i2t.r1,0.793
count_only_draw_2__lr_0.0001__seed_43__epoch_05,count_only,count_only_draw_2,2,0.0001,43,5,e_vil_test1000,i2t.r5,0.943
count_only_draw_2__lr_0.0001__seed_43__epoch_05,count_only,count_only_draw_2,2,0.0001,43,5,e_vil_test1000,i2t.r10,0.969
count_only_draw_2__lr_0.0001__seed_43__epoch_05,count_only,count_only_draw_2,2,0.0001,43,5,e_vil_test1000,i2t.mean_rank,2.253
count_only_draw_2__lr_0.0001__seed_43__epoch_05,count_only,count_only_draw_2,2,0.0001,43,5,e_vil_test1000,i2t.median_rank,1.0
count_only_draw_2__lr_0.0001__seed_43__epoch_05,count_only,count_only_draw_2,2,0.0001,43,5,e_vil_test1000,t2i.r1,0.6646
count_only_draw_2__lr_0.0001__seed_43__epoch_05,count_only,count_only_draw_2,2,0.0001,43,5,e_vil_test1000,t2i.r5,0.8898
count_only_draw_2__lr_0.0001__seed_43__epoch_05,count_only,count_only_draw_2,2,0.0001,43,5,e_vil_test1000,t2i.r10,0.932
count_only_draw_2__lr_0.0001__seed_43__epoch_05,count_only,count_only_draw_2,2,0.0001,43,5,e_vil_test1000,t2i.mean_rank,5.2226
count_only_draw_2__lr_0.0001__seed_43__epoch_05,count_only,count_only_draw_2,2,0.0001,43,5,e_vil_test1000,t2i.median_rank,1.0
count_only_draw_2__lr_0.0001__seed_43__epoch_05,count_only,count_only_draw_2,2,0.0001,43,5,e_vil_test1000,mean_bidirectional_r1,0.7288
count_only_draw_2__lr_0.0001__seed_43__epoch_05,count_only,count_only_draw_2,2,0.0001,43,5,sugarcrepe,positive1_accuracy,0.8351750765543869
count_only_draw_2__lr_0.0001__seed_43__epoch_05,count_only,count_only_draw_2,2,0.0001,43,5,sugarcrepe,accuracy,0.8351750765543869
count_only_draw_2__lr_0.0001__seed_43__epoch_05,count_only,count_only_draw_2,2,0.0001,43,5,sugarcrepe_pp,positive1_accuracy,0.7954593231027959
count_only_draw_2__lr_0.0001__seed_43__epoch_05,count_only,count_only_draw_2,2,0.0001,43,5,sugarcrepe_pp,positive2_accuracy,0.7124237965104058
count_only_draw_2__lr_0.0001__seed_43__epoch_05,count_only,count_only_draw_2,2,0.0001,43,5,sugarcrepe_pp,both_accuracy,0.6609207483708219
count_only_draw_2__lr_0.0001__seed_43__epoch_05,count_only,count_only_draw_2,2,0.0001,43,5,sugarcrepe_pp,accuracy,0.6609207483708219
count_only_draw_2__lr_0.0001__seed_43__epoch_05,count_only,count_only_draw_2,2,0.0001,43,5,visual_entailment,accuracy,0.8117567639604713
count_only_draw_2__lr_0.0001__seed_43__epoch_10,count_only,count_only_draw_2,2,0.0001,43,10,coco_karpathy,i2t.r1,0.5014
count_only_draw_2__lr_0.0001__seed_43__epoch_10,count_only,count_only_draw_2,2,0.0001,43,10,coco_karpathy,i2t.r5,0.7532
count_only_draw_2__lr_0.0001__seed_43__epoch_10,count_only,count_only_draw_2,2,0.0001,43,10,coco_karpathy,i2t.r10,0.833
count_only_draw_2__lr_0.0001__seed_43__epoch_10,count_only,count_only_draw_2,2,0.0001,43,10,coco_karpathy,i2t.mean_rank,9.896
count_only_draw_2__lr_0.0001__seed_43__epoch_10,count_only,count_only_draw_2,2,0.0001,43,10,coco_karpathy,i2t.median_rank,1.0
count_only_draw_2__lr_0.0001__seed_43__epoch_10,count_only,count_only_draw_2,2,0.0001,43,10,coco_karpathy,t2i.r1,0.35292
count_only_draw_2__lr_0.0001__seed_43__epoch_10,count_only,count_only_draw_2,2,0.0001,43,10,coco_karpathy,t2i.r5,0.61344
count_only_draw_2__lr_0.0001__seed_43__epoch_10,count_only,count_only_draw_2,2,0.0001,43,10,coco_karpathy,t2i.r10,0.72012
count_only_draw_2__lr_0.0001__seed_43__epoch_10,count_only,count_only_draw_2,2,0.0001,43,10,coco_karpathy,t2i.mean_rank,21.07032
count_only_draw_2__lr_0.0001__seed_43__epoch_10,count_only,count_only_draw_2,2,0.0001,43,10,coco_karpathy,t2i.median_rank,3.0
count_only_draw_2__lr_0.0001__seed_43__epoch_10,count_only,count_only_draw_2,2,0.0001,43,10,coco_karpathy,mean_bidirectional_r1,0.42716
count_only_draw_2__lr_0.0001__seed_43__epoch_10,count_only,count_only_draw_2,2,0.0001,43,10,e_vil_test1000,i2t.r1,0.801
count_only_draw_2__lr_0.0001__seed_43__epoch_10,count_only,count_only_draw_2,2,0.0001,43,10,e_vil_test1000,i2t.r5,0.938
count_only_draw_2__lr_0.0001__seed_43__epoch_10,count_only,count_only_draw_2,2,0.0001,43,10,e_vil_test1000,i2t.r10,0.966
count_only_draw_2__lr_0.0001__seed_43__epoch_10,count_only,count_only_draw_2,2,0.0001,43,10,e_vil_test1000,i2t.mean_rank,2.412
count_only_draw_2__lr_0.0001__seed_43__epoch_10,count_only,count_only_draw_2,2,0.0001,43,10,e_vil_test1000,i2t.median_rank,1.0
count_only_draw_2__lr_0.0001__seed_43__epoch_10,count_only,count_only_draw_2,2,0.0001,43,10,e_vil_test1000,t2i.r1,0.642
count_only_draw_2__lr_0.0001__seed_43__epoch_10,count_only,count_only_draw_2,2,0.0001,43,10,e_vil_test1000,t2i.r5,0.8734
count_only_draw_2__lr_0.0001__seed_43__epoch_10,count_only,count_only_draw_2,2,0.0001,43,10,e_vil_test1000,t2i.r10,0.9224
count_only_draw_2__lr_0.0001__seed_43__epoch_10,count_only,count_only_draw_2,2,0.0001,43,10,e_vil_test1000,t2i.mean_rank,5.7872
count_only_draw_2__lr_0.0001__seed_43__epoch_10,count_only,count_only_draw_2,2,0.0001,43,10,e_vil_test1000,t2i.median_rank,1.0
count_only_draw_2__lr_0.0001__seed_43__epoch_10,count_only,count_only_draw_2,2,0.0001,43,10,e_vil_test1000,mean_bidirectional_r1,0.7215
count_only_draw_2__lr_0.0001__seed_43__epoch_10,count_only,count_only_draw_2,2,0.0001,43,10,sugarcrepe,positive1_accuracy,0.8261216881906537
count_only_draw_2__lr_0.0001__seed_43__epoch_10,count_only,count_only_draw_2,2,0.0001,43,10,sugarcrepe,accuracy,0.8261216881906537
count_only_draw_2__lr_0.0001__seed_43__epoch_10,count_only,count_only_draw_2,2,0.0001,43,10,sugarcrepe_pp,positive1_accuracy,0.7918856422114778
count_only_draw_2__lr_0.0001__seed_43__epoch_10,count_only,count_only_draw_2,2,0.0001,43,10,sugarcrepe_pp,positive2_accuracy,0.7050662182047509
count_only_draw_2__lr_0.0001__seed_43__epoch_10,count_only,count_only_draw_2,2,0.0001,43,10,sugarcrepe_pp,both_accuracy,0.6483077569896993
count_only_draw_2__lr_0.0001__seed_43__epoch_10,count_only,count_only_draw_2,2,0.0001,43,10,sugarcrepe_pp,accuracy,0.6483077569896993
count_only_draw_2__lr_0.0001__seed_43__epoch_10,count_only,count_only_draw_2,2,0.0001,43,10,visual_entailment,accuracy,0.7905019102144593
count_only_draw_2__lr_0.0003__seed_17__epoch_01,count_only,count_only_draw_2,2,0.0003,17,1,e_vil_test1000,i2t.r1,0.773
count_only_draw_2__lr_0.0003__seed_17__epoch_01,count_only,count_only_draw_2,2,0.0003,17,1,e_vil_test1000,i2t.r5,0.938
count_only_draw_2__lr_0.0003__seed_17__epoch_01,count_only,count_only_draw_2,2,0.0003,17,1,e_vil_test1000,i2t.r10,0.968
count_only_draw_2__lr_0.0003__seed_17__epoch_01,count_only,count_only_draw_2,2,0.0003,17,1,e_vil_test1000,i2t.mean_rank,2.368
count_only_draw_2__lr_0.0003__seed_17__epoch_01,count_only,count_only_draw_2,2,0.0003,17,1,e_vil_test1000,i2t.median_rank,1.0
count_only_draw_2__lr_0.0003__seed_17__epoch_01,count_only,count_only_draw_2,2,0.0003,17,1,e_vil_test1000,t2i.r1,0.6546
count_only_draw_2__lr_0.0003__seed_17__epoch_01,count_only,count_only_draw_2,2,0.0003,17,1,e_vil_test1000,t2i.r5,0.8874
count_only_draw_2__lr_0.0003__seed_17__epoch_01,count_only,count_only_draw_2,2,0.0003,17,1,e_vil_test1000,t2i.r10,0.929
count_only_draw_2__lr_0.0003__seed_17__epoch_01,count_only,count_only_draw_2,2,0.0003,17,1,e_vil_test1000,t2i.mean_rank,5.0814
count_only_draw_2__lr_0.0003__seed_17__epoch_01,count_only,count_only_draw_2,2,0.0003,17,1,e_vil_test1000,t2i.median_rank,1.0
count_only_draw_2__lr_0.0003__seed_17__epoch_01,count_only,count_only_draw_2,2,0.0003,17,1,e_vil_test1000,mean_bidirectional_r1,0.7138
count_only_draw_2__lr_0.0003__seed_17__epoch_01,count_only,count_only_draw_2,2,0.0003,17,1,sugarcrepe,positive1_accuracy,0.8353082146185594
count_only_draw_2__lr_0.0003__seed_17__epoch_01,count_only,count_only_draw_2,2,0.0003,17,1,sugarcrepe,accuracy,0.8353082146185594
count_only_draw_2__lr_0.0003__seed_17__epoch_01,count_only,count_only_draw_2,2,0.0003,17,1,sugarcrepe_pp,positive1_accuracy,0.7923060752575153
count_only_draw_2__lr_0.0003__seed_17__epoch_01,count_only,count_only_draw_2,2,0.0003,17,1,sugarcrepe_pp,positive2_accuracy,0.7260878705066218
count_only_draw_2__lr_0.0003__seed_17__epoch_01,count_only,count_only_draw_2,2,0.0003,17,1,sugarcrepe_pp,both_accuracy,0.6699600588606265
count_only_draw_2__lr_0.0003__seed_17__epoch_01,count_only,count_only_draw_2,2,0.0003,17,1,sugarcrepe_pp,accuracy,0.6699600588606265
count_only_draw_2__lr_0.0003__seed_17__epoch_01,count_only,count_only_draw_2,2,0.0003,17,1,visual_entailment,accuracy,0.8171182818326139
count_only_draw_2__lr_0.0003__seed_17__epoch_05,count_only,count_only_draw_2,2,0.0003,17,5,e_vil_test1000,i2t.r1,0.798
count_only_draw_2__lr_0.0003__seed_17__epoch_05,count_only,count_only_draw_2,2,0.0003,17,5,e_vil_test1000,i2t.r5,0.932
count_only_draw_2__lr_0.0003__seed_17__epoch_05,count_only,count_only_draw_2,2,0.0003,17,5,e_vil_test1000,i2t.r10,0.958
count_only_draw_2__lr_0.0003__seed_17__epoch_05,count_only,count_only_draw_2,2,0.0003,17,5,e_vil_test1000,i2t.mean_rank,2.651
count_only_draw_2__lr_0.0003__seed_17__epoch_05,count_only,count_only_draw_2,2,0.0003,17,5,e_vil_test1000,i2t.median_rank,1.0
count_only_draw_2__lr_0.0003__seed_17__epoch_05,count_only,count_only_draw_2,2,0.0003,17,5,e_vil_test1000,t2i.r1,0.609
count_only_draw_2__lr_0.0003__seed_17__epoch_05,count_only,count_only_draw_2,2,0.0003,17,5,e_vil_test1000,t2i.r5,0.8484
count_only_draw_2__lr_0.0003__seed_17__epoch_05,count_only,count_only_draw_2,2,0.0003,17,5,e_vil_test1000,t2i.r10,0.9076
count_only_draw_2__lr_0.0003__seed_17__epoch_05,count_only,count_only_draw_2,2,0.0003,17,5,e_vil_test1000,t2i.mean_rank,6.5484
count_only_draw_2__lr_0.0003__seed_17__epoch_05,count_only,count_only_draw_2,2,0.0003,17,5,e_vil_test1000,t2i.median_rank,1.0
count_only_draw_2__lr_0.0003__seed_17__epoch_05,count_only,count_only_draw_2,2,0.0003,17,5,e_vil_test1000,mean_bidirectional_r1,0.7035
count_only_draw_2__lr_0.0003__seed_17__epoch_05,count_only,count_only_draw_2,2,0.0003,17,5,sugarcrepe,positive1_accuracy,0.818665956596991
count_only_draw_2__lr_0.0003__seed_17__epoch_05,count_only,count_only_draw_2,2,0.0003,17,5,sugarcrepe,accuracy,0.818665956596991
count_only_draw_2__lr_0.0003__seed_17__epoch_05,count_only,count_only_draw_2,2,0.0003,17,5,sugarcrepe_pp,positive1_accuracy,0.7899936935043095
count_only_draw_2__lr_0.0003__seed_17__epoch_05,count_only,count_only_draw_2,2,0.0003,17,5,sugarcrepe_pp,positive2_accuracy,0.6928736598696658
count_only_draw_2__lr_0.0003__seed_17__epoch_05,count_only,count_only_draw_2,2,0.0003,17,5,sugarcrepe_pp,both_accuracy,0.6415808282531007
count_only_draw_2__lr_0.0003__seed_17__epoch_05,count_only,count_only_draw_2,2,0.0003,17,5,sugarcrepe_pp,accuracy,0.6415808282531007
count_only_draw_2__lr_0.0003__seed_17__epoch_05,count_only,count_only_draw_2,2,0.0003,17,5,visual_entailment,accuracy,0.7798424103742874
count_only_draw_2__lr_0.0003__seed_17__epoch_10,count_only,count_only_draw_2,2,0.0003,17,10,coco_karpathy,i2t.r1,0.438
count_only_draw_2__lr_0.0003__seed_17__epoch_10,count_only,count_only_draw_2,2,0.0003,17,10,coco_karpathy,i2t.r5,0.6898
count_only_draw_2__lr_0.0003__seed_17__epoch_10,count_only,count_only_draw_2,2,0.0003,17,10,coco_karpathy,i2t.r10,0.785
count_only_draw_2__lr_0.0003__seed_17__epoch_10,count_only,count_only_draw_2,2,0.0003,17,10,coco_karpathy,i2t.mean_rank,14.008
count_only_draw_2__lr_0.0003__seed_17__epoch_10,count_only,count_only_draw_2,2,0.0003,17,10,coco_karpathy,i2t.median_rank,2.0
count_only_draw_2__lr_0.0003__seed_17__epoch_10,count_only,count_only_draw_2,2,0.0003,17,10,coco_karpathy,t2i.r1,0.30992
count_only_draw_2__lr_0.0003__seed_17__epoch_10,count_only,count_only_draw_2,2,0.0003,17,10,coco_karpathy,t2i.r5,0.55772
count_only_draw_2__lr_0.0003__seed_17__epoch_10,count_only,count_only_draw_2,2,0.0003,17,10,coco_karpathy,t2i.r10,0.66556
count_only_draw_2__lr_0.0003__seed_17__epoch_10,count_only,count_only_draw_2,2,0.0003,17,10,coco_karpathy,t2i.mean_rank,28.26224
count_only_draw_2__lr_0.0003__seed_17__epoch_10,count_only,count_only_draw_2,2,0.0003,17,10,coco_karpathy,t2i.median_rank,4.0
count_only_draw_2__lr_0.0003__seed_17__epoch_10,count_only,count_only_draw_2,2,0.0003,17,10,coco_karpathy,mean_bidirectional_r1,0.37395999999999996
count_only_draw_2__lr_0.0003__seed_17__epoch_10,count_only,count_only_draw_2,2,0.0003,17,10,e_vil_test1000,i2t.r1,0.734
count_only_draw_2__lr_0.0003__seed_17__epoch_10,count_only,count_only_draw_2,2,0.0003,17,10,e_vil_test1000,i2t.r5,0.918
count_only_draw_2__lr_0.0003__seed_17__epoch_10,count_only,count_only_draw_2,2,0.0003,17,10,e_vil_test1000,i2t.r10,0.956
count_only_draw_2__lr_0.0003__seed_17__epoch_10,count_only,count_only_draw_2,2,0.0003,17,10,e_vil_test1000,i2t.mean_rank,3.216
count_only_draw_2__lr_0.0003__seed_17__epoch_10,count_only,count_only_draw_2,2,0.0003,17,10,e_vil_test1000,i2t.median_rank,1.0
count_only_draw_2__lr_0.0003__seed_17__epoch_10,count_only,count_only_draw_2,2,0.0003,17,10,e_vil_test1000,t2i.r1,0.5728
count_only_draw_2__lr_0.0003__seed_17__epoch_10,count_only,count_only_draw_2,2,0.0003,17,10,e_vil_test1000,t2i.r5,0.8176
count_only_draw_2__lr_0.0003__seed_17__epoch_10,count_only,count_only_draw_2,2,0.0003,17,10,e_vil_test1000,t2i.r10,0.884
count_only_draw_2__lr_0.0003__seed_17__epoch_10,count_only,count_only_draw_2,2,0.0003,17,10,e_vil_test1000,t2i.mean_rank,8.4534
count_only_draw_2__lr_0.0003__seed_17__epoch_10,count_only,count_only_draw_2,2,0.0003,17,10,e_vil_test1000,t2i.median_rank,1.0
count_only_draw_2__lr_0.0003__seed_17__epoch_10,count_only,count_only_draw_2,2,0.0003,17,10,e_vil_test1000,mean_bidirectional_r1,0.6534
count_only_draw_2__lr_0.0003__seed_17__epoch_10,count_only,count_only_draw_2,2,0.0003,17,10,sugarcrepe,positive1_accuracy,0.8089468779123952
count_only_draw_2__lr_0.0003__seed_17__epoch_10,count_only,count_only_draw_2,2,0.0003,17,10,sugarcrepe,accuracy,0.8089468779123952
count_only_draw_2__lr_0.0003__seed_17__epoch_10,count_only,count_only_draw_2,2,0.0003,17,10,sugarcrepe_pp,positive1_accuracy,0.7805339499684675
count_only_draw_2__lr_0.0003__seed_17__epoch_10,count_only,count_only_draw_2,2,0.0003,17,10,sugarcrepe_pp,positive2_accuracy,0.6947656085768341
count_only_draw_2__lr_0.0003__seed_17__epoch_10,count_only,count_only_draw_2,2,0.0003,17,10,sugarcrepe_pp,both_accuracy,0.6380071473617827
count_only_draw_2__lr_0.0003__seed_17__epoch_10,count_only,count_only_draw_2,2,0.0003,17,10,sugarcrepe_pp,accuracy,0.6380071473617827
count_only_draw_2__lr_0.0003__seed_17__epoch_10,count_only,count_only_draw_2,2,0.0003,17,10,visual_entailment,accuracy,0.766267051694033
count_only_draw_2__lr_0.0003__seed_29__epoch_01,count_only,count_only_draw_2,2,0.0003,29,1,e_vil_test1000,i2t.r1,0.789
count_only_draw_2__lr_0.0003__seed_29__epoch_01,count_only,count_only_draw_2,2,0.0003,29,1,e_vil_test1000,i2t.r5,0.933
count_only_draw_2__lr_0.0003__seed_29__epoch_01,count_only,count_only_draw_2,2,0.0003,29,1,e_vil_test1000,i2t.r10,0.965
count_only_draw_2__lr_0.0003__seed_29__epoch_01,count_only,count_only_draw_2,2,0.0003,29,1,e_vil_test1000,i2t.mean_rank,2.402
count_only_draw_2__lr_0.0003__seed_29__epoch_01,count_only,count_only_draw_2,2,0.0003,29,1,e_vil_test1000,i2t.median_rank,1.0
count_only_draw_2__lr_0.0003__seed_29__epoch_01,count_only,count_only_draw_2,2,0.0003,29,1,e_vil_test1000,t2i.r1,0.667
count_only_draw_2__lr_0.0003__seed_29__epoch_01,count_only,count_only_draw_2,2,0.0003,29,1,e_vil_test1000,t2i.r5,0.89
count_only_draw_2__lr_0.0003__seed_29__epoch_01,count_only,count_only_draw_2,2,0.0003,29,1,e_vil_test1000,t2i.r10,0.9362
count_only_draw_2__lr_0.0003__seed_29__epoch_01,count_only,count_only_draw_2,2,0.0003,29,1,e_vil_test1000,t2i.mean_rank,5.0192
count_only_draw_2__lr_0.0003__seed_29__epoch_01,count_only,count_only_draw_2,2,0.0003,29,1,e_vil_test1000,t2i.median_rank,1.0
count_only_draw_2__lr_0.0003__seed_29__epoch_01,count_only,count_only_draw_2,2,0.0003,29,1,e_vil_test1000,mean_bidirectional_r1,0.728
count_only_draw_2__lr_0.0003__seed_29__epoch_01,count_only,count_only_draw_2,2,0.0003,29,1,sugarcrepe,positive1_accuracy,0.8406337371854613
count_only_draw_2__lr_0.0003__seed_29__epoch_01,count_only,count_only_draw_2,2,0.0003,29,1,sugarcrepe,accuracy,0.8406337371854613
count_only_draw_2__lr_0.0003__seed_29__epoch_01,count_only,count_only_draw_2,2,0.0003,29,1,sugarcrepe_pp,positive1_accuracy,0.7984023544250578
count_only_draw_2__lr_0.0003__seed_29__epoch_01,count_only,count_only_draw_2,2,0.0003,29,1,sugarcrepe_pp,positive2_accuracy,0.7189405087239857
count_only_draw_2__lr_0.0003__seed_29__epoch_01,count_only,count_only_draw_2,2,0.0003,29,1,sugarcrepe_pp,both_accuracy,0.6676476771074207
count_only_draw_2__lr_0.0003__seed_29__epoch_01,count_only,count_only_draw_2,2,0.0003,29,1,sugarcrepe_pp,accuracy,0.6676476771074207
count_only_draw_2__lr_0.0003__seed_29__epoch_01,count_only,count_only_draw_2,2,0.0003,29,1,visual_entailment,accuracy,0.8256506171554523
count_only_draw_2__lr_0.0003__seed_29__epoch_05,count_only,count_only_draw_2,2,0.0003,29,5,e_vil_test1000,i2t.r1,0.788
count_only_draw_2__lr_0.0003__seed_29__epoch_05,count_only,count_only_draw_2,2,0.0003,29,5,e_vil_test1000,i2t.r5,0.937
count_only_draw_2__lr_0.0003__seed_29__epoch_05,count_only,count_only_draw_2,2,0.0003,29,5,e_vil_test1000,i2t.r10,0.965
count_only_draw_2__lr_0.0003__seed_29__epoch_05,count_only,count_only_draw_2,2,0.0003,29,5,e_vil_test1000,i2t.mean_rank,2.695
count_only_draw_2__lr_0.0003__seed_29__epoch_05,count_only,count_only_draw_2,2,0.0003,29,5,e_vil_test1000,i2t.median_rank,1.0
count_only_draw_2__lr_0.0003__seed_29__epoch_05,count_only,count_only_draw_2,2,0.0003,29,5,e_vil_test1000,t2i.r1,0.6178
count_only_draw_2__lr_0.0003__seed_29__epoch_05,count_only,count_only_draw_2,2,0.0003,29,5,e_vil_test1000,t2i.r5,0.8574
count_only_draw_2__lr_0.0003__seed_29__epoch_05,count_only,count_only_draw_2,2,0.0003,29,5,e_vil_test1000,t2i.r10,0.9114
count_only_draw_2__lr_0.0003__seed_29__epoch_05,count_only,count_only_draw_2,2,0.0003,29,5,e_vil_test1000,t2i.mean_rank,6.901
count_only_draw_2__lr_0.0003__seed_29__epoch_05,count_only,count_only_draw_2,2,0.0003,29,5,e_vil_test1000,t2i.median_rank,1.0
count_only_draw_2__lr_0.0003__seed_29__epoch_05,count_only,count_only_draw_2,2,0.0003,29,5,e_vil_test1000,mean_bidirectional_r1,0.7029000000000001
count_only_draw_2__lr_0.0003__seed_29__epoch_05,count_only,count_only_draw_2,2,0.0003,29,5,sugarcrepe,positive1_accuracy,0.8130741579017441
count_only_draw_2__lr_0.0003__seed_29__epoch_05,count_only,count_only_draw_2,2,0.0003,29,5,sugarcrepe,accuracy,0.8130741579017441
count_only_draw_2__lr_0.0003__seed_29__epoch_05,count_only,count_only_draw_2,2,0.0003,29,5,sugarcrepe_pp,positive1_accuracy,0.7851587134748791
count_only_draw_2__lr_0.0003__seed_29__epoch_05,count_only,count_only_draw_2,2,0.0003,29,5,sugarcrepe_pp,positive2_accuracy,0.7033844860206012
count_only_draw_2__lr_0.0003__seed_29__epoch_05,count_only,count_only_draw_2,2,0.0003,29,5,sugarcrepe_pp,both_accuracy,0.6457851587134749
count_only_draw_2__lr_0.0003__seed_29__epoch_05,count_only,count_only_draw_2,2,0.0003,29,5,sugarcrepe_pp,accuracy,0.6457851587134749
count_only_draw_2__lr_0.0003__seed_29__epoch_05,count_only,count_only_draw_2,2,0.0003,29,5,visual_entailment,accuracy,0.7828320047981133
count_only_draw_2__lr_0.0003__seed_29__epoch_10,count_only,count_only_draw_2,2,0.0003,29,10,coco_karpathy,i2t.r1,0.4418
count_only_draw_2__lr_0.0003__seed_29__epoch_10,count_only,count_only_draw_2,2,0.0003,29,10,coco_karpathy,i2t.r5,0.6984
count_only_draw_2__lr_0.0003__seed_29__epoch_10,count_only,count_only_draw_2,2,0.0003,29,10,coco_karpathy,i2t.r10,0.7868
count_only_draw_2__lr_0.0003__seed_29__epoch_10,count_only,count_only_draw_2,2,0.0003,29,10,coco_karpathy,i2t.mean_rank,14.1544
count_only_draw_2__lr_0.0003__seed_29__epoch_10,count_only,count_only_draw_2,2,0.0003,29,10,coco_karpathy,i2t.median_rank,2.0
count_only_draw_2__lr_0.0003__seed_29__epoch_10,count_only,count_only_draw_2,2,0.0003,29,10,coco_karpathy,t2i.r1,0.30592
count_only_draw_2__lr_0.0003__seed_29__epoch_10,count_only,count_only_draw_2,2,0.0003,29,10,coco_karpathy,t2i.r5,0.55024
count_only_draw_2__lr_0.0003__seed_29__epoch_10,count_only,count_only_draw_2,2,0.0003,29,10,coco_karpathy,t2i.r10,0.65984
count_only_draw_2__lr_0.0003__seed_29__epoch_10,count_only,count_only_draw_2,2,0.0003,29,10,coco_karpathy,t2i.mean_rank,29.49992
count_only_draw_2__lr_0.0003__seed_29__epoch_10,count_only,count_only_draw_2,2,0.0003,29,10,coco_karpathy,t2i.median_rank,4.0
count_only_draw_2__lr_0.0003__seed_29__epoch_10,count_only,count_only_draw_2,2,0.0003,29,10,coco_karpathy,mean_bidirectional_r1,0.37386
count_only_draw_2__lr_0.0003__seed_29__epoch_10,count_only,count_only_draw_2,2,0.0003,29,10,e_vil_test1000,i2t.r1,0.74
count_only_draw_2__lr_0.0003__seed_29__epoch_10,count_only,count_only_draw_2,2,0.0003,29,10,e_vil_test1000,i2t.r5,0.922
count_only_draw_2__lr_0.0003__seed_29__epoch_10,count_only,count_only_draw_2,2,0.0003,29,10,e_vil_test1000,i2t.r10,0.949
count_only_draw_2__lr_0.0003__seed_29__epoch_10,count_only,count_only_draw_2,2,0.0003,29,10,e_vil_test1000,i2t.mean_rank,3.528
count_only_draw_2__lr_0.0003__seed_29__epoch_10,count_only,count_only_draw_2,2,0.0003,29,10,e_vil_test1000,i2t.median_rank,1.0
count_only_draw_2__lr_0.0003__seed_29__epoch_10,count_only,count_only_draw_2,2,0.0003,29,10,e_vil_test1000,t2i.r1,0.5696
count_only_draw_2__lr_0.0003__seed_29__epoch_10,count_only,count_only_draw_2,2,0.0003,29,10,e_vil_test1000,t2i.r5,0.8178
count_only_draw_2__lr_0.0003__seed_29__epoch_10,count_only,count_only_draw_2,2,0.0003,29,10,e_vil_test1000,t2i.r10,0.8778
count_only_draw_2__lr_0.0003__seed_29__epoch_10,count_only,count_only_draw_2,2,0.0003,29,10,e_vil_test1000,t2i.mean_rank,8.7318
count_only_draw_2__lr_0.0003__seed_29__epoch_10,count_only,count_only_draw_2,2,0.0003,29,10,e_vil_test1000,t2i.median_rank,1.0
count_only_draw_2__lr_0.0003__seed_29__epoch_10,count_only,count_only_draw_2,2,0.0003,29,10,e_vil_test1000,mean_bidirectional_r1,0.6548
count_only_draw_2__lr_0.0003__seed_29__epoch_10,count_only,count_only_draw_2,2,0.0003,29,10,sugarcrepe,positive1_accuracy,0.806949806949807
count_only_draw_2__lr_0.0003__seed_29__epoch_10,count_only,count_only_draw_2,2,0.0003,29,10,sugarcrepe,accuracy,0.806949806949807
count_only_draw_2__lr_0.0003__seed_29__epoch_10,count_only,count_only_draw_2,2,0.0003,29,10,sugarcrepe_pp,positive1_accuracy,0.7801135169224301
count_only_draw_2__lr_0.0003__seed_29__epoch_10,count_only,count_only_draw_2,2,0.0003,29,10,sugarcrepe_pp,positive2_accuracy,0.6949758250998529
count_only_draw_2__lr_0.0003__seed_29__epoch_10,count_only,count_only_draw_2,2,0.0003,29,10,sugarcrepe_pp,both_accuracy,0.6352743325625394
count_only_draw_2__lr_0.0003__seed_29__epoch_10,count_only,count_only_draw_2,2,0.0003,29,10,sugarcrepe_pp,accuracy,0.6352743325625394
count_only_draw_2__lr_0.0003__seed_29__epoch_10,count_only,count_only_draw_2,2,0.0003,29,10,visual_entailment,accuracy,0.7581603740310254
count_only_draw_2__lr_0.0003__seed_43__epoch_01,count_only,count_only_draw_2,2,0.0003,43,1,e_vil_test1000,i2t.r1,0.776
count_only_draw_2__lr_0.0003__seed_43__epoch_01,count_only,count_only_draw_2,2,0.0003,43,1,e_vil_test1000,i2t.r5,0.934
count_only_draw_2__lr_0.0003__seed_43__epoch_01,count_only,count_only_draw_2,2,0.0003,43,1,e_vil_test1000,i2t.r10,0.965
count_only_draw_2__lr_0.0003__seed_43__epoch_01,count_only,count_only_draw_2,2,0.0003,43,1,e_vil_test1000,i2t.mean_rank,2.473
count_only_draw_2__lr_0.0003__seed_43__epoch_01,count_only,count_only_draw_2,2,0.0003,43,1,e_vil_test1000,i2t.median_rank,1.0
count_only_draw_2__lr_0.0003__seed_43__epoch_01,count_only,count_only_draw_2,2,0.0003,43,1,e_vil_test1000,t2i.r1,0.6698
count_only_draw_2__lr_0.0003__seed_43__epoch_01,count_only,count_only_draw_2,2,0.0003,43,1,e_vil_test1000,t2i.r5,0.8922
count_only_draw_2__lr_0.0003__seed_43__epoch_01,count_only,count_only_draw_2,2,0.0003,43,1,e_vil_test1000,t2i.r10,0.9352
count_only_draw_2__lr_0.0003__seed_43__epoch_01,count_only,count_only_draw_2,2,0.0003,43,1,e_vil_test1000,t2i.mean_rank,4.8954
count_only_draw_2__lr_0.0003__seed_43__epoch_01,count_only,count_only_draw_2,2,0.0003,43,1,e_vil_test1000,t2i.median_rank,1.0
count_only_draw_2__lr_0.0003__seed_43__epoch_01,count_only,count_only_draw_2,2,0.0003,43,1,e_vil_test1000,mean_bidirectional_r1,0.7229
count_only_draw_2__lr_0.0003__seed_43__epoch_01,count_only,count_only_draw_2,2,0.0003,43,1,sugarcrepe,positive1_accuracy,0.8338436959126614
count_only_draw_2__lr_0.0003__seed_43__epoch_01,count_only,count_only_draw_2,2,0.0003,43,1,sugarcrepe,accuracy,0.8338436959126614
count_only_draw_2__lr_0.0003__seed_43__epoch_01,count_only,count_only_draw_2,2,0.0003,43,1,sugarcrepe_pp,positive1_accuracy,0.7897834769812907
count_only_draw_2__lr_0.0003__seed_43__epoch_01,count_only,count_only_draw_2,2,0.0003,43,1,sugarcrepe_pp,positive2_accuracy,0.723775488753416
count_only_draw_2__lr_0.0003__seed_43__epoch_01,count_only,count_only_draw_2,2,0.0003,43,1,sugarcrepe_pp,both_accuracy,0.6657557284002522
count_only_draw_2__lr_0.0003__seed_43__epoch_01,count_only,count_only_draw_2,2,0.0003,43,1,sugarcrepe_pp,accuracy,0.6657557284002522
count_only_draw_2__lr_0.0003__seed_43__epoch_01,count_only,count_only_draw_2,2,0.0003,43,1,visual_entailment,accuracy,0.827431400353332
count_only_draw_2__lr_0.0003__seed_43__epoch_05,count_only,count_only_draw_2,2,0.0003,43,5,e_vil_test1000,i2t.r1,0.796
count_only_draw_2__lr_0.0003__seed_43__epoch_05,count_only,count_only_draw_2,2,0.0003,43,5,e_vil_test1000,i2t.r5,0.94
count_only_draw_2__lr_0.0003__seed_43__epoch_05,count_only,count_only_draw_2,2,0.0003,43,5,e_vil_test1000,i2t.r10,0.965
count_only_draw_2__lr_0.0003__seed_43__epoch_05,count_only,count_only_draw_2,2,0.0003,43,5,e_vil_test1000,i2t.mean_rank,2.728
count_only_draw_2__lr_0.0003__seed_43__epoch_05,count_only,count_only_draw_2,2,0.0003,43,5,e_vil_test1000,i2t.median_rank,1.0
count_only_draw_2__lr_0.0003__seed_43__epoch_05,count_only,count_only_draw_2,2,0.0003,43,5,e_vil_test1000,t2i.r1,0.6086
count_only_draw_2__lr_0.0003__seed_43__epoch_05,count_only,count_only_draw_2,2,0.0003,43,5,e_vil_test1000,t2i.r5,0.8536
count_only_draw_2__lr_0.0003__seed_43__epoch_05,count_only,count_only_draw_2,2,0.0003,43,5,e_vil_test1000,t2i.r10,0.9094
count_only_draw_2__lr_0.0003__seed_43__epoch_05,count_only,count_only_draw_2,2,0.0003,43,5,e_vil_test1000,t2i.mean_rank,6.4704
count_only_draw_2__lr_0.0003__seed_43__epoch_05,count_only,count_only_draw_2,2,0.0003,43,5,e_vil_test1000,t2i.median_rank,1.0
count_only_draw_2__lr_0.0003__seed_43__epoch_05,count_only,count_only_draw_2,2,0.0003,43,5,e_vil_test1000,mean_bidirectional_r1,0.7023
count_only_draw_2__lr_0.0003__seed_43__epoch_05,count_only,count_only_draw_2,2,0.0003,43,5,sugarcrepe,positive1_accuracy,0.8169351617627479
count_only_draw_2__lr_0.0003__seed_43__epoch_05,count_only,count_only_draw_2,2,0.0003,43,5,sugarcrepe,accuracy,0.8169351617627479
count_only_draw_2__lr_0.0003__seed_43__epoch_05,count_only,count_only_draw_2,2,0.0003,43,5,sugarcrepe_pp,positive1_accuracy,0.7876813117511037
count_only_draw_2__lr_0.0003__seed_43__epoch_05,count_only,count_only_draw_2,2,0.0003,43,5,sugarcrepe_pp,positive2_accuracy,0.6800504519655245
count_only_draw_2__lr_0.0003__seed_43__epoch_05,count_only,count_only_draw_2,2,0.0003,43,5,sugarcrepe_pp,both_accuracy,0.629808702964053
count_only_draw_2__lr_0.0003__seed_43__epoch_05,count_only,count_only_draw_2,2,0.0003,43,5,sugarcrepe_pp,accuracy,0.629808702964053
count_only_draw_2__lr_0.0003__seed_43__epoch_05,count_only,count_only_draw_2,2,0.0003,43,5,visual_entailment,accuracy,0.7758036600948677
count_only_draw_2__lr_0.0003__seed_43__epoch_10,count_only,count_only_draw_2,2,0.0003,43,10,coco_karpathy,i2t.r1,0.4452
count_only_draw_2__lr_0.0003__seed_43__epoch_10,count_only,count_only_draw_2,2,0.0003,43,10,coco_karpathy,i2t.r5,0.6974
count_only_draw_2__lr_0.0003__seed_43__epoch_10,count_only,count_only_draw_2,2,0.0003,43,10,coco_karpathy,i2t.r10,0.785
count_only_draw_2__lr_0.0003__seed_43__epoch_10,count_only,count_only_draw_2,2,0.0003,43,10,coco_karpathy,i2t.mean_rank,13.933
count_only_draw_2__lr_0.0003__seed_43__epoch_10,count_only,count_only_draw_2,2,0.0003,43,10,coco_karpathy,i2t.median_rank,2.0
count_only_draw_2__lr_0.0003__seed_43__epoch_10,count_only,count_only_draw_2,2,0.0003,43,10,coco_karpathy,t2i.r1,0.30736
count_only_draw_2__lr_0.0003__seed_43__epoch_10,count_only,count_only_draw_2,2,0.0003,43,10,coco_karpathy,t2i.r5,0.5544
count_only_draw_2__lr_0.0003__seed_43__epoch_10,count_only,count_only_draw_2,2,0.0003,43,10,coco_karpathy,t2i.r10,0.66452
count_only_draw_2__lr_0.0003__seed_43__epoch_10,count_only,count_only_draw_2,2,0.0003,43,10,coco_karpathy,t2i.mean_rank,28.3702
count_only_draw_2__lr_0.0003__seed_43__epoch_10,count_only,count_only_draw_2,2,0.0003,43,10,coco_karpathy,t2i.median_rank,4.0
count_only_draw_2__lr_0.0003__seed_43__epoch_10,count_only,count_only_draw_2,2,0.0003,43,10,coco_karpathy,mean_bidirectional_r1,0.37628
count_only_draw_2__lr_0.0003__seed_43__epoch_10,count_only,count_only_draw_2,2,0.0003,43,10,e_vil_test1000,i2t.r1,0.742
count_only_draw_2__lr_0.0003__seed_43__epoch_10,count_only,count_only_draw_2,2,0.0003,43,10,e_vil_test1000,i2t.r5,0.927
count_only_draw_2__lr_0.0003__seed_43__epoch_10,count_only,count_only_draw_2,2,0.0003,43,10,e_vil_test1000,i2t.r10,0.954
count_only_draw_2__lr_0.0003__seed_43__epoch_10,count_only,count_only_draw_2,2,0.0003,43,10,e_vil_test1000,i2t.mean_rank,3.448
count_only_draw_2__lr_0.0003__seed_43__epoch_10,count_only,count_only_draw_2,2,0.0003,43,10,e_vil_test1000,i2t.median_rank,1.0
count_only_draw_2__lr_0.0003__seed_43__epoch_10,count_only,count_only_draw_2,2,0.0003,43,10,e_vil_test1000,t2i.r1,0.5748
count_only_draw_2__lr_0.0003__seed_43__epoch_10,count_only,count_only_draw_2,2,0.0003,43,10,e_vil_test1000,t2i.r5,0.818
count_only_draw_2__lr_0.0003__seed_43__epoch_10,count_only,count_only_draw_2,2,0.0003,43,10,e_vil_test1000,t2i.r10,0.8814
count_only_draw_2__lr_0.0003__seed_43__epoch_10,count_only,count_only_draw_2,2,0.0003,43,10,e_vil_test1000,t2i.mean_rank,8.6076
count_only_draw_2__lr_0.0003__seed_43__epoch_10,count_only,count_only_draw_2,2,0.0003,43,10,e_vil_test1000,t2i.median_rank,1.0
count_only_draw_2__lr_0.0003__seed_43__epoch_10,count_only,count_only_draw_2,2,0.0003,43,10,e_vil_test1000,mean_bidirectional_r1,0.6584
count_only_draw_2__lr_0.0003__seed_43__epoch_10,count_only,count_only_draw_2,2,0.0003,43,10,sugarcrepe,positive1_accuracy,0.8012248701903875
count_only_draw_2__lr_0.0003__seed_43__epoch_10,count_only,count_only_draw_2,2,0.0003,43,10,sugarcrepe,accuracy,0.8012248701903875
count_only_draw_2__lr_0.0003__seed_43__epoch_10,count_only,count_only_draw_2,2,0.0003,43,10,sugarcrepe_pp,positive1_accuracy,0.7717048560016817
count_only_draw_2__lr_0.0003__seed_43__epoch_10,count_only,count_only_draw_2,2,0.0003,43,10,sugarcrepe_pp,positive2_accuracy,0.6960269077149464
count_only_draw_2__lr_0.0003__seed_43__epoch_10,count_only,count_only_draw_2,2,0.0003,43,10,sugarcrepe_pp,both_accuracy,0.6312802186251839
count_only_draw_2__lr_0.0003__seed_43__epoch_10,count_only,count_only_draw_2,2,0.0003,43,10,sugarcrepe_pp,accuracy,0.6312802186251839
count_only_draw_2__lr_0.0003__seed_43__epoch_10,count_only,count_only_draw_2,2,0.0003,43,10,visual_entailment,accuracy,0.7562653763109402
count_only_draw_2__lr_0.001__seed_17__epoch_01,count_only,count_only_draw_2,2,0.001,17,1,e_vil_test1000,i2t.r1,0.707
count_only_draw_2__lr_0.001__seed_17__epoch_01,count_only,count_only_draw_2,2,0.001,17,1,e_vil_test1000,i2t.r5,0.907
count_only_draw_2__lr_0.001__seed_17__epoch_01,count_only,count_only_draw_2,2,0.001,17,1,e_vil_test1000,i2t.r10,0.951
count_only_draw_2__lr_0.001__seed_17__epoch_01,count_only,count_only_draw_2,2,0.001,17,1,e_vil_test1000,i2t.mean_rank,4.104
count_only_draw_2__lr_0.001__seed_17__epoch_01,count_only,count_only_draw_2,2,0.001,17,1,e_vil_test1000,i2t.median_rank,1.0
count_only_draw_2__lr_0.001__seed_17__epoch_01,count_only,count_only_draw_2,2,0.001,17,1,e_vil_test1000,t2i.r1,0.352
count_only_draw_2__lr_0.001__seed_17__epoch_01,count_only,count_only_draw_2,2,0.001,17,1,e_vil_test1000,t2i.r5,0.6444
count_only_draw_2__lr_0.001__seed_17__epoch_01,count_only,count_only_draw_2,2,0.001,17,1,e_vil_test1000,t2i.r10,0.7592
count_only_draw_2__lr_0.001__seed_17__epoch_01,count_only,count_only_draw_2,2,0.001,17,1,e_vil_test1000,t2i.mean_rank,17.0556
count_only_draw_2__lr_0.001__seed_17__epoch_01,count_only,count_only_draw_2,2,0.001,17,1,e_vil_test1000,t2i.median_rank,3.0
count_only_draw_2__lr_0.001__seed_17__epoch_01,count_only,count_only_draw_2,2,0.001,17,1,e_vil_test1000,mean_bidirectional_r1,0.5295
count_only_draw_2__lr_0.001__seed_17__epoch_01,count_only,count_only_draw_2,2,0.001,17,1,sugarcrepe,positive1_accuracy,0.8016242843829051
count_only_draw_2__lr_0.001__seed_17__epoch_01,count_only,count_only_draw_2,2,0.001,17,1,sugarcrepe,accuracy,0.8016242843829051
count_only_draw_2__lr_0.001__seed_17__epoch_01,count_only,count_only_draw_2,2,0.001,17,1,sugarcrepe_pp,positive1_accuracy,0.7782215682152617
count_only_draw_2__lr_0.001__seed_17__epoch_01,count_only,count_only_draw_2,2,0.001,17,1,sugarcrepe_pp,positive2_accuracy,0.7008618877443767
count_only_draw_2__lr_0.001__seed_17__epoch_01,count_only,count_only_draw_2,2,0.001,17,1,sugarcrepe_pp,both_accuracy,0.6424216943451755
count_only_draw_2__lr_0.001__seed_17__epoch_01,count_only,count_only_draw_2,2,0.001,17,1,sugarcrepe_pp,accuracy,0.6424216943451755
count_only_draw_2__lr_0.001__seed_17__epoch_01,count_only,count_only_draw_2,2,0.001,17,1,visual_entailment,accuracy,0.7562487705353861
count_only_draw_2__lr_0.001__seed_17__epoch_05,count_only,count_only_draw_2,2,0.001,17,5,e_vil_test1000,i2t.r1,0.679
count_only_draw_2__lr_0.001__seed_17__epoch_05,count_only,count_only_draw_2,2,0.001,17,5,e_vil_test1000,i2t.r5,0.891
count_only_draw_2__lr_0.001__seed_17__epoch_05,count_only,count_only_draw_2,2,0.001,17,5,e_vil_test1000,i2t.r10,0.947
count_only_draw_2__lr_0.001__seed_17__epoch_05,count_only,count_only_draw_2,2,0.001,17,5,e_vil_test1000,i2t.mean_rank,4.169
count_only_draw_2__lr_0.001__seed_17__epoch_05,count_only,count_only_draw_2,2,0.001,17,5,e_vil_test1000,i2t.median_rank,1.0
count_only_draw_2__lr_0.001__seed_17__epoch_05,count_only,count_only_draw_2,2,0.001,17,5,e_vil_test1000,t2i.r1,0.5116
count_only_draw_2__lr_0.001__seed_17__epoch_05,count_only,count_only_draw_2,2,0.001,17,5,e_vil_test1000,t2i.r5,0.7876
count_only_draw_2__lr_0.001__seed_17__epoch_05,count_only,count_only_draw_2,2,0.001,17,5,e_vil_test1000,t2i.r10,0.8626
count_only_draw_2__lr_0.001__seed_17__epoch_05,count_only,count_only_draw_2,2,0.001,17,5,e_vil_test1000,t2i.mean_rank,9.1668
count_only_draw_2__lr_0.001__seed_17__epoch_05,count_only,count_only_draw_2,2,0.001,17,5,e_vil_test1000,t2i.median_rank,1.0
count_only_draw_2__lr_0.001__seed_17__epoch_05,count_only,count_only_draw_2,2,0.001,17,5,e_vil_test1000,mean_bidirectional_r1,0.5953
count_only_draw_2__lr_0.001__seed_17__epoch_05,count_only,count_only_draw_2,2,0.001,17,5,sugarcrepe,positive1_accuracy,0.8089468779123952
count_only_draw_2__lr_0.001__seed_17__epoch_05,count_only,count_only_draw_2,2,0.001,17,5,sugarcrepe,accuracy,0.8089468779123952
count_only_draw_2__lr_0.001__seed_17__epoch_05,count_only,count_only_draw_2,2,0.001,17,5,sugarcrepe_pp,positive1_accuracy,0.7767500525541308
count_only_draw_2__lr_0.001__seed_17__epoch_05,count_only,count_only_draw_2,2,0.001,17,5,sugarcrepe_pp,positive2_accuracy,0.6909817111624974
count_only_draw_2__lr_0.001__seed_17__epoch_05,count_only,count_only_draw_2,2,0.001,17,5,sugarcrepe_pp,both_accuracy,0.6312802186251839
count_only_draw_2__lr_0.001__seed_17__epoch_05,count_only,count_only_draw_2,2,0.001,17,5,sugarcrepe_pp,accuracy,0.6312802186251839
count_only_draw_2__lr_0.001__seed_17__epoch_05,count_only,count_only_draw_2,2,0.001,17,5,visual_entailment,accuracy,0.7633121998254747
count_only_draw_2__lr_0.001__seed_17__epoch_10,count_only,count_only_draw_2,2,0.001,17,10,coco_karpathy,i2t.r1,0.34
count_only_draw_2__lr_0.001__seed_17__epoch_10,count_only,count_only_draw_2,2,0.001,17,10,coco_karpathy,i2t.r5,0.5862
count_only_draw_2__lr_0.001__seed_17__epoch_10,count_only,count_only_draw_2,2,0.001,17,10,coco_karpathy,i2t.r10,0.697
count_only_draw_2__lr_0.001__seed_17__epoch_10,count_only,count_only_draw_2,2,0.001,17,10,coco_karpathy,i2t.mean_rank,25.0824
count_only_draw_2__lr_0.001__seed_17__epoch_10,count_only,count_only_draw_2,2,0.001,17,10,coco_karpathy,i2t.median_rank,3.0
count_only_draw_2__lr_0.001__seed_17__epoch_10,count_only,count_only_draw_2,2,0.001,17,10,coco_karpathy,t2i.r1,0.22624
count_only_draw_2__lr_0.001__seed_17__epoch_10,count_only,count_only_draw_2,2,0.001,17,10,coco_karpathy,t2i.r5,0.45668
count_only_draw_2__lr_0.001__seed_17__epoch_10,count_only,count_only_draw_2,2,0.001,17,10,coco_karpathy,t2i.r10,0.57084
count_only_draw_2__lr_0.001__seed_17__epoch_10,count_only,count_only_draw_2,2,0.001,17,10,coco_karpathy,t2i.mean_rank,46.38668
count_only_draw_2__lr_0.001__seed_17__epoch_10,count_only,count_only_draw_2,2,0.001,17,10,coco_karpathy,t2i.median_rank,7.0
count_only_draw_2__lr_0.001__seed_17__epoch_10,count_only,count_only_draw_2,2,0.001,17,10,coco_karpathy,mean_bidirectional_r1,0.28312000000000004
count_only_draw_2__lr_0.001__seed_17__epoch_10,count_only,count_only_draw_2,2,0.001,17,10,e_vil_test1000,i2t.r1,0.617
count_only_draw_2__lr_0.001__seed_17__epoch_10,count_only,count_only_draw_2,2,0.001,17,10,e_vil_test1000,i2t.r5,0.855
count_only_draw_2__lr_0.001__seed_17__epoch_10,count_only,count_only_draw_2,2,0.001,17,10,e_vil_test1000,i2t.r10,0.913
count_only_draw_2__lr_0.001__seed_17__epoch_10,count_only,count_only_draw_2,2,0.001,17,10,e_vil_test1000,i2t.mean_rank,5.604
count_only_draw_2__lr_0.001__seed_17__epoch_10,count_only,count_only_draw_2,2,0.001,17,10,e_vil_test1000,i2t.median_rank,1.0
count_only_draw_2__lr_0.001__seed_17__epoch_10,count_only,count_only_draw_2,2,0.001,17,10,e_vil_test1000,t2i.r1,0.4616
count_only_draw_2__lr_0.001__seed_17__epoch_10,count_only,count_only_draw_2,2,0.001,17,10,e_vil_test1000,t2i.r5,0.7364
count_only_draw_2__lr_0.001__seed_17__epoch_10,count_only,count_only_draw_2,2,0.001,17,10,e_vil_test1000,t2i.r10,0.8208
count_only_draw_2__lr_0.001__seed_17__epoch_10,count_only,count_only_draw_2,2,0.001,17,10,e_vil_test1000,t2i.mean_rank,12.3228
count_only_draw_2__lr_0.001__seed_17__epoch_10,count_only,count_only_draw_2,2,0.001,17,10,e_vil_test1000,t2i.median_rank,2.0
count_only_draw_2__lr_0.001__seed_17__epoch_10,count_only,count_only_draw_2,2,0.001,17,10,e_vil_test1000,mean_bidirectional_r1,0.5393
count_only_draw_2__lr_0.001__seed_17__epoch_10,count_only,count_only_draw_2,2,0.001,17,10,sugarcrepe,positive1_accuracy,0.7711356676873918
count_only_draw_2__lr_0.001__seed_17__epoch_10,count_only,count_only_draw_2,2,0.001,17,10,sugarcrepe,accuracy,0.7711356676873918
count_only_draw_2__lr_0.001__seed_17__epoch_10,count_only,count_only_draw_2,2,0.001,17,10,sugarcrepe_pp,positive1_accuracy,0.7475299558545302
count_only_draw_2__lr_0.001__seed_17__epoch_10,count_only,count_only_draw_2,2,0.001,17,10,sugarcrepe_pp,positive2_accuracy,0.6586083666176161
count_only_draw_2__lr_0.001__seed_17__epoch_10,count_only,count_only_draw_2,2,0.001,17,10,sugarcrepe_pp,both_accuracy,0.598696657557284
count_only_draw_2__lr_0.001__seed_17__epoch_10,count_only,count_only_draw_2,2,0.001,17,10,sugarcrepe_pp,accuracy,0.598696657557284
count_only_draw_2__lr_0.001__seed_17__epoch_10,count_only,count_only_draw_2,2,0.001,17,10,visual_entailment,accuracy,0.7408418388351388
count_only_draw_2__lr_0.001__seed_29__epoch_01,count_only,count_only_draw_2,2,0.001,29,1,e_vil_test1000,i2t.r1,0.698
count_only_draw_2__lr_0.001__seed_29__epoch_01,count_only,count_only_draw_2,2,0.001,29,1,e_vil_test1000,i2t.r5,0.902
count_only_draw_2__lr_0.001__seed_29__epoch_01,count_only,count_only_draw_2,2,0.001,29,1,e_vil_test1000,i2t.r10,0.937
count_only_draw_2__lr_0.001__seed_29__epoch_01,count_only,count_only_draw_2,2,0.001,29,1,e_vil_test1000,i2t.mean_rank,4.026
count_only_draw_2__lr_0.001__seed_29__epoch_01,count_only,count_only_draw_2,2,0.001,29,1,e_vil_test1000,i2t.median_rank,1.0
count_only_draw_2__lr_0.001__seed_29__epoch_01,count_only,count_only_draw_2,2,0.001,29,1,e_vil_test1000,t2i.r1,0.4234
count_only_draw_2__lr_0.001__seed_29__epoch_01,count_only,count_only_draw_2,2,0.001,29,1,e_vil_test1000,t2i.r5,0.6854
count_only_draw_2__lr_0.001__seed_29__epoch_01,count_only,count_only_draw_2,2,0.001,29,1,e_vil_test1000,t2i.r10,0.7786
count_only_draw_2__lr_0.001__seed_29__epoch_01,count_only,count_only_draw_2,2,0.001,29,1,e_vil_test1000,t2i.mean_rank,18.1182
count_only_draw_2__lr_0.001__seed_29__epoch_01,count_only,count_only_draw_2,2,0.001,29,1,e_vil_test1000,t2i.median_rank,2.0
count_only_draw_2__lr_0.001__seed_29__epoch_01,count_only,count_only_draw_2,2,0.001,29,1,e_vil_test1000,mean_bidirectional_r1,0.5607
count_only_draw_2__lr_0.001__seed_29__epoch_01,count_only,count_only_draw_2,2,0.001,29,1,sugarcrepe,positive1_accuracy,0.8084143256557049
count_only_draw_2__lr_0.001__seed_29__epoch_01,count_only,count_only_draw_2,2,0.001,29,1,sugarcrepe,accuracy,0.8084143256557049
count_only_draw_2__lr_0.001__seed_29__epoch_01,count_only,count_only_draw_2,2,0.001,29,1,sugarcrepe_pp,positive1_accuracy,0.7769602690771494
count_only_draw_2__lr_0.001__seed_29__epoch_01,count_only,count_only_draw_2,2,0.001,29,1,sugarcrepe_pp,positive2_accuracy,0.6773176371662812
count_only_draw_2__lr_0.001__seed_29__epoch_01,count_only,count_only_draw_2,2,0.001,29,1,sugarcrepe_pp,both_accuracy,0.6216102585663233
count_only_draw_2__lr_0.001__seed_29__epoch_01,count_only,count_only_draw_2,2,0.001,29,1,sugarcrepe_pp,accuracy,0.6216102585663233
count_only_draw_2__lr_0.001__seed_29__epoch_01,count_only,count_only_draw_2,2,0.001,29,1,visual_entailment,accuracy,0.7829295183724773
count_only_draw_2__lr_0.001__seed_29__epoch_05,count_only,count_only_draw_2,2,0.001,29,5,e_vil_test1000,i2t.r1,0.721
count_only_draw_2__lr_0.001__seed_29__epoch_05,count_only,count_only_draw_2,2,0.001,29,5,e_vil_test1000,i2t.r5,0.899
count_only_draw_2__lr_0.001__seed_29__epoch_05,count_only,count_only_draw_2,2,0.001,29,5,e_vil_test1000,i2t.r10,0.94
count_only_draw_2__lr_0.001__seed_29__epoch_05,count_only,count_only_draw_2,2,0.001,29,5,e_vil_test1000,i2t.mean_rank,4.586
count_only_draw_2__lr_0.001__seed_29__epoch_05,count_only,count_only_draw_2,2,0.001,29,5,e_vil_test1000,i2t.median_rank,1.0
count_only_draw_2__lr_0.001__seed_29__epoch_05,count_only,count_only_draw_2,2,0.001,29,5,e_vil_test1000,t2i.r1,0.514
count_only_draw_2__lr_0.001__seed_29__epoch_05,count_only,count_only_draw_2,2,0.001,29,5,e_vil_test1000,t2i.r5,0.7824
count_only_draw_2__lr_0.001__seed_29__epoch_05,count_only,count_only_draw_2,2,0.001,29,5,e_vil_test1000,t2i.r10,0.8562
count_only_draw_2__lr_0.001__seed_29__epoch_05,count_only,count_only_draw_2,2,0.001,29,5,e_vil_test1000,t2i.mean_rank,10.4576
count_only_draw_2__lr_0.001__seed_29__epoch_05,count_only,count_only_draw_2,2,0.001,29,5,e_vil_test1000,t2i.median_rank,1.0
count_only_draw_2__lr_0.001__seed_29__epoch_05,count_only,count_only_draw_2,2,0.001,29,5,e_vil_test1000,mean_bidirectional_r1,0.6174999999999999
count_only_draw_2__lr_0.001__seed_29__epoch_05,count_only,count_only_draw_2,2,0.001,29,5,sugarcrepe,positive1_accuracy,0.775795499933431
count_only_draw_2__lr_0.001__seed_29__epoch_05,count_only,count_only_draw_2,2,0.001,29,5,sugarcrepe,accuracy,0.775795499933431
count_only_draw_2__lr_0.001__seed_29__epoch_05,count_only,count_only_draw_2,2,0.001,29,5,sugarcrepe_pp,positive1_accuracy,0.7550977506832037
count_only_draw_2__lr_0.001__seed_29__epoch_05,count_only,count_only_draw_2,2,0.001,29,5,sugarcrepe_pp,positive2_accuracy,0.6911919276855161
count_only_draw_2__lr_0.001__seed_29__epoch_05,count_only,count_only_draw_2,2,0.001,29,5,sugarcrepe_pp,both_accuracy,0.6222409081353795
count_only_draw_2__lr_0.001__seed_29__epoch_05,count_only,count_only_draw_2,2,0.001,29,5,sugarcrepe_pp,accuracy,0.6222409081353795
count_only_draw_2__lr_0.001__seed_29__epoch_05,count_only,count_only_draw_2,2,0.001,29,5,visual_entailment,accuracy,0.7422603114830095
count_only_draw_2__lr_0.001__seed_29__epoch_10,count_only,count_only_draw_2,2,0.001,29,10,coco_karpathy,i2t.r1,0.3448
count_only_draw_2__lr_0.001__seed_29__epoch_10,count_only,count_only_draw_2,2,0.001,29,10,coco_karpathy,i2t.r5,0.594
count_only_draw_2__lr_0.001__seed_29__epoch_10,count_only,count_only_draw_2,2,0.001,29,10,coco_karpathy,i2t.r10,0.7026
count_only_draw_2__lr_0.001__seed_29__epoch_10,count_only,count_only_draw_2,2,0.001,29,10,coco_karpathy,i2t.mean_rank,25.7416
count_only_draw_2__lr_0.001__seed_29__epoch_10,count_only,count_only_draw_2,2,0.001,29,10,coco_karpathy,i2t.median_rank,3.0
count_only_draw_2__lr_0.001__seed_29__epoch_10,count_only,count_only_draw_2,2,0.001,29,10,coco_karpathy,t2i.r1,0.21772
count_only_draw_2__lr_0.001__seed_29__epoch_10,count_only,count_only_draw_2,2,0.001,29,10,coco_karpathy,t2i.r5,0.44164
count_only_draw_2__lr_0.001__seed_29__epoch_10,count_only,count_only_draw_2,2,0.001,29,10,coco_karpathy,t2i.r10,0.55452
count_only_draw_2__lr_0.001__seed_29__epoch_10,count_only,count_only_draw_2,2,0.001,29,10,coco_karpathy,t2i.mean_rank,49.58424
count_only_draw_2__lr_0.001__seed_29__epoch_10,count_only,count_only_draw_2,2,0.001,29,10,coco_karpathy,t2i.median_rank,8.0
count_only_draw_2__lr_0.001__seed_29__epoch_10,count_only,count_only_draw_2,2,0.001,29,10,coco_karpathy,mean_bidirectional_r1,0.28126
count_only_draw_2__lr_0.001__seed_29__epoch_10,count_only,count_only_draw_2,2,0.001,29,10,e_vil_test1000,i2t.r1,0.619
count_only_draw_2__lr_0.001__seed_29__epoch_10,count_only,count_only_draw_2,2,0.001,29,10,e_vil_test1000,i2t.r5,0.845
count_only_draw_2__lr_0.001__seed_29__epoch_10,count_only,count_only_draw_2,2,0.001,29,10,e_vil_test1000,i2t.r10,0.914
count_only_draw_2__lr_0.001__seed_29__epoch_10,count_only,count_only_draw_2,2,0.001,29,10,e_vil_test1000,i2t.mean_rank,5.737
count_only_draw_2__lr_0.001__seed_29__epoch_10,count_only,count_only_draw_2,2,0.001,29,10,e_vil_test1000,i2t.median_rank,1.0
count_only_draw_2__lr_0.001__seed_29__epoch_10,count_only,count_only_draw_2,2,0.001,29,10,e_vil_test1000,t2i.r1,0.4686
count_only_draw_2__lr_0.001__seed_29__epoch_10,count_only,count_only_draw_2,2,0.001,29,10,e_vil_test1000,t2i.r5,0.7286
count_only_draw_2__lr_0.001__seed_29__epoch_10,count_only,count_only_draw_2,2,0.001,29,10,e_vil_test1000,t2i.r10,0.8194
count_only_draw_2__lr_0.001__seed_29__epoch_10,count_only,count_only_draw_2,2,0.001,29,10,e_vil_test1000,t2i.mean_rank,12.5666
count_only_draw_2__lr_0.001__seed_29__epoch_10,count_only,count_only_draw_2,2,0.001,29,10,e_vil_test1000,t2i.median_rank,2.0
count_only_draw_2__lr_0.001__seed_29__epoch_10,count_only,count_only_draw_2,2,0.001,29,10,e_vil_test1000,mean_bidirectional_r1,0.5438000000000001
count_only_draw_2__lr_0.001__seed_29__epoch_10,count_only,count_only_draw_2,2,0.001,29,10,sugarcrepe,positive1_accuracy,0.7695380109173212
count_only_draw_2__lr_0.001__seed_29__epoch_10,count_only,count_only_draw_2,2,0.001,29,10,sugarcrepe,accuracy,0.7695380109173212
count_only_draw_2__lr_0.001__seed_29__epoch_10,count_only,count_only_draw_2,2,0.001,29,10,sugarcrepe_pp,positive1_accuracy,0.7490014715156611
count_only_draw_2__lr_0.001__seed_29__epoch_10,count_only,count_only_draw_2,2,0.001,29,10,sugarcrepe_pp,positive2_accuracy,0.6678578936304393
count_only_draw_2__lr_0.001__seed_29__epoch_10,count_only,count_only_draw_2,2,0.001,29,10,sugarcrepe_pp,both_accuracy,0.6029009880176582
count_only_draw_2__lr_0.001__seed_29__epoch_10,count_only,count_only_draw_2,2,0.001,29,10,sugarcrepe_pp,accuracy,0.6029009880176582
count_only_draw_2__lr_0.001__seed_29__epoch_10,count_only,count_only_draw_2,2,0.001,29,10,visual_entailment,accuracy,0.7355328545122753
count_only_draw_2__lr_0.001__seed_43__epoch_01,count_only,count_only_draw_2,2,0.001,43,1,e_vil_test1000,i2t.r1,0.743
count_only_draw_2__lr_0.001__seed_43__epoch_01,count_only,count_only_draw_2,2,0.001,43,1,e_vil_test1000,i2t.r5,0.898
count_only_draw_2__lr_0.001__seed_43__epoch_01,count_only,count_only_draw_2,2,0.001,43,1,e_vil_test1000,i2t.r10,0.943
count_only_draw_2__lr_0.001__seed_43__epoch_01,count_only,count_only_draw_2,2,0.001,43,1,e_vil_test1000,i2t.mean_rank,4.607
count_only_draw_2__lr_0.001__seed_43__epoch_01,count_only,count_only_draw_2,2,0.001,43,1,e_vil_test1000,i2t.median_rank,1.0
count_only_draw_2__lr_0.001__seed_43__epoch_01,count_only,count_only_draw_2,2,0.001,43,1,e_vil_test1000,t2i.r1,0.3934
count_only_draw_2__lr_0.001__seed_43__epoch_01,count_only,count_only_draw_2,2,0.001,43,1,e_vil_test1000,t2i.r5,0.6522
count_only_draw_2__lr_0.001__seed_43__epoch_01,count_only,count_only_draw_2,2,0.001,43,1,e_vil_test1000,t2i.r10,0.7512
count_only_draw_2__lr_0.001__seed_43__epoch_01,count_only,count_only_draw_2,2,0.001,43,1,e_vil_test1000,t2i.mean_rank,18.5518
count_only_draw_2__lr_0.001__seed_43__epoch_01,count_only,count_only_draw_2,2,0.001,43,1,e_vil_test1000,t2i.median_rank,2.0
count_only_draw_2__lr_0.001__seed_43__epoch_01,count_only,count_only_draw_2,2,0.001,43,1,e_vil_test1000,mean_bidirectional_r1,0.5682
count_only_draw_2__lr_0.001__seed_43__epoch_01,count_only,count_only_draw_2,2,0.001,43,1,sugarcrepe,positive1_accuracy,0.8106776727466383
count_only_draw_2__lr_0.001__seed_43__epoch_01,count_only,count_only_draw_2,2,0.001,43,1,sugarcrepe,accuracy,0.8106776727466383
count_only_draw_2__lr_0.001__seed_43__epoch_01,count_only,count_only_draw_2,2,0.001,43,1,sugarcrepe_pp,positive1_accuracy,0.7754887534160185
count_only_draw_2__lr_0.001__seed_43__epoch_01,count_only,count_only_draw_2,2,0.001,43,1,sugarcrepe_pp,positive2_accuracy,0.7000210216523018
count_only_draw_2__lr_0.001__seed_43__epoch_01,count_only,count_only_draw_2,2,0.001,43,1,sugarcrepe_pp,both_accuracy,0.6382173638848013
count_only_draw_2__lr_0.001__seed_43__epoch_01,count_only,count_only_draw_2,2,0.001,43,1,sugarcrepe_pp,accuracy,0.6382173638848013
count_only_draw_2__lr_0.001__seed_43__epoch_01,count_only,count_only_draw_2,2,0.001,43,1,visual_entailment,accuracy,0.7835593660393879
count_only_draw_2__lr_0.001__seed_43__epoch_05,count_only,count_only_draw_2,2,0.001,43,5,e_vil_test1000,i2t.r1,0.703
count_only_draw_2__lr_0.001__seed_43__epoch_05,count_only,count_only_draw_2,2,0.001,43,5,e_vil_test1000,i2t.r5,0.895
count_only_draw_2__lr_0.001__seed_43__epoch_05,count_only,count_only_draw_2,2,0.001,43,5,e_vil_test1000,i2t.r10,0.944
count_only_draw_2__lr_0.001__seed_43__epoch_05,count_only,count_only_draw_2,2,0.001,43,5,e_vil_test1000,i2t.mean_rank,3.954
count_only_draw_2__lr_0.001__seed_43__epoch_05,count_only,count_only_draw_2,2,0.001,43,5,e_vil_test1000,i2t.median_rank,1.0
count_only_draw_2__lr_0.001__seed_43__epoch_05,count_only,count_only_draw_2,2,0.001,43,5,e_vil_test1000,t2i.r1,0.493
count_only_draw_2__lr_0.001__seed_43__epoch_05,count_only,count_only_draw_2,2,0.001,43,5,e_vil_test1000,t2i.r5,0.7618
count_only_draw_2__lr_0.001__seed_43__epoch_05,count_only,count_only_draw_2,2,0.001,43,5,e_vil_test1000,t2i.r10,0.8454
count_only_draw_2__lr_0.001__seed_43__epoch_05,count_only,count_only_draw_2,2,0.001,43,5,e_vil_test1000,t2i.mean_rank,10.5138
count_only_draw_2__lr_0.001__seed_43__epoch_05,count_only,count_only_draw_2,2,0.001,43,5,e_vil_test1000,t2i.median_rank,2.0
count_only_draw_2__lr_0.001__seed_43__epoch_05,count_only,count_only_draw_2,2,0.001,43,5,e_vil_test1000,mean_bidirectional_r1,0.598
count_only_draw_2__lr_0.001__seed_43__epoch_05,count_only,count_only_draw_2,2,0.001,43,5,sugarcrepe,positive1_accuracy,0.7788576754093995
count_only_draw_2__lr_0.001__seed_43__epoch_05,count_only,count_only_draw_2,2,0.001,43,5,sugarcrepe,accuracy,0.7788576754093995
count_only_draw_2__lr_0.001__seed_43__epoch_05,count_only,count_only_draw_2,2,0.001,43,5,sugarcrepe_pp,positive1_accuracy,0.7616144628967837
count_only_draw_2__lr_0.001__seed_43__epoch_05,count_only,count_only_draw_2,2,0.001,43,5,sugarcrepe_pp,positive2_accuracy,0.7008618877443767
count_only_draw_2__lr_0.001__seed_43__epoch_05,count_only,count_only_draw_2,2,0.001,43,5,sugarcrepe_pp,both_accuracy,0.6344334664704646
count_only_draw_2__lr_0.001__seed_43__epoch_05,count_only,count_only_draw_2,2,0.001,43,5,sugarcrepe_pp,accuracy,0.6344334664704646
count_only_draw_2__lr_0.001__seed_43__epoch_05,count_only,count_only_draw_2,2,0.001,43,5,visual_entailment,accuracy,0.7325069380623482
count_only_draw_2__lr_0.001__seed_43__epoch_10,count_only,count_only_draw_2,2,0.001,43,10,coco_karpathy,i2t.r1,0.3382
count_only_draw_2__lr_0.001__seed_43__epoch_10,count_only,count_only_draw_2,2,0.001,43,10,coco_karpathy,i2t.r5,0.593
count_only_draw_2__lr_0.001__seed_43__epoch_10,count_only,count_only_draw_2,2,0.001,43,10,coco_karpathy,i2t.r10,0.699
count_only_draw_2__lr_0.001__seed_43__epoch_10,count_only,count_only_draw_2,2,0.001,43,10,coco_karpathy,i2t.mean_rank,24.6778
count_only_draw_2__lr_0.001__seed_43__epoch_10,count_only,count_only_draw_2,2,0.001,43,10,coco_karpathy,i2t.median_rank,3.0
count_only_draw_2__lr_0.001__seed_43__epoch_10,count_only,count_only_draw_2,2,0.001,43,10,coco_karpathy,t2i.r1,0.21764
count_only_draw_2__lr_0.001__seed_43__epoch_10,count_only,count_only_draw_2,2,0.001,43,10,coco_karpathy,t2i.r5,0.44612
count_only_draw_2__lr_0.001__seed_43__epoch_10,count_only,count_only_draw_2,2,0.001,43,10,coco_karpathy,t2i.r10,0.56004
count_only_draw_2__lr_0.001__seed_43__epoch_10,count_only,count_only_draw_2,2,0.001,43,10,coco_karpathy,t2i.mean_rank,48.73568
count_only_draw_2__lr_0.001__seed_43__epoch_10,count_only,count_only_draw_2,2,0.001,43,10,coco_karpathy,t2i.median_rank,7.0
count_only_draw_2__lr_0.001__seed_43__epoch_10,count_only,count_only_draw_2,2,0.001,43,10,coco_karpathy,mean_bidirectional_r1,0.27792
count_only_draw_2__lr_0.001__seed_43__epoch_10,count_only,count_only_draw_2,2,0.001,43,10,e_vil_test1000,i2t.r1,0.609
count_only_draw_2__lr_0.001__seed_43__epoch_10,count_only,count_only_draw_2,2,0.001,43,10,e_vil_test1000,i2t.r5,0.86
count_only_draw_2__lr_0.001__seed_43__epoch_10,count_only,count_only_draw_2,2,0.001,43,10,e_vil_test1000,i2t.r10,0.916
count_only_draw_2__lr_0.001__seed_43__epoch_10,count_only,count_only_draw_2,2,0.001,43,10,e_vil_test1000,i2t.mean_rank,6.129
count_only_draw_2__lr_0.001__seed_43__epoch_10,count_only,count_only_draw_2,2,0.001,43,10,e_vil_test1000,i2t.median_rank,1.0
count_only_draw_2__lr_0.001__seed_43__epoch_10,count_only,count_only_draw_2,2,0.001,43,10,e_vil_test1000,t2i.r1,0.46
count_only_draw_2__lr_0.001__seed_43__epoch_10,count_only,count_only_draw_2,2,0.001,43,10,e_vil_test1000,t2i.r5,0.722
count_only_draw_2__lr_0.001__seed_43__epoch_10,count_only,count_only_draw_2,2,0.001,43,10,e_vil_test1000,t2i.r10,0.807
count_only_draw_2__lr_0.001__seed_43__epoch_10,count_only,count_only_draw_2,2,0.001,43,10,e_vil_test1000,t2i.mean_rank,13.6058
count_only_draw_2__lr_0.001__seed_43__epoch_10,count_only,count_only_draw_2,2,0.001,43,10,e_vil_test1000,t2i.median_rank,2.0
count_only_draw_2__lr_0.001__seed_43__epoch_10,count_only,count_only_draw_2,2,0.001,43,10,e_vil_test1000,mean_bidirectional_r1,0.5345
count_only_draw_2__lr_0.001__seed_43__epoch_10,count_only,count_only_draw_2,2,0.001,43,10,sugarcrepe,positive1_accuracy,0.7737984289708427
count_only_draw_2__lr_0.001__seed_43__epoch_10,count_only,count_only_draw_2,2,0.001,43,10,sugarcrepe,accuracy,0.7737984289708427
count_only_draw_2__lr_0.001__seed_43__epoch_10,count_only,count_only_draw_2,2,0.001,43,10,sugarcrepe_pp,positive1_accuracy,0.7492116880386799
count_only_draw_2__lr_0.001__seed_43__epoch_10,count_only,count_only_draw_2,2,0.001,43,10,sugarcrepe_pp,positive2_accuracy,0.6708009249527013
count_only_draw_2__lr_0.001__seed_43__epoch_10,count_only,count_only_draw_2,2,0.001,43,10,sugarcrepe_pp,both_accuracy,0.6058440193399202
count_only_draw_2__lr_0.001__seed_43__epoch_10,count_only,count_only_draw_2,2,0.001,43,10,sugarcrepe_pp,accuracy,0.6058440193399202
count_only_draw_2__lr_0.001__seed_43__epoch_10,count_only,count_only_draw_2,2,0.001,43,10,visual_entailment,accuracy,0.7275979539413328
frozen,frozen,frozen,,,,0,coco_karpathy,i2t.r1,0.5632
frozen,frozen,frozen,,,,0,coco_karpathy,i2t.r5,0.7982
frozen,frozen,frozen,,,,0,coco_karpathy,i2t.r10,0.8712
frozen,frozen,frozen,,,,0,coco_karpathy,i2t.mean_rank,6.9402
frozen,frozen,frozen,,,,0,coco_karpathy,i2t.median_rank,1.0
frozen,frozen,frozen,,,,0,coco_karpathy,t2i.r1,0.39348
frozen,frozen,frozen,,,,0,coco_karpathy,t2i.r5,0.65404
frozen,frozen,frozen,,,,0,coco_karpathy,t2i.r10,0.7562
frozen,frozen,frozen,,,,0,coco_karpathy,t2i.mean_rank,17.9344
frozen,frozen,frozen,,,,0,coco_karpathy,t2i.median_rank,2.0
frozen,frozen,frozen,,,,0,coco_karpathy,mean_bidirectional_r1,0.47834
frozen,frozen,frozen,,,,0,e_vil_test1000,i2t.r1,0.845
frozen,frozen,frozen,,,,0,e_vil_test1000,i2t.r5,0.96
frozen,frozen,frozen,,,,0,e_vil_test1000,i2t.r10,0.985
frozen,frozen,frozen,,,,0,e_vil_test1000,i2t.mean_rank,1.743
frozen,frozen,frozen,,,,0,e_vil_test1000,i2t.median_rank,1.0
frozen,frozen,frozen,,,,0,e_vil_test1000,t2i.r1,0.6976
frozen,frozen,frozen,,,,0,e_vil_test1000,t2i.r5,0.8968
frozen,frozen,frozen,,,,0,e_vil_test1000,t2i.r10,0.9376
frozen,frozen,frozen,,,,0,e_vil_test1000,t2i.mean_rank,4.6174
frozen,frozen,frozen,,,,0,e_vil_test1000,t2i.median_rank,1.0
frozen,frozen,frozen,,,,0,e_vil_test1000,mean_bidirectional_r1,0.7713
frozen,frozen,frozen,,,,0,sugarcrepe,positive1_accuracy,0.8121421914525363
frozen,frozen,frozen,,,,0,sugarcrepe,accuracy,0.8121421914525363
frozen,frozen,frozen,,,,0,sugarcrepe_pp,positive1_accuracy,0.7946184570107211
frozen,frozen,frozen,,,,0,sugarcrepe_pp,positive2_accuracy,0.7500525541307547
frozen,frozen,frozen,,,,0,sugarcrepe_pp,both_accuracy,0.6895101955013664
frozen,frozen,frozen,,,,0,sugarcrepe_pp,accuracy,0.6895101955013664
frozen,frozen,frozen,,,,0,visual_entailment,accuracy,0.7947273164639607
score_stratified_draw_0__lr_0.0001__seed_17__epoch_00,score_stratified,score_stratified_draw_0,0,0.0001,17,0,coco_karpathy,i2t.r1,0.5632
score_stratified_draw_0__lr_0.0001__seed_17__epoch_00,score_stratified,score_stratified_draw_0,0,0.0001,17,0,coco_karpathy,i2t.r5,0.7982
score_stratified_draw_0__lr_0.0001__seed_17__epoch_00,score_stratified,score_stratified_draw_0,0,0.0001,17,0,coco_karpathy,i2t.r10,0.8712
score_stratified_draw_0__lr_0.0001__seed_17__epoch_00,score_stratified,score_stratified_draw_0,0,0.0001,17,0,coco_karpathy,i2t.mean_rank,6.9402
score_stratified_draw_0__lr_0.0001__seed_17__epoch_00,score_stratified,score_stratified_draw_0,0,0.0001,17,0,coco_karpathy,i2t.median_rank,1.0
score_stratified_draw_0__lr_0.0001__seed_17__epoch_00,score_stratified,score_stratified_draw_0,0,0.0001,17,0,coco_karpathy,t2i.r1,0.39348
score_stratified_draw_0__lr_0.0001__seed_17__epoch_00,score_stratified,score_stratified_draw_0,0,0.0001,17,0,coco_karpathy,t2i.r5,0.65404
score_stratified_draw_0__lr_0.0001__seed_17__epoch_00,score_stratified,score_stratified_draw_0,0,0.0001,17,0,coco_karpathy,t2i.r10,0.7562
score_stratified_draw_0__lr_0.0001__seed_17__epoch_00,score_stratified,score_stratified_draw_0,0,0.0001,17,0,coco_karpathy,t2i.mean_rank,17.9344
score_stratified_draw_0__lr_0.0001__seed_17__epoch_00,score_stratified,score_stratified_draw_0,0,0.0001,17,0,coco_karpathy,t2i.median_rank,2.0
score_stratified_draw_0__lr_0.0001__seed_17__epoch_00,score_stratified,score_stratified_draw_0,0,0.0001,17,0,coco_karpathy,mean_bidirectional_r1,0.47834
score_stratified_draw_0__lr_0.0001__seed_17__epoch_00,score_stratified,score_stratified_draw_0,0,0.0001,17,0,e_vil_test1000,i2t.r1,0.845
score_stratified_draw_0__lr_0.0001__seed_17__epoch_00,score_stratified,score_stratified_draw_0,0,0.0001,17,0,e_vil_test1000,i2t.r5,0.96
score_stratified_draw_0__lr_0.0001__seed_17__epoch_00,score_stratified,score_stratified_draw_0,0,0.0001,17,0,e_vil_test1000,i2t.r10,0.985
score_stratified_draw_0__lr_0.0001__seed_17__epoch_00,score_stratified,score_stratified_draw_0,0,0.0001,17,0,e_vil_test1000,i2t.mean_rank,1.743
score_stratified_draw_0__lr_0.0001__seed_17__epoch_00,score_stratified,score_stratified_draw_0,0,0.0001,17,0,e_vil_test1000,i2t.median_rank,1.0
score_stratified_draw_0__lr_0.0001__seed_17__epoch_00,score_stratified,score_stratified_draw_0,0,0.0001,17,0,e_vil_test1000,t2i.r1,0.6976
score_stratified_draw_0__lr_0.0001__seed_17__epoch_00,score_stratified,score_stratified_draw_0,0,0.0001,17,0,e_vil_test1000,t2i.r5,0.8968
score_stratified_draw_0__lr_0.0001__seed_17__epoch_00,score_stratified,score_stratified_draw_0,0,0.0001,17,0,e_vil_test1000,t2i.r10,0.9376
score_stratified_draw_0__lr_0.0001__seed_17__epoch_00,score_stratified,score_stratified_draw_0,0,0.0001,17,0,e_vil_test1000,t2i.mean_rank,4.6174
score_stratified_draw_0__lr_0.0001__seed_17__epoch_00,score_stratified,score_stratified_draw_0,0,0.0001,17,0,e_vil_test1000,t2i.median_rank,1.0
score_stratified_draw_0__lr_0.0001__seed_17__epoch_00,score_stratified,score_stratified_draw_0,0,0.0001,17,0,e_vil_test1000,mean_bidirectional_r1,0.7713
score_stratified_draw_0__lr_0.0001__seed_17__epoch_00,score_stratified,score_stratified_draw_0,0,0.0001,17,0,sugarcrepe,positive1_accuracy,0.8121421914525363
score_stratified_draw_0__lr_0.0001__seed_17__epoch_00,score_stratified,score_stratified_draw_0,0,0.0001,17,0,sugarcrepe,accuracy,0.8121421914525363
score_stratified_draw_0__lr_0.0001__seed_17__epoch_00,score_stratified,score_stratified_draw_0,0,0.0001,17,0,sugarcrepe_pp,positive1_accuracy,0.7946184570107211
score_stratified_draw_0__lr_0.0001__seed_17__epoch_00,score_stratified,score_stratified_draw_0,0,0.0001,17,0,sugarcrepe_pp,positive2_accuracy,0.7500525541307547
score_stratified_draw_0__lr_0.0001__seed_17__epoch_00,score_stratified,score_stratified_draw_0,0,0.0001,17,0,sugarcrepe_pp,both_accuracy,0.6895101955013664
score_stratified_draw_0__lr_0.0001__seed_17__epoch_00,score_stratified,score_stratified_draw_0,0,0.0001,17,0,sugarcrepe_pp,accuracy,0.6895101955013664
score_stratified_draw_0__lr_0.0001__seed_17__epoch_00,score_stratified,score_stratified_draw_0,0,0.0001,17,0,visual_entailment,accuracy,0.7947273164639607
score_stratified_draw_0__lr_0.0001__seed_17__epoch_01,score_stratified,score_stratified_draw_0,0,0.0001,17,1,e_vil_test1000,i2t.r1,0.791
score_stratified_draw_0__lr_0.0001__seed_17__epoch_01,score_stratified,score_stratified_draw_0,0,0.0001,17,1,e_vil_test1000,i2t.r5,0.949
score_stratified_draw_0__lr_0.0001__seed_17__epoch_01,score_stratified,score_stratified_draw_0,0,0.0001,17,1,e_vil_test1000,i2t.r10,0.976
score_stratified_draw_0__lr_0.0001__seed_17__epoch_01,score_stratified,score_stratified_draw_0,0,0.0001,17,1,e_vil_test1000,i2t.mean_rank,2.092
score_stratified_draw_0__lr_0.0001__seed_17__epoch_01,score_stratified,score_stratified_draw_0,0,0.0001,17,1,e_vil_test1000,i2t.median_rank,1.0
score_stratified_draw_0__lr_0.0001__seed_17__epoch_01,score_stratified,score_stratified_draw_0,0,0.0001,17,1,e_vil_test1000,t2i.r1,0.6998
score_stratified_draw_0__lr_0.0001__seed_17__epoch_01,score_stratified,score_stratified_draw_0,0,0.0001,17,1,e_vil_test1000,t2i.r5,0.9066
score_stratified_draw_0__lr_0.0001__seed_17__epoch_01,score_stratified,score_stratified_draw_0,0,0.0001,17,1,e_vil_test1000,t2i.r10,0.9448
score_stratified_draw_0__lr_0.0001__seed_17__epoch_01,score_stratified,score_stratified_draw_0,0,0.0001,17,1,e_vil_test1000,t2i.mean_rank,4.2594
score_stratified_draw_0__lr_0.0001__seed_17__epoch_01,score_stratified,score_stratified_draw_0,0,0.0001,17,1,e_vil_test1000,t2i.median_rank,1.0
score_stratified_draw_0__lr_0.0001__seed_17__epoch_01,score_stratified,score_stratified_draw_0,0,0.0001,17,1,e_vil_test1000,mean_bidirectional_r1,0.7454000000000001
score_stratified_draw_0__lr_0.0001__seed_17__epoch_01,score_stratified,score_stratified_draw_0,0,0.0001,17,1,sugarcrepe,positive1_accuracy,0.8486220210358142
score_stratified_draw_0__lr_0.0001__seed_17__epoch_01,score_stratified,score_stratified_draw_0,0,0.0001,17,1,sugarcrepe,accuracy,0.8486220210358142
score_stratified_draw_0__lr_0.0001__seed_17__epoch_01,score_stratified,score_stratified_draw_0,0,0.0001,17,1,sugarcrepe_pp,positive1_accuracy,0.8080723144839185
score_stratified_draw_0__lr_0.0001__seed_17__epoch_01,score_stratified,score_stratified_draw_0,0,0.0001,17,1,sugarcrepe_pp,positive2_accuracy,0.7571999159133908
score_stratified_draw_0__lr_0.0001__seed_17__epoch_01,score_stratified,score_stratified_draw_0,0,0.0001,17,1,sugarcrepe_pp,both_accuracy,0.6987597225141896
score_stratified_draw_0__lr_0.0001__seed_17__epoch_01,score_stratified,score_stratified_draw_0,0,0.0001,17,1,sugarcrepe_pp,accuracy,0.6987597225141896
score_stratified_draw_0__lr_0.0001__seed_17__epoch_01,score_stratified,score_stratified_draw_0,0,0.0001,17,1,visual_entailment,accuracy,0.8436379274176022
score_stratified_draw_0__lr_0.0001__seed_17__epoch_05,score_stratified,score_stratified_draw_0,0,0.0001,17,5,e_vil_test1000,i2t.r1,0.8
score_stratified_draw_0__lr_0.0001__seed_17__epoch_05,score_stratified,score_stratified_draw_0,0,0.0001,17,5,e_vil_test1000,i2t.r5,0.94
score_stratified_draw_0__lr_0.0001__seed_17__epoch_05,score_stratified,score_stratified_draw_0,0,0.0001,17,5,e_vil_test1000,i2t.r10,0.969
score_stratified_draw_0__lr_0.0001__seed_17__epoch_05,score_stratified,score_stratified_draw_0,0,0.0001,17,5,e_vil_test1000,i2t.mean_rank,2.157
score_stratified_draw_0__lr_0.0001__seed_17__epoch_05,score_stratified,score_stratified_draw_0,0,0.0001,17,5,e_vil_test1000,i2t.median_rank,1.0
score_stratified_draw_0__lr_0.0001__seed_17__epoch_05,score_stratified,score_stratified_draw_0,0,0.0001,17,5,e_vil_test1000,t2i.r1,0.6702
score_stratified_draw_0__lr_0.0001__seed_17__epoch_05,score_stratified,score_stratified_draw_0,0,0.0001,17,5,e_vil_test1000,t2i.r5,0.8926
score_stratified_draw_0__lr_0.0001__seed_17__epoch_05,score_stratified,score_stratified_draw_0,0,0.0001,17,5,e_vil_test1000,t2i.r10,0.9326
score_stratified_draw_0__lr_0.0001__seed_17__epoch_05,score_stratified,score_stratified_draw_0,0,0.0001,17,5,e_vil_test1000,t2i.mean_rank,4.9508
score_stratified_draw_0__lr_0.0001__seed_17__epoch_05,score_stratified,score_stratified_draw_0,0,0.0001,17,5,e_vil_test1000,t2i.median_rank,1.0
score_stratified_draw_0__lr_0.0001__seed_17__epoch_05,score_stratified,score_stratified_draw_0,0,0.0001,17,5,e_vil_test1000,mean_bidirectional_r1,0.7351000000000001
score_stratified_draw_0__lr_0.0001__seed_17__epoch_05,score_stratified,score_stratified_draw_0,0,0.0001,17,5,sugarcrepe,positive1_accuracy,0.8370390094528025
score_stratified_draw_0__lr_0.0001__seed_17__epoch_05,score_stratified,score_stratified_draw_0,0,0.0001,17,5,sugarcrepe,accuracy,0.8370390094528025
score_stratified_draw_0__lr_0.0001__seed_17__epoch_05,score_stratified,score_stratified_draw_0,0,0.0001,17,5,sugarcrepe_pp,positive1_accuracy,0.8005045196552449
score_stratified_draw_0__lr_0.0001__seed_17__epoch_05,score_stratified,score_stratified_draw_0,0,0.0001,17,5,sugarcrepe_pp,positive2_accuracy,0.7189405087239857
score_stratified_draw_0__lr_0.0001__seed_17__epoch_05,score_stratified,score_stratified_draw_0,0,0.0001,17,5,sugarcrepe_pp,both_accuracy,0.6678578936304393
score_stratified_draw_0__lr_0.0001__seed_17__epoch_05,score_stratified,score_stratified_draw_0,0,0.0001,17,5,sugarcrepe_pp,accuracy,0.6678578936304393
score_stratified_draw_0__lr_0.0001__seed_17__epoch_05,score_stratified,score_stratified_draw_0,0,0.0001,17,5,visual_entailment,accuracy,0.8313325428834628
score_stratified_draw_0__lr_0.0001__seed_17__epoch_10,score_stratified,score_stratified_draw_0,0,0.0001,17,10,coco_karpathy,i2t.r1,0.5018
score_stratified_draw_0__lr_0.0001__seed_17__epoch_10,score_stratified,score_stratified_draw_0,0,0.0001,17,10,coco_karpathy,i2t.r5,0.7502
score_stratified_draw_0__lr_0.0001__seed_17__epoch_10,score_stratified,score_stratified_draw_0,0,0.0001,17,10,coco_karpathy,i2t.r10,0.8312
score_stratified_draw_0__lr_0.0001__seed_17__epoch_10,score_stratified,score_stratified_draw_0,0,0.0001,17,10,coco_karpathy,i2t.mean_rank,10.106
score_stratified_draw_0__lr_0.0001__seed_17__epoch_10,score_stratified,score_stratified_draw_0,0,0.0001,17,10,coco_karpathy,i2t.median_rank,1.0
score_stratified_draw_0__lr_0.0001__seed_17__epoch_10,score_stratified,score_stratified_draw_0,0,0.0001,17,10,coco_karpathy,t2i.r1,0.35708
score_stratified_draw_0__lr_0.0001__seed_17__epoch_10,score_stratified,score_stratified_draw_0,0,0.0001,17,10,coco_karpathy,t2i.r5,0.61724
score_stratified_draw_0__lr_0.0001__seed_17__epoch_10,score_stratified,score_stratified_draw_0,0,0.0001,17,10,coco_karpathy,t2i.r10,0.7222
score_stratified_draw_0__lr_0.0001__seed_17__epoch_10,score_stratified,score_stratified_draw_0,0,0.0001,17,10,coco_karpathy,t2i.mean_rank,20.47256
score_stratified_draw_0__lr_0.0001__seed_17__epoch_10,score_stratified,score_stratified_draw_0,0,0.0001,17,10,coco_karpathy,t2i.median_rank,3.0
score_stratified_draw_0__lr_0.0001__seed_17__epoch_10,score_stratified,score_stratified_draw_0,0,0.0001,17,10,coco_karpathy,mean_bidirectional_r1,0.42944000000000004
score_stratified_draw_0__lr_0.0001__seed_17__epoch_10,score_stratified,score_stratified_draw_0,0,0.0001,17,10,e_vil_test1000,i2t.r1,0.789
score_stratified_draw_0__lr_0.0001__seed_17__epoch_10,score_stratified,score_stratified_draw_0,0,0.0001,17,10,e_vil_test1000,i2t.r5,0.94
score_stratified_draw_0__lr_0.0001__seed_17__epoch_10,score_stratified,score_stratified_draw_0,0,0.0001,17,10,e_vil_test1000,i2t.r10,0.972
score_stratified_draw_0__lr_0.0001__seed_17__epoch_10,score_stratified,score_stratified_draw_0,0,0.0001,17,10,e_vil_test1000,i2t.mean_rank,2.18
score_stratified_draw_0__lr_0.0001__seed_17__epoch_10,score_stratified,score_stratified_draw_0,0,0.0001,17,10,e_vil_test1000,i2t.median_rank,1.0
score_stratified_draw_0__lr_0.0001__seed_17__epoch_10,score_stratified,score_stratified_draw_0,0,0.0001,17,10,e_vil_test1000,t2i.r1,0.6444
score_stratified_draw_0__lr_0.0001__seed_17__epoch_10,score_stratified,score_stratified_draw_0,0,0.0001,17,10,e_vil_test1000,t2i.r5,0.8752
score_stratified_draw_0__lr_0.0001__seed_17__epoch_10,score_stratified,score_stratified_draw_0,0,0.0001,17,10,e_vil_test1000,t2i.r10,0.9254
score_stratified_draw_0__lr_0.0001__seed_17__epoch_10,score_stratified,score_stratified_draw_0,0,0.0001,17,10,e_vil_test1000,t2i.mean_rank,5.5592
score_stratified_draw_0__lr_0.0001__seed_17__epoch_10,score_stratified,score_stratified_draw_0,0,0.0001,17,10,e_vil_test1000,t2i.median_rank,1.0
score_stratified_draw_0__lr_0.0001__seed_17__epoch_10,score_stratified,score_stratified_draw_0,0,0.0001,17,10,e_vil_test1000,mean_bidirectional_r1,0.7167
score_stratified_draw_0__lr_0.0001__seed_17__epoch_10,score_stratified,score_stratified_draw_0,0,0.0001,17,10,sugarcrepe,positive1_accuracy,0.8279856210890694
score_stratified_draw_0__lr_0.0001__seed_17__epoch_10,score_stratified,score_stratified_draw_0,0,0.0001,17,10,sugarcrepe,accuracy,0.8279856210890694
score_stratified_draw_0__lr_0.0001__seed_17__epoch_10,score_stratified,score_stratified_draw_0,0,0.0001,17,10,sugarcrepe_pp,positive1_accuracy,0.7971410552869456
score_stratified_draw_0__lr_0.0001__seed_17__epoch_10,score_stratified,score_stratified_draw_0,0,0.0001,17,10,sugarcrepe_pp,positive2_accuracy,0.7094807651881437
score_stratified_draw_0__lr_0.0001__seed_17__epoch_10,score_stratified,score_stratified_draw_0,0,0.0001,17,10,sugarcrepe_pp,both_accuracy,0.6581879335715787
score_stratified_draw_0__lr_0.0001__seed_17__epoch_10,score_stratified,score_stratified_draw_0,0,0.0001,17,10,sugarcrepe_pp,accuracy,0.6581879335715787
score_stratified_draw_0__lr_0.0001__seed_17__epoch_10,score_stratified,score_stratified_draw_0,0,0.0001,17,10,visual_entailment,accuracy,0.8150547500379737
score_stratified_draw_0__lr_0.0001__seed_29__epoch_00,score_stratified,score_stratified_draw_0,0,0.0001,29,0,coco_karpathy,i2t.r1,0.5632
score_stratified_draw_0__lr_0.0001__seed_29__epoch_00,score_stratified,score_stratified_draw_0,0,0.0001,29,0,coco_karpathy,i2t.r5,0.7982
score_stratified_draw_0__lr_0.0001__seed_29__epoch_00,score_stratified,score_stratified_draw_0,0,0.0001,29,0,coco_karpathy,i2t.r10,0.8712
score_stratified_draw_0__lr_0.0001__seed_29__epoch_00,score_stratified,score_stratified_draw_0,0,0.0001,29,0,coco_karpathy,i2t.mean_rank,6.9402
score_stratified_draw_0__lr_0.0001__seed_29__epoch_00,score_stratified,score_stratified_draw_0,0,0.0001,29,0,coco_karpathy,i2t.median_rank,1.0
score_stratified_draw_0__lr_0.0001__seed_29__epoch_00,score_stratified,score_stratified_draw_0,0,0.0001,29,0,coco_karpathy,t2i.r1,0.39348
score_stratified_draw_0__lr_0.0001__seed_29__epoch_00,score_stratified,score_stratified_draw_0,0,0.0001,29,0,coco_karpathy,t2i.r5,0.65404
score_stratified_draw_0__lr_0.0001__seed_29__epoch_00,score_stratified,score_stratified_draw_0,0,0.0001,29,0,coco_karpathy,t2i.r10,0.7562
score_stratified_draw_0__lr_0.0001__seed_29__epoch_00,score_stratified,score_stratified_draw_0,0,0.0001,29,0,coco_karpathy,t2i.mean_rank,17.9344
score_stratified_draw_0__lr_0.0001__seed_29__epoch_00,score_stratified,score_stratified_draw_0,0,0.0001,29,0,coco_karpathy,t2i.median_rank,2.0
score_stratified_draw_0__lr_0.0001__seed_29__epoch_00,score_stratified,score_stratified_draw_0,0,0.0001,29,0,coco_karpathy,mean_bidirectional_r1,0.47834
score_stratified_draw_0__lr_0.0001__seed_29__epoch_00,score_stratified,score_stratified_draw_0,0,0.0001,29,0,e_vil_test1000,i2t.r1,0.845
score_stratified_draw_0__lr_0.0001__seed_29__epoch_00,score_stratified,score_stratified_draw_0,0,0.0001,29,0,e_vil_test1000,i2t.r5,0.96
score_stratified_draw_0__lr_0.0001__seed_29__epoch_00,score_stratified,score_stratified_draw_0,0,0.0001,29,0,e_vil_test1000,i2t.r10,0.985
score_stratified_draw_0__lr_0.0001__seed_29__epoch_00,score_stratified,score_stratified_draw_0,0,0.0001,29,0,e_vil_test1000,i2t.mean_rank,1.743
score_stratified_draw_0__lr_0.0001__seed_29__epoch_00,score_stratified,score_stratified_draw_0,0,0.0001,29,0,e_vil_test1000,i2t.median_rank,1.0
score_stratified_draw_0__lr_0.0001__seed_29__epoch_00,score_stratified,score_stratified_draw_0,0,0.0001,29,0,e_vil_test1000,t2i.r1,0.6976
score_stratified_draw_0__lr_0.0001__seed_29__epoch_00,score_stratified,score_stratified_draw_0,0,0.0001,29,0,e_vil_test1000,t2i.r5,0.8968
score_stratified_draw_0__lr_0.0001__seed_29__epoch_00,score_stratified,score_stratified_draw_0,0,0.0001,29,0,e_vil_test1000,t2i.r10,0.9376
score_stratified_draw_0__lr_0.0001__seed_29__epoch_00,score_stratified,score_stratified_draw_0,0,0.0001,29,0,e_vil_test1000,t2i.mean_rank,4.6174
score_stratified_draw_0__lr_0.0001__seed_29__epoch_00,score_stratified,score_stratified_draw_0,0,0.0001,29,0,e_vil_test1000,t2i.median_rank,1.0
score_stratified_draw_0__lr_0.0001__seed_29__epoch_00,score_stratified,score_stratified_draw_0,0,0.0001,29,0,e_vil_test1000,mean_bidirectional_r1,0.7713
score_stratified_draw_0__lr_0.0001__seed_29__epoch_00,score_stratified,score_stratified_draw_0,0,0.0001,29,0,sugarcrepe,positive1_accuracy,0.8121421914525363
score_stratified_draw_0__lr_0.0001__seed_29__epoch_00,score_stratified,score_stratified_draw_0,0,0.0001,29,0,sugarcrepe,accuracy,0.8121421914525363
score_stratified_draw_0__lr_0.0001__seed_29__epoch_00,score_stratified,score_stratified_draw_0,0,0.0001,29,0,sugarcrepe_pp,positive1_accuracy,0.7946184570107211
score_stratified_draw_0__lr_0.0001__seed_29__epoch_00,score_stratified,score_stratified_draw_0,0,0.0001,29,0,sugarcrepe_pp,positive2_accuracy,0.7500525541307547
score_stratified_draw_0__lr_0.0001__seed_29__epoch_00,score_stratified,score_stratified_draw_0,0,0.0001,29,0,sugarcrepe_pp,both_accuracy,0.6895101955013664
score_stratified_draw_0__lr_0.0001__seed_29__epoch_00,score_stratified,score_stratified_draw_0,0,0.0001,29,0,sugarcrepe_pp,accuracy,0.6895101955013664
score_stratified_draw_0__lr_0.0001__seed_29__epoch_00,score_stratified,score_stratified_draw_0,0,0.0001,29,0,visual_entailment,accuracy,0.7947273164639607
score_stratified_draw_0__lr_0.0001__seed_29__epoch_01,score_stratified,score_stratified_draw_0,0,0.0001,29,1,e_vil_test1000,i2t.r1,0.801
score_stratified_draw_0__lr_0.0001__seed_29__epoch_01,score_stratified,score_stratified_draw_0,0,0.0001,29,1,e_vil_test1000,i2t.r5,0.95
score_stratified_draw_0__lr_0.0001__seed_29__epoch_01,score_stratified,score_stratified_draw_0,0,0.0001,29,1,e_vil_test1000,i2t.r10,0.975
score_stratified_draw_0__lr_0.0001__seed_29__epoch_01,score_stratified,score_stratified_draw_0,0,0.0001,29,1,e_vil_test1000,i2t.mean_rank,2.042
score_stratified_draw_0__lr_0.0001__seed_29__epoch_01,score_stratified,score_stratified_draw_0,0,0.0001,29,1,e_vil_test1000,i2t.median_rank,1.0
score_stratified_draw_0__lr_0.0001__seed_29__epoch_01,score_stratified,score_stratified_draw_0,0,0.0001,29,1,e_vil_test1000,t2i.r1,0.7026
score_stratified_draw_0__lr_0.0001__seed_29__epoch_01,score_stratified,score_stratified_draw_0,0,0.0001,29,1,e_vil_test1000,t2i.r5,0.9054
score_stratified_draw_0__lr_0.0001__seed_29__epoch_01,score_stratified,score_stratified_draw_0,0,0.0001,29,1,e_vil_test1000,t2i.r10,0.9464
score_stratified_draw_0__lr_0.0001__seed_29__epoch_01,score_stratified,score_stratified_draw_0,0,0.0001,29,1,e_vil_test1000,t2i.mean_rank,4.271
score_stratified_draw_0__lr_0.0001__seed_29__epoch_01,score_stratified,score_stratified_draw_0,0,0.0001,29,1,e_vil_test1000,t2i.median_rank,1.0
score_stratified_draw_0__lr_0.0001__seed_29__epoch_01,score_stratified,score_stratified_draw_0,0,0.0001,29,1,e_vil_test1000,mean_bidirectional_r1,0.7518
score_stratified_draw_0__lr_0.0001__seed_29__epoch_01,score_stratified,score_stratified_draw_0,0,0.0001,29,1,sugarcrepe,positive1_accuracy,0.8438290507256024
score_stratified_draw_0__lr_0.0001__seed_29__epoch_01,score_stratified,score_stratified_draw_0,0,0.0001,29,1,sugarcrepe,accuracy,0.8438290507256024
score_stratified_draw_0__lr_0.0001__seed_29__epoch_01,score_stratified,score_stratified_draw_0,0,0.0001,29,1,sugarcrepe_pp,positive1_accuracy,0.8084927475299558
score_stratified_draw_0__lr_0.0001__seed_29__epoch_01,score_stratified,score_stratified_draw_0,0,0.0001,29,1,sugarcrepe_pp,positive2_accuracy,0.7584612150515031
score_stratified_draw_0__lr_0.0001__seed_29__epoch_01,score_stratified,score_stratified_draw_0,0,0.0001,29,1,sugarcrepe_pp,both_accuracy,0.6987597225141896
score_stratified_draw_0__lr_0.0001__seed_29__epoch_01,score_stratified,score_stratified_draw_0,0,0.0001,29,1,sugarcrepe_pp,accuracy,0.6987597225141896
score_stratified_draw_0__lr_0.0001__seed_29__epoch_01,score_stratified,score_stratified_draw_0,0,0.0001,29,1,visual_entailment,accuracy,0.8407220179316686
score_stratified_draw_0__lr_0.0001__seed_29__epoch_05,score_stratified,score_stratified_draw_0,0,0.0001,29,5,e_vil_test1000,i2t.r1,0.804
score_stratified_draw_0__lr_0.0001__seed_29__epoch_05,score_stratified,score_stratified_draw_0,0,0.0001,29,5,e_vil_test1000,i2t.r5,0.944
score_stratified_draw_0__lr_0.0001__seed_29__epoch_05,score_stratified,score_stratified_draw_0,0,0.0001,29,5,e_vil_test1000,i2t.r10,0.975
score_stratified_draw_0__lr_0.0001__seed_29__epoch_05,score_stratified,score_stratified_draw_0,0,0.0001,29,5,e_vil_test1000,i2t.mean_rank,2.142
score_stratified_draw_0__lr_0.0001__seed_29__epoch_05,score_stratified,score_stratified_draw_0,0,0.0001,29,5,e_vil_test1000,i2t.median_rank,1.0
score_stratified_draw_0__lr_0.0001__seed_29__epoch_05,score_stratified,score_stratified_draw_0,0,0.0001,29,5,e_vil_test1000,t2i.r1,0.6642
score_stratified_draw_0__lr_0.0001__seed_29__epoch_05,score_stratified,score_stratified_draw_0,0,0.0001,29,5,e_vil_test1000,t2i.r5,0.8918
score_stratified_draw_0__lr_0.0001__seed_29__epoch_05,score_stratified,score_stratified_draw_0,0,0.0001,29,5,e_vil_test1000,t2i.r10,0.9336
score_stratified_draw_0__lr_0.0001__seed_29__epoch_05,score_stratified,score_stratified_draw_0,0,0.0001,29,5,e_vil_test1000,t2i.mean_rank,4.9334
score_stratified_draw_0__lr_0.0001__seed_29__epoch_05,score_stratified,score_stratified_draw_0,0,0.0001,29,5,e_vil_test1000,t2i.median_rank,1.0
score_stratified_draw_0__lr_0.0001__seed_29__epoch_05,score_stratified,score_stratified_draw_0,0,0.0001,29,5,e_vil_test1000,mean_bidirectional_r1,0.7341
score_stratified_draw_0__lr_0.0001__seed_29__epoch_05,score_stratified,score_stratified_draw_0,0,0.0001,29,5,sugarcrepe,positive1_accuracy,0.8338436959126614
score_stratified_draw_0__lr_0.0001__seed_29__epoch_05,score_stratified,score_stratified_draw_0,0,0.0001,29,5,sugarcrepe,accuracy,0.8338436959126614
score_stratified_draw_0__lr_0.0001__seed_29__epoch_05,score_stratified,score_stratified_draw_0,0,0.0001,29,5,sugarcrepe_pp,positive1_accuracy,0.7990330039941139
score_stratified_draw_0__lr_0.0001__seed_29__epoch_05,score_stratified,score_stratified_draw_0,0,0.0001,29,5,sugarcrepe_pp,positive2_accuracy,0.7225141896153038
score_stratified_draw_0__lr_0.0001__seed_29__epoch_05,score_stratified,score_stratified_draw_0,0,0.0001,29,5,sugarcrepe_pp,both_accuracy,0.6701702753836452
score_stratified_draw_0__lr_0.0001__seed_29__epoch_05,score_stratified,score_stratified_draw_0,0,0.0001,29,5,sugarcrepe_pp,accuracy,0.6701702753836452
score_stratified_draw_0__lr_0.0001__seed_29__epoch_05,score_stratified,score_stratified_draw_0,0,0.0001,29,5,visual_entailment,accuracy,0.8284462130539704
score_stratified_draw_0__lr_0.0001__seed_29__epoch_10,score_stratified,score_stratified_draw_0,0,0.0001,29,10,coco_karpathy,i2t.r1,0.5042
score_stratified_draw_0__lr_0.0001__seed_29__epoch_10,score_stratified,score_stratified_draw_0,0,0.0001,29,10,coco_karpathy,i2t.r5,0.7508
score_stratified_draw_0__lr_0.0001__seed_29__epoch_10,score_stratified,score_stratified_draw_0,0,0.0001,29,10,coco_karpathy,i2t.r10,0.8352
score_stratified_draw_0__lr_0.0001__seed_29__epoch_10,score_stratified,score_stratified_draw_0,0,0.0001,29,10,coco_karpathy,i2t.mean_rank,9.8682
score_stratified_draw_0__lr_0.0001__seed_29__epoch_10,score_stratified,score_stratified_draw_0,0,0.0001,29,10,coco_karpathy,i2t.median_rank,1.0
score_stratified_draw_0__lr_0.0001__seed_29__epoch_10,score_stratified,score_stratified_draw_0,0,0.0001,29,10,coco_karpathy,t2i.r1,0.35824
score_stratified_draw_0__lr_0.0001__seed_29__epoch_10,score_stratified,score_stratified_draw_0,0,0.0001,29,10,coco_karpathy,t2i.r5,0.61792
score_stratified_draw_0__lr_0.0001__seed_29__epoch_10,score_stratified,score_stratified_draw_0,0,0.0001,29,10,coco_karpathy,t2i.r10,0.72516
score_stratified_draw_0__lr_0.0001__seed_29__epoch_10,score_stratified,score_stratified_draw_0,0,0.0001,29,10,coco_karpathy,t2i.mean_rank,20.49344
score_stratified_draw_0__lr_0.0001__seed_29__epoch_10,score_stratified,score_stratified_draw_0,0,0.0001,29,10,coco_karpathy,t2i.median_rank,3.0
score_stratified_draw_0__lr_0.0001__seed_29__epoch_10,score_stratified,score_stratified_draw_0,0,0.0001,29,10,coco_karpathy,mean_bidirectional_r1,0.43122
score_stratified_draw_0__lr_0.0001__seed_29__epoch_10,score_stratified,score_stratified_draw_0,0,0.0001,29,10,e_vil_test1000,i2t.r1,0.789
score_stratified_draw_0__lr_0.0001__seed_29__epoch_10,score_stratified,score_stratified_draw_0,0,0.0001,29,10,e_vil_test1000,i2t.r5,0.941
score_stratified_draw_0__lr_0.0001__seed_29__epoch_10,score_stratified,score_stratified_draw_0,0,0.0001,29,10,e_vil_test1000,i2t.r10,0.977
score_stratified_draw_0__lr_0.0001__seed_29__epoch_10,score_stratified,score_stratified_draw_0,0,0.0001,29,10,e_vil_test1000,i2t.mean_rank,2.182
score_stratified_draw_0__lr_0.0001__seed_29__epoch_10,score_stratified,score_stratified_draw_0,0,0.0001,29,10,e_vil_test1000,i2t.median_rank,1.0
score_stratified_draw_0__lr_0.0001__seed_29__epoch_10,score_stratified,score_stratified_draw_0,0,0.0001,29,10,e_vil_test1000,t2i.r1,0.6452
score_stratified_draw_0__lr_0.0001__seed_29__epoch_10,score_stratified,score_stratified_draw_0,0,0.0001,29,10,e_vil_test1000,t2i.r5,0.8774
score_stratified_draw_0__lr_0.0001__seed_29__epoch_10,score_stratified,score_stratified_draw_0,0,0.0001,29,10,e_vil_test1000,t2i.r10,0.9254
score_stratified_draw_0__lr_0.0001__seed_29__epoch_10,score_stratified,score_stratified_draw_0,0,0.0001,29,10,e_vil_test1000,t2i.mean_rank,5.5116
score_stratified_draw_0__lr_0.0001__seed_29__epoch_10,score_stratified,score_stratified_draw_0,0,0.0001,29,10,e_vil_test1000,t2i.median_rank,1.0
score_stratified_draw_0__lr_0.0001__seed_29__epoch_10,score_stratified,score_stratified_draw_0,0,0.0001,29,10,e_vil_test1000,mean_bidirectional_r1,0.7171000000000001
score_stratified_draw_0__lr_0.0001__seed_29__epoch_10,score_stratified,score_stratified_draw_0,0,0.0001,29,10,sugarcrepe,positive1_accuracy,0.8294501397949674
score_stratified_draw_0__lr_0.0001__seed_29__epoch_10,score_stratified,score_stratified_draw_0,0,0.0001,29,10,sugarcrepe,accuracy,0.8294501397949674
score_stratified_draw_0__lr_0.0001__seed_29__epoch_10,score_stratified,score_stratified_draw_0,0,0.0001,29,10,sugarcrepe_pp,positive1_accuracy,0.7990330039941139
score_stratified_draw_0__lr_0.0001__seed_29__epoch_10,score_stratified,score_stratified_draw_0,0,0.0001,29,10,sugarcrepe_pp,positive2_accuracy,0.712213579987387
score_stratified_draw_0__lr_0.0001__seed_29__epoch_10,score_stratified,score_stratified_draw_0,0,0.0001,29,10,sugarcrepe_pp,both_accuracy,0.6602900988017658
score_stratified_draw_0__lr_0.0001__seed_29__epoch_10,score_stratified,score_stratified_draw_0,0,0.0001,29,10,sugarcrepe_pp,accuracy,0.6602900988017658
score_stratified_draw_0__lr_0.0001__seed_29__epoch_10,score_stratified,score_stratified_draw_0,0,0.0001,29,10,visual_entailment,accuracy,0.8136267834715665
score_stratified_draw_0__lr_0.0001__seed_43__epoch_00,score_stratified,score_stratified_draw_0,0,0.0001,43,0,coco_karpathy,i2t.r1,0.5632
score_stratified_draw_0__lr_0.0001__seed_43__epoch_00,score_stratified,score_stratified_draw_0,0,0.0001,43,0,coco_karpathy,i2t.r5,0.7982
score_stratified_draw_0__lr_0.0001__seed_43__epoch_00,score_stratified,score_stratified_draw_0,0,0.0001,43,0,coco_karpathy,i2t.r10,0.8712
score_stratified_draw_0__lr_0.0001__seed_43__epoch_00,score_stratified,score_stratified_draw_0,0,0.0001,43,0,coco_karpathy,i2t.mean_rank,6.9402
score_stratified_draw_0__lr_0.0001__seed_43__epoch_00,score_stratified,score_stratified_draw_0,0,0.0001,43,0,coco_karpathy,i2t.median_rank,1.0
score_stratified_draw_0__lr_0.0001__seed_43__epoch_00,score_stratified,score_stratified_draw_0,0,0.0001,43,0,coco_karpathy,t2i.r1,0.39348
score_stratified_draw_0__lr_0.0001__seed_43__epoch_00,score_stratified,score_stratified_draw_0,0,0.0001,43,0,coco_karpathy,t2i.r5,0.65404
score_stratified_draw_0__lr_0.0001__seed_43__epoch_00,score_stratified,score_stratified_draw_0,0,0.0001,43,0,coco_karpathy,t2i.r10,0.7562
score_stratified_draw_0__lr_0.0001__seed_43__epoch_00,score_stratified,score_stratified_draw_0,0,0.0001,43,0,coco_karpathy,t2i.mean_rank,17.9344
score_stratified_draw_0__lr_0.0001__seed_43__epoch_00,score_stratified,score_stratified_draw_0,0,0.0001,43,0,coco_karpathy,t2i.median_rank,2.0
score_stratified_draw_0__lr_0.0001__seed_43__epoch_00,score_stratified,score_stratified_draw_0,0,0.0001,43,0,coco_karpathy,mean_bidirectional_r1,0.47834
score_stratified_draw_0__lr_0.0001__seed_43__epoch_00,score_stratified,score_stratified_draw_0,0,0.0001,43,0,e_vil_test1000,i2t.r1,0.845
score_stratified_draw_0__lr_0.0001__seed_43__epoch_00,score_stratified,score_stratified_draw_0,0,0.0001,43,0,e_vil_test1000,i2t.r5,0.96
score_stratified_draw_0__lr_0.0001__seed_43__epoch_00,score_stratified,score_stratified_draw_0,0,0.0001,43,0,e_vil_test1000,i2t.r10,0.985
score_stratified_draw_0__lr_0.0001__seed_43__epoch_00,score_stratified,score_stratified_draw_0,0,0.0001,43,0,e_vil_test1000,i2t.mean_rank,1.743
score_stratified_draw_0__lr_0.0001__seed_43__epoch_00,score_stratified,score_stratified_draw_0,0,0.0001,43,0,e_vil_test1000,i2t.median_rank,1.0
score_stratified_draw_0__lr_0.0001__seed_43__epoch_00,score_stratified,score_stratified_draw_0,0,0.0001,43,0,e_vil_test1000,t2i.r1,0.6976
score_stratified_draw_0__lr_0.0001__seed_43__epoch_00,score_stratified,score_stratified_draw_0,0,0.0001,43,0,e_vil_test1000,t2i.r5,0.8968
score_stratified_draw_0__lr_0.0001__seed_43__epoch_00,score_stratified,score_stratified_draw_0,0,0.0001,43,0,e_vil_test1000,t2i.r10,0.9376
score_stratified_draw_0__lr_0.0001__seed_43__epoch_00,score_stratified,score_stratified_draw_0,0,0.0001,43,0,e_vil_test1000,t2i.mean_rank,4.6174
score_stratified_draw_0__lr_0.0001__seed_43__epoch_00,score_stratified,score_stratified_draw_0,0,0.0001,43,0,e_vil_test1000,t2i.median_rank,1.0
score_stratified_draw_0__lr_0.0001__seed_43__epoch_00,score_stratified,score_stratified_draw_0,0,0.0001,43,0,e_vil_test1000,mean_bidirectional_r1,0.7713
score_stratified_draw_0__lr_0.0001__seed_43__epoch_00,score_stratified,score_stratified_draw_0,0,0.0001,43,0,sugarcrepe,positive1_accuracy,0.8121421914525363
score_stratified_draw_0__lr_0.0001__seed_43__epoch_00,score_stratified,score_stratified_draw_0,0,0.0001,43,0,sugarcrepe,accuracy,0.8121421914525363
score_stratified_draw_0__lr_0.0001__seed_43__epoch_00,score_stratified,score_stratified_draw_0,0,0.0001,43,0,sugarcrepe_pp,positive1_accuracy,0.7946184570107211
score_stratified_draw_0__lr_0.0001__seed_43__epoch_00,score_stratified,score_stratified_draw_0,0,0.0001,43,0,sugarcrepe_pp,positive2_accuracy,0.7500525541307547
score_stratified_draw_0__lr_0.0001__seed_43__epoch_00,score_stratified,score_stratified_draw_0,0,0.0001,43,0,sugarcrepe_pp,both_accuracy,0.6895101955013664
score_stratified_draw_0__lr_0.0001__seed_43__epoch_00,score_stratified,score_stratified_draw_0,0,0.0001,43,0,sugarcrepe_pp,accuracy,0.6895101955013664
score_stratified_draw_0__lr_0.0001__seed_43__epoch_00,score_stratified,score_stratified_draw_0,0,0.0001,43,0,visual_entailment,accuracy,0.7947273164639607
score_stratified_draw_0__lr_0.0001__seed_43__epoch_01,score_stratified,score_stratified_draw_0,0,0.0001,43,1,e_vil_test1000,i2t.r1,0.792
score_stratified_draw_0__lr_0.0001__seed_43__epoch_01,score_stratified,score_stratified_draw_0,0,0.0001,43,1,e_vil_test1000,i2t.r5,0.95
score_stratified_draw_0__lr_0.0001__seed_43__epoch_01,score_stratified,score_stratified_draw_0,0,0.0001,43,1,e_vil_test1000,i2t.r10,0.974
score_stratified_draw_0__lr_0.0001__seed_43__epoch_01,score_stratified,score_stratified_draw_0,0,0.0001,43,1,e_vil_test1000,i2t.mean_rank,2.088
score_stratified_draw_0__lr_0.0001__seed_43__epoch_01,score_stratified,score_stratified_draw_0,0,0.0001,43,1,e_vil_test1000,i2t.median_rank,1.0
score_stratified_draw_0__lr_0.0001__seed_43__epoch_01,score_stratified,score_stratified_draw_0,0,0.0001,43,1,e_vil_test1000,t2i.r1,0.7006
score_stratified_draw_0__lr_0.0001__seed_43__epoch_01,score_stratified,score_stratified_draw_0,0,0.0001,43,1,e_vil_test1000,t2i.r5,0.9052
score_stratified_draw_0__lr_0.0001__seed_43__epoch_01,score_stratified,score_stratified_draw_0,0,0.0001,43,1,e_vil_test1000,t2i.r10,0.9446
score_stratified_draw_0__lr_0.0001__seed_43__epoch_01,score_stratified,score_stratified_draw_0,0,0.0001,43,1,e_vil_test1000,t2i.mean_rank,4.26
score_stratified_draw_0__lr_0.0001__seed_43__epoch_01,score_stratified,score_stratified_draw_0,0,0.0001,43,1,e_vil_test1000,t2i.median_rank,1.0
score_stratified_draw_0__lr_0.0001__seed_43__epoch_01,score_stratified,score_stratified_draw_0,0,0.0001,43,1,e_vil_test1000,mean_bidirectional_r1,0.7463
score_stratified_draw_0__lr_0.0001__seed_43__epoch_01,score_stratified,score_stratified_draw_0,0,0.0001,43,1,sugarcrepe,positive1_accuracy,0.8451604313673279
score_stratified_draw_0__lr_0.0001__seed_43__epoch_01,score_stratified,score_stratified_draw_0,0,0.0001,43,1,sugarcrepe,accuracy,0.8451604313673279
score_stratified_draw_0__lr_0.0001__seed_43__epoch_01,score_stratified,score_stratified_draw_0,0,0.0001,43,1,sugarcrepe_pp,positive1_accuracy,0.8070212318688249
score_stratified_draw_0__lr_0.0001__seed_43__epoch_01,score_stratified,score_stratified_draw_0,0,0.0001,43,1,sugarcrepe_pp,positive2_accuracy,0.7590918646205592
score_stratified_draw_0__lr_0.0001__seed_43__epoch_01,score_stratified,score_stratified_draw_0,0,0.0001,43,1,sugarcrepe_pp,both_accuracy,0.6979188564221148
score_stratified_draw_0__lr_0.0001__seed_43__epoch_01,score_stratified,score_stratified_draw_0,0,0.0001,43,1,sugarcrepe_pp,accuracy,0.6979188564221148
score_stratified_draw_0__lr_0.0001__seed_43__epoch_01,score_stratified,score_stratified_draw_0,0,0.0001,43,1,visual_entailment,accuracy,0.842243432702514
score_stratified_draw_0__lr_0.0001__seed_43__epoch_05,score_stratified,score_stratified_draw_0,0,0.0001,43,5,e_vil_test1000,i2t.r1,0.796
score_stratified_draw_0__lr_0.0001__seed_43__epoch_05,score_stratified,score_stratified_draw_0,0,0.0001,43,5,e_vil_test1000,i2t.r5,0.944
score_stratified_draw_0__lr_0.0001__seed_43__epoch_05,score_stratified,score_stratified_draw_0,0,0.0001,43,5,e_vil_test1000,i2t.r10,0.97
score_stratified_draw_0__lr_0.0001__seed_43__epoch_05,score_stratified,score_stratified_draw_0,0,0.0001,43,5,e_vil_test1000,i2t.mean_rank,2.135
score_stratified_draw_0__lr_0.0001__seed_43__epoch_05,score_stratified,score_stratified_draw_0,0,0.0001,43,5,e_vil_test1000,i2t.median_rank,1.0
score_stratified_draw_0__lr_0.0001__seed_43__epoch_05,score_stratified,score_stratified_draw_0,0,0.0001,43,5,e_vil_test1000,t2i.r1,0.669
score_stratified_draw_0__lr_0.0001__seed_43__epoch_05,score_stratified,score_stratified_draw_0,0,0.0001,43,5,e_vil_test1000,t2i.r5,0.8908
score_stratified_draw_0__lr_0.0001__seed_43__epoch_05,score_stratified,score_stratified_draw_0,0,0.0001,43,5,e_vil_test1000,t2i.r10,0.9346
score_stratified_draw_0__lr_0.0001__seed_43__epoch_05,score_stratified,score_stratified_draw_0,0,0.0001,43,5,e_vil_test1000,t2i.mean_rank,4.9468
score_stratified_draw_0__lr_0.0001__seed_43__epoch_05,score_stratified,score_stratified_draw_0,0,0.0001,43,5,e_vil_test1000,t2i.median_rank,1.0
score_stratified_draw_0__lr_0.0001__seed_43__epoch_05,score_stratified,score_stratified_draw_0,0,0.0001,43,5,e_vil_test1000,mean_bidirectional_r1,0.7325
score_stratified_draw_0__lr_0.0001__seed_43__epoch_05,score_stratified,score_stratified_draw_0,0,0.0001,43,5,sugarcrepe,positive1_accuracy,0.8351750765543869
score_stratified_draw_0__lr_0.0001__seed_43__epoch_05,score_stratified,score_stratified_draw_0,0,0.0001,43,5,sugarcrepe,accuracy,0.8351750765543869
score_stratified_draw_0__lr_0.0001__seed_43__epoch_05,score_stratified,score_stratified_draw_0,0,0.0001,43,5,sugarcrepe_pp,positive1_accuracy,0.7994534370401514
score_stratified_draw_0__lr_0.0001__seed_43__epoch_05,score_stratified,score_stratified_draw_0,0,0.0001,43,5,sugarcrepe_pp,positive2_accuracy,0.7229346226613412
score_stratified_draw_0__lr_0.0001__seed_43__epoch_05,score_stratified,score_stratified_draw_0,0,0.0001,43,5,sugarcrepe_pp,both_accuracy,0.6726928736598696
score_stratified_draw_0__lr_0.0001__seed_43__epoch_05,score_stratified,score_stratified_draw_0,0,0.0001,43,5,sugarcrepe_pp,accuracy,0.6726928736598696
score_stratified_draw_0__lr_0.0001__seed_43__epoch_05,score_stratified,score_stratified_draw_0,0,0.0001,43,5,visual_entailment,accuracy,0.8286793435117368
score_stratified_draw_0__lr_0.0001__seed_43__epoch_10,score_stratified,score_stratified_draw_0,0,0.0001,43,10,coco_karpathy,i2t.r1,0.4988
score_stratified_draw_0__lr_0.0001__seed_43__epoch_10,score_stratified,score_stratified_draw_0,0,0.0001,43,10,coco_karpathy,i2t.r5,0.7484
score_stratified_draw_0__lr_0.0001__seed_43__epoch_10,score_stratified,score_stratified_draw_0,0,0.0001,43,10,coco_karpathy,i2t.r10,0.834
score_stratified_draw_0__lr_0.0001__seed_43__epoch_10,score_stratified,score_stratified_draw_0,0,0.0001,43,10,coco_karpathy,i2t.mean_rank,10.1084
score_stratified_draw_0__lr_0.0001__seed_43__epoch_10,score_stratified,score_stratified_draw_0,0,0.0001,43,10,coco_karpathy,i2t.median_rank,2.0
score_stratified_draw_0__lr_0.0001__seed_43__epoch_10,score_stratified,score_stratified_draw_0,0,0.0001,43,10,coco_karpathy,t2i.r1,0.35696
score_stratified_draw_0__lr_0.0001__seed_43__epoch_10,score_stratified,score_stratified_draw_0,0,0.0001,43,10,coco_karpathy,t2i.r5,0.6172
score_stratified_draw_0__lr_0.0001__seed_43__epoch_10,score_stratified,score_stratified_draw_0,0,0.0001,43,10,coco_karpathy,t2i.r10,0.72344
score_stratified_draw_0__lr_0.0001__seed_43__epoch_10,score_stratified,score_stratified_draw_0,0,0.0001,43,10,coco_karpathy,t2i.mean_rank,20.48996
score_stratified_draw_0__lr_0.0001__seed_43__epoch_10,score_stratified,score_stratified_draw_0,0,0.0001,43,10,coco_karpathy,t2i.median_rank,3.0
score_stratified_draw_0__lr_0.0001__seed_43__epoch_10,score_stratified,score_stratified_draw_0,0,0.0001,43,10,coco_karpathy,mean_bidirectional_r1,0.42788000000000004
score_stratified_draw_0__lr_0.0001__seed_43__epoch_10,score_stratified,score_stratified_draw_0,0,0.0001,43,10,e_vil_test1000,i2t.r1,0.789
score_stratified_draw_0__lr_0.0001__seed_43__epoch_10,score_stratified,score_stratified_draw_0,0,0.0001,43,10,e_vil_test1000,i2t.r5,0.94
score_stratified_draw_0__lr_0.0001__seed_43__epoch_10,score_stratified,score_stratified_draw_0,0,0.0001,43,10,e_vil_test1000,i2t.r10,0.972
score_stratified_draw_0__lr_0.0001__seed_43__epoch_10,score_stratified,score_stratified_draw_0,0,0.0001,43,10,e_vil_test1000,i2t.mean_rank,2.273
score_stratified_draw_0__lr_0.0001__seed_43__epoch_10,score_stratified,score_stratified_draw_0,0,0.0001,43,10,e_vil_test1000,i2t.median_rank,1.0
score_stratified_draw_0__lr_0.0001__seed_43__epoch_10,score_stratified,score_stratified_draw_0,0,0.0001,43,10,e_vil_test1000,t2i.r1,0.6464
score_stratified_draw_0__lr_0.0001__seed_43__epoch_10,score_stratified,score_stratified_draw_0,0,0.0001,43,10,e_vil_test1000,t2i.r5,0.875
score_stratified_draw_0__lr_0.0001__seed_43__epoch_10,score_stratified,score_stratified_draw_0,0,0.0001,43,10,e_vil_test1000,t2i.r10,0.9266
score_stratified_draw_0__lr_0.0001__seed_43__epoch_10,score_stratified,score_stratified_draw_0,0,0.0001,43,10,e_vil_test1000,t2i.mean_rank,5.5624
score_stratified_draw_0__lr_0.0001__seed_43__epoch_10,score_stratified,score_stratified_draw_0,0,0.0001,43,10,e_vil_test1000,t2i.median_rank,1.0
score_stratified_draw_0__lr_0.0001__seed_43__epoch_10,score_stratified,score_stratified_draw_0,0,0.0001,43,10,e_vil_test1000,mean_bidirectional_r1,0.7177
score_stratified_draw_0__lr_0.0001__seed_43__epoch_10,score_stratified,score_stratified_draw_0,0,0.0001,43,10,sugarcrepe,positive1_accuracy,0.8298495539874851
score_stratified_draw_0__lr_0.0001__seed_43__epoch_10,score_stratified,score_stratified_draw_0,0,0.0001,43,10,sugarcrepe,accuracy,0.8298495539874851
score_stratified_draw_0__lr_0.0001__seed_43__epoch_10,score_stratified,score_stratified_draw_0,0,0.0001,43,10,sugarcrepe_pp,positive1_accuracy,0.7977717048560017
score_stratified_draw_0__lr_0.0001__seed_43__epoch_10,score_stratified,score_stratified_draw_0,0,0.0001,43,10,sugarcrepe_pp,positive2_accuracy,0.7101114147572
score_stratified_draw_0__lr_0.0001__seed_43__epoch_10,score_stratified,score_stratified_draw_0,0,0.0001,43,10,sugarcrepe_pp,both_accuracy,0.6592390161866722
score_stratified_draw_0__lr_0.0001__seed_43__epoch_10,score_stratified,score_stratified_draw_0,0,0.0001,43,10,sugarcrepe_pp,accuracy,0.6592390161866722
score_stratified_draw_0__lr_0.0001__seed_43__epoch_10,score_stratified,score_stratified_draw_0,0,0.0001,43,10,visual_entailment,accuracy,0.8098480280114796
score_stratified_draw_0__lr_0.0003__seed_17__epoch_01,score_stratified,score_stratified_draw_0,0,0.0003,17,1,e_vil_test1000,i2t.r1,0.782
score_stratified_draw_0__lr_0.0003__seed_17__epoch_01,score_stratified,score_stratified_draw_0,0,0.0003,17,1,e_vil_test1000,i2t.r5,0.944
score_stratified_draw_0__lr_0.0003__seed_17__epoch_01,score_stratified,score_stratified_draw_0,0,0.0003,17,1,e_vil_test1000,i2t.r10,0.967
score_stratified_draw_0__lr_0.0003__seed_17__epoch_01,score_stratified,score_stratified_draw_0,0,0.0003,17,1,e_vil_test1000,i2t.mean_rank,2.283
score_stratified_draw_0__lr_0.0003__seed_17__epoch_01,score_stratified,score_stratified_draw_0,0,0.0003,17,1,e_vil_test1000,i2t.median_rank,1.0
score_stratified_draw_0__lr_0.0003__seed_17__epoch_01,score_stratified,score_stratified_draw_0,0,0.0003,17,1,e_vil_test1000,t2i.r1,0.6674
score_stratified_draw_0__lr_0.0003__seed_17__epoch_01,score_stratified,score_stratified_draw_0,0,0.0003,17,1,e_vil_test1000,t2i.r5,0.8934
score_stratified_draw_0__lr_0.0003__seed_17__epoch_01,score_stratified,score_stratified_draw_0,0,0.0003,17,1,e_vil_test1000,t2i.r10,0.9336
score_stratified_draw_0__lr_0.0003__seed_17__epoch_01,score_stratified,score_stratified_draw_0,0,0.0003,17,1,e_vil_test1000,t2i.mean_rank,4.7896
score_stratified_draw_0__lr_0.0003__seed_17__epoch_01,score_stratified,score_stratified_draw_0,0,0.0003,17,1,e_vil_test1000,t2i.median_rank,1.0
score_stratified_draw_0__lr_0.0003__seed_17__epoch_01,score_stratified,score_stratified_draw_0,0,0.0003,17,1,e_vil_test1000,mean_bidirectional_r1,0.7247
score_stratified_draw_0__lr_0.0003__seed_17__epoch_01,score_stratified,score_stratified_draw_0,0,0.0003,17,1,sugarcrepe,positive1_accuracy,0.8363733191319398
score_stratified_draw_0__lr_0.0003__seed_17__epoch_01,score_stratified,score_stratified_draw_0,0,0.0003,17,1,sugarcrepe,accuracy,0.8363733191319398
score_stratified_draw_0__lr_0.0003__seed_17__epoch_01,score_stratified,score_stratified_draw_0,0,0.0003,17,1,sugarcrepe_pp,positive1_accuracy,0.7941980239646836
score_stratified_draw_0__lr_0.0003__seed_17__epoch_01,score_stratified,score_stratified_draw_0,0,0.0003,17,1,sugarcrepe_pp,positive2_accuracy,0.7340760983813328
score_stratified_draw_0__lr_0.0003__seed_17__epoch_01,score_stratified,score_stratified_draw_0,0,0.0003,17,1,sugarcrepe_pp,both_accuracy,0.6764767710742065
score_stratified_draw_0__lr_0.0003__seed_17__epoch_01,score_stratified,score_stratified_draw_0,0,0.0003,17,1,sugarcrepe_pp,accuracy,0.6764767710742065
score_stratified_draw_0__lr_0.0003__seed_17__epoch_01,score_stratified,score_stratified_draw_0,0,0.0003,17,1,visual_entailment,accuracy,0.8329262560811388
score_stratified_draw_0__lr_0.0003__seed_17__epoch_05,score_stratified,score_stratified_draw_0,0,0.0003,17,5,e_vil_test1000,i2t.r1,0.79
score_stratified_draw_0__lr_0.0003__seed_17__epoch_05,score_stratified,score_stratified_draw_0,0,0.0003,17,5,e_vil_test1000,i2t.r5,0.941
score_stratified_draw_0__lr_0.0003__seed_17__epoch_05,score_stratified,score_stratified_draw_0,0,0.0003,17,5,e_vil_test1000,i2t.r10,0.97
score_stratified_draw_0__lr_0.0003__seed_17__epoch_05,score_stratified,score_stratified_draw_0,0,0.0003,17,5,e_vil_test1000,i2t.mean_rank,2.307
score_stratified_draw_0__lr_0.0003__seed_17__epoch_05,score_stratified,score_stratified_draw_0,0,0.0003,17,5,e_vil_test1000,i2t.median_rank,1.0
score_stratified_draw_0__lr_0.0003__seed_17__epoch_05,score_stratified,score_stratified_draw_0,0,0.0003,17,5,e_vil_test1000,t2i.r1,0.6088
score_stratified_draw_0__lr_0.0003__seed_17__epoch_05,score_stratified,score_stratified_draw_0,0,0.0003,17,5,e_vil_test1000,t2i.r5,0.8508
score_stratified_draw_0__lr_0.0003__seed_17__epoch_05,score_stratified,score_stratified_draw_0,0,0.0003,17,5,e_vil_test1000,t2i.r10,0.911
score_stratified_draw_0__lr_0.0003__seed_17__epoch_05,score_stratified,score_stratified_draw_0,0,0.0003,17,5,e_vil_test1000,t2i.mean_rank,6.3908
score_stratified_draw_0__lr_0.0003__seed_17__epoch_05,score_stratified,score_stratified_draw_0,0,0.0003,17,5,e_vil_test1000,t2i.median_rank,1.0
score_stratified_draw_0__lr_0.0003__seed_17__epoch_05,score_stratified,score_stratified_draw_0,0,0.0003,17,5,e_vil_test1000,mean_bidirectional_r1,0.6994
score_stratified_draw_0__lr_0.0003__seed_17__epoch_05,score_stratified,score_stratified_draw_0,0,0.0003,17,5,sugarcrepe,positive1_accuracy,0.8203967514312341
score_stratified_draw_0__lr_0.0003__seed_17__epoch_05,score_stratified,score_stratified_draw_0,0,0.0003,17,5,sugarcrepe,accuracy,0.8203967514312341
score_stratified_draw_0__lr_0.0003__seed_17__epoch_05,score_stratified,score_stratified_draw_0,0,0.0003,17,5,sugarcrepe_pp,positive1_accuracy,0.7939878074416649
score_stratified_draw_0__lr_0.0003__seed_17__epoch_05,score_stratified,score_stratified_draw_0,0,0.0003,17,5,sugarcrepe_pp,positive2_accuracy,0.7143157452175741
score_stratified_draw_0__lr_0.0003__seed_17__epoch_05,score_stratified,score_stratified_draw_0,0,0.0003,17,5,sugarcrepe_pp,both_accuracy,0.6592390161866722
score_stratified_draw_0__lr_0.0003__seed_17__epoch_05,score_stratified,score_stratified_draw_0,0,0.0003,17,5,sugarcrepe_pp,accuracy,0.6592390161866722
score_stratified_draw_0__lr_0.0003__seed_17__epoch_05,score_stratified,score_stratified_draw_0,0,0.0003,17,5,visual_entailment,accuracy,0.8018837766545717
score_stratified_draw_0__lr_0.0003__seed_17__epoch_10,score_stratified,score_stratified_draw_0,0,0.0003,17,10,coco_karpathy,i2t.r1,0.4544
score_stratified_draw_0__lr_0.0003__seed_17__epoch_10,score_stratified,score_stratified_draw_0,0,0.0003,17,10,coco_karpathy,i2t.r5,0.6968
score_stratified_draw_0__lr_0.0003__seed_17__epoch_10,score_stratified,score_stratified_draw_0,0,0.0003,17,10,coco_karpathy,i2t.r10,0.7988
score_stratified_draw_0__lr_0.0003__seed_17__epoch_10,score_stratified,score_stratified_draw_0,0,0.0003,17,10,coco_karpathy,i2t.mean_rank,13.9536
score_stratified_draw_0__lr_0.0003__seed_17__epoch_10,score_stratified,score_stratified_draw_0,0,0.0003,17,10,coco_karpathy,i2t.median_rank,2.0
score_stratified_draw_0__lr_0.0003__seed_17__epoch_10,score_stratified,score_stratified_draw_0,0,0.0003,17,10,coco_karpathy,t2i.r1,0.31312
score_stratified_draw_0__lr_0.0003__seed_17__epoch_10,score_stratified,score_stratified_draw_0,0,0.0003,17,10,coco_karpathy,t2i.r5,0.56316
score_stratified_draw_0__lr_0.0003__seed_17__epoch_10,score_stratified,score_stratified_draw_0,0,0.0003,17,10,coco_karpathy,t2i.r10,0.6722
score_stratified_draw_0__lr_0.0003__seed_17__epoch_10,score_stratified,score_stratified_draw_0,0,0.0003,17,10,coco_karpathy,t2i.mean_rank,26.81628
score_stratified_draw_0__lr_0.0003__seed_17__epoch_10,score_stratified,score_stratified_draw_0,0,0.0003,17,10,coco_karpathy,t2i.median_rank,4.0
score_stratified_draw_0__lr_0.0003__seed_17__epoch_10,score_stratified,score_stratified_draw_0,0,0.0003,17,10,coco_karpathy,mean_bidirectional_r1,0.38376
score_stratified_draw_0__lr_0.0003__seed_17__epoch_10,score_stratified,score_stratified_draw_0,0,0.0003,17,10,e_vil_test1000,i2t.r1,0.74
score_stratified_draw_0__lr_0.0003__seed_17__epoch_10,score_stratified,score_stratified_draw_0,0,0.0003,17,10,e_vil_test1000,i2t.r5,0.913
score_stratified_draw_0__lr_0.0003__seed_17__epoch_10,score_stratified,score_stratified_draw_0,0,0.0003,17,10,e_vil_test1000,i2t.r10,0.964
score_stratified_draw_0__lr_0.0003__seed_17__epoch_10,score_stratified,score_stratified_draw_0,0,0.0003,17,10,e_vil_test1000,i2t.mean_rank,2.848
score_stratified_draw_0__lr_0.0003__seed_17__epoch_10,score_stratified,score_stratified_draw_0,0,0.0003,17,10,e_vil_test1000,i2t.median_rank,1.0
score_stratified_draw_0__lr_0.0003__seed_17__epoch_10,score_stratified,score_stratified_draw_0,0,0.0003,17,10,e_vil_test1000,t2i.r1,0.5764
score_stratified_draw_0__lr_0.0003__seed_17__epoch_10,score_stratified,score_stratified_draw_0,0,0.0003,17,10,e_vil_test1000,t2i.r5,0.8306
score_stratified_draw_0__lr_0.0003__seed_17__epoch_10,score_stratified,score_stratified_draw_0,0,0.0003,17,10,e_vil_test1000,t2i.r10,0.8898
score_stratified_draw_0__lr_0.0003__seed_17__epoch_10,score_stratified,score_stratified_draw_0,0,0.0003,17,10,e_vil_test1000,t2i.mean_rank,8.0696
score_stratified_draw_0__lr_0.0003__seed_17__epoch_10,score_stratified,score_stratified_draw_0,0,0.0003,17,10,e_vil_test1000,t2i.median_rank,1.0
score_stratified_draw_0__lr_0.0003__seed_17__epoch_10,score_stratified,score_stratified_draw_0,0,0.0003,17,10,e_vil_test1000,mean_bidirectional_r1,0.6582
score_stratified_draw_0__lr_0.0003__seed_17__epoch_10,score_stratified,score_stratified_draw_0,0,0.0003,17,10,sugarcrepe,positive1_accuracy,0.8146718146718147
score_stratified_draw_0__lr_0.0003__seed_17__epoch_10,score_stratified,score_stratified_draw_0,0,0.0003,17,10,sugarcrepe,accuracy,0.8146718146718147
score_stratified_draw_0__lr_0.0003__seed_17__epoch_10,score_stratified,score_stratified_draw_0,0,0.0003,17,10,sugarcrepe_pp,positive1_accuracy,0.7832667647677107
score_stratified_draw_0__lr_0.0003__seed_17__epoch_10,score_stratified,score_stratified_draw_0,0,0.0003,17,10,sugarcrepe_pp,positive2_accuracy,0.7008618877443767
score_stratified_draw_0__lr_0.0003__seed_17__epoch_10,score_stratified,score_stratified_draw_0,0,0.0003,17,10,sugarcrepe_pp,both_accuracy,0.6388480134538574
score_stratified_draw_0__lr_0.0003__seed_17__epoch_10,score_stratified,score_stratified_draw_0,0,0.0003,17,10,sugarcrepe_pp,accuracy,0.6388480134538574
score_stratified_draw_0__lr_0.0003__seed_17__epoch_10,score_stratified,score_stratified_draw_0,0,0.0003,17,10,visual_entailment,accuracy,0.7888296682150481
score_stratified_draw_0__lr_0.0003__seed_29__epoch_01,score_stratified,score_stratified_draw_0,0,0.0003,29,1,e_vil_test1000,i2t.r1,0.797
score_stratified_draw_0__lr_0.0003__seed_29__epoch_01,score_stratified,score_stratified_draw_0,0,0.0003,29,1,e_vil_test1000,i2t.r5,0.939
score_stratified_draw_0__lr_0.0003__seed_29__epoch_01,score_stratified,score_stratified_draw_0,0,0.0003,29,1,e_vil_test1000,i2t.r10,0.968
score_stratified_draw_0__lr_0.0003__seed_29__epoch_01,score_stratified,score_stratified_draw_0,0,0.0003,29,1,e_vil_test1000,i2t.mean_rank,2.276
score_stratified_draw_0__lr_0.0003__seed_29__epoch_01,score_stratified,score_stratified_draw_0,0,0.0003,29,1,e_vil_test1000,i2t.median_rank,1.0
score_stratified_draw_0__lr_0.0003__seed_29__epoch_01,score_stratified,score_stratified_draw_0,0,0.0003,29,1,e_vil_test1000,t2i.r1,0.6724
score_stratified_draw_0__lr_0.0003__seed_29__epoch_01,score_stratified,score_stratified_draw_0,0,0.0003,29,1,e_vil_test1000,t2i.r5,0.895
score_stratified_draw_0__lr_0.0003__seed_29__epoch_01,score_stratified,score_stratified_draw_0,0,0.0003,29,1,e_vil_test1000,t2i.r10,0.9402
score_stratified_draw_0__lr_0.0003__seed_29__epoch_01,score_stratified,score_stratified_draw_0,0,0.0003,29,1,e_vil_test1000,t2i.mean_rank,4.8068
score_stratified_draw_0__lr_0.0003__seed_29__epoch_01,score_stratified,score_stratified_draw_0,0,0.0003,29,1,e_vil_test1000,t2i.median_rank,1.0
score_stratified_draw_0__lr_0.0003__seed_29__epoch_01,score_stratified,score_stratified_draw_0,0,0.0003,29,1,e_vil_test1000,mean_bidirectional_r1,0.7347
score_stratified_draw_0__lr_0.0003__seed_29__epoch_01,score_stratified,score_stratified_draw_0,0,0.0003,29,1,sugarcrepe,positive1_accuracy,0.8436959126614298
score_stratified_draw_0__lr_0.0003__seed_29__epoch_01,score_stratified,score_stratified_draw_0,0,0.0003,29,1,sugarcrepe,accuracy,0.8436959126614298
score_stratified_draw_0__lr_0.0003__seed_29__epoch_01,score_stratified,score_stratified_draw_0,0,0.0003,29,1,sugarcrepe_pp,positive1_accuracy,0.8049190666386378
score_stratified_draw_0__lr_0.0003__seed_29__epoch_01,score_stratified,score_stratified_draw_0,0,0.0003,29,1,sugarcrepe_pp,positive2_accuracy,0.7256674374605844
score_stratified_draw_0__lr_0.0003__seed_29__epoch_01,score_stratified,score_stratified_draw_0,0,0.0003,29,1,sugarcrepe_pp,both_accuracy,0.6743746058440193
score_stratified_draw_0__lr_0.0003__seed_29__epoch_01,score_stratified,score_stratified_draw_0,0,0.0003,29,1,sugarcrepe_pp,accuracy,0.6743746058440193
score_stratified_draw_0__lr_0.0003__seed_29__epoch_01,score_stratified,score_stratified_draw_0,0,0.0003,29,1,visual_entailment,accuracy,0.8381848699097567
score_stratified_draw_0__lr_0.0003__seed_29__epoch_05,score_stratified,score_stratified_draw_0,0,0.0003,29,5,e_vil_test1000,i2t.r1,0.786
score_stratified_draw_0__lr_0.0003__seed_29__epoch_05,score_stratified,score_stratified_draw_0,0,0.0003,29,5,e_vil_test1000,i2t.r5,0.935
score_stratified_draw_0__lr_0.0003__seed_29__epoch_05,score_stratified,score_stratified_draw_0,0,0.0003,29,5,e_vil_test1000,i2t.r10,0.967
score_stratified_draw_0__lr_0.0003__seed_29__epoch_05,score_stratified,score_stratified_draw_0,0,0.0003,29,5,e_vil_test1000,i2t.mean_rank,2.495
score_stratified_draw_0__lr_0.0003__seed_29__epoch_05,score_stratified,score_stratified_draw_0,0,0.0003,29,5,e_vil_test1000,i2t.median_rank,1.0
score_stratified_draw_0__lr_0.0003__seed_29__epoch_05,score_stratified,score_stratified_draw_0,0,0.0003,29,5,e_vil_test1000,t2i.r1,0.6232
score_stratified_draw_0__lr_0.0003__seed_29__epoch_05,score_stratified,score_stratified_draw_0,0,0.0003,29,5,e_vil_test1000,t2i.r5,0.8656
score_stratified_draw_0__lr_0.0003__seed_29__epoch_05,score_stratified,score_stratified_draw_0,0,0.0003,29,5,e_vil_test1000,t2i.r10,0.9202
score_stratified_draw_0__lr_0.0003__seed_29__epoch_05,score_stratified,score_stratified_draw_0,0,0.0003,29,5,e_vil_test1000,t2i.mean_rank,6.2178
score_stratified_draw_0__lr_0.0003__seed_29__epoch_05,score_stratified,score_stratified_draw_0,0,0.0003,29,5,e_vil_test1000,t2i.median_rank,1.0
score_stratified_draw_0__lr_0.0003__seed_29__epoch_05,score_stratified,score_stratified_draw_0,0,0.0003,29,5,e_vil_test1000,mean_bidirectional_r1,0.7046
score_stratified_draw_0__lr_0.0003__seed_29__epoch_05,score_stratified,score_stratified_draw_0,0,0.0003,29,5,sugarcrepe,positive1_accuracy,0.8225269604579949
score_stratified_draw_0__lr_0.0003__seed_29__epoch_05,score_stratified,score_stratified_draw_0,0,0.0003,29,5,sugarcrepe,accuracy,0.8225269604579949
score_stratified_draw_0__lr_0.0003__seed_29__epoch_05,score_stratified,score_stratified_draw_0,0,0.0003,29,5,sugarcrepe_pp,positive1_accuracy,0.7891528274122346
score_stratified_draw_0__lr_0.0003__seed_29__epoch_05,score_stratified,score_stratified_draw_0,0,0.0003,29,5,sugarcrepe_pp,positive2_accuracy,0.7050662182047509
score_stratified_draw_0__lr_0.0003__seed_29__epoch_05,score_stratified,score_stratified_draw_0,0,0.0003,29,5,sugarcrepe_pp,both_accuracy,0.6485179735127181
score_stratified_draw_0__lr_0.0003__seed_29__epoch_05,score_stratified,score_stratified_draw_0,0,0.0003,29,5,sugarcrepe_pp,accuracy,0.6485179735127181
score_stratified_draw_0__lr_0.0003__seed_29__epoch_05,score_stratified,score_stratified_draw_0,0,0.0003,29,5,visual_entailment,accuracy,0.8094616495808857
score_stratified_draw_0__lr_0.0003__seed_29__epoch_10,score_stratified,score_stratified_draw_0,0,0.0003,29,10,coco_karpathy,i2t.r1,0.4542
score_stratified_draw_0__lr_0.0003__seed_29__epoch_10,score_stratified,score_stratified_draw_0,0,0.0003,29,10,coco_karpathy,i2t.r5,0.7004
score_stratified_draw_0__lr_0.0003__seed_29__epoch_10,score_stratified,score_stratified_draw_0,0,0.0003,29,10,coco_karpathy,i2t.r10,0.8002
score_stratified_draw_0__lr_0.0003__seed_29__epoch_10,score_stratified,score_stratified_draw_0,0,0.0003,29,10,coco_karpathy,i2t.mean_rank,13.4748
score_stratified_draw_0__lr_0.0003__seed_29__epoch_10,score_stratified,score_stratified_draw_0,0,0.0003,29,10,coco_karpathy,i2t.median_rank,2.0
score_stratified_draw_0__lr_0.0003__seed_29__epoch_10,score_stratified,score_stratified_draw_0,0,0.0003,29,10,coco_karpathy,t2i.r1,0.3126
score_stratified_draw_0__lr_0.0003__seed_29__epoch_10,score_stratified,score_stratified_draw_0,0,0.0003,29,10,coco_karpathy,t2i.r5,0.5626
score_stratified_draw_0__lr_0.0003__seed_29__epoch_10,score_stratified,score_stratified_draw_0,0,0.0003,29,10,coco_karpathy,t2i.r10,0.67316
score_stratified_draw_0__lr_0.0003__seed_29__epoch_10,score_stratified,score_stratified_draw_0,0,0.0003,29,10,coco_karpathy,t2i.mean_rank,26.76916
score_stratified_draw_0__lr_0.0003__seed_29__epoch_10,score_stratified,score_stratified_draw_0,0,0.0003,29,10,coco_karpathy,t2i.median_rank,4.0
score_stratified_draw_0__lr_0.0003__seed_29__epoch_10,score_stratified,score_stratified_draw_0,0,0.0003,29,10,coco_karpathy,mean_bidirectional_r1,0.38339999999999996
score_stratified_draw_0__lr_0.0003__seed_29__epoch_10,score_stratified,score_stratified_draw_0,0,0.0003,29,10,e_vil_test1000,i2t.r1,0.723
score_stratified_draw_0__lr_0.0003__seed_29__epoch_10,score_stratified,score_stratified_draw_0,0,0.0003,29,10,e_vil_test1000,i2t.r5,0.921
score_stratified_draw_0__lr_0.0003__seed_29__epoch_10,score_stratified,score_stratified_draw_0,0,0.0003,29,10,e_vil_test1000,i2t.r10,0.959
score_stratified_draw_0__lr_0.0003__seed_29__epoch_10,score_stratified,score_stratified_draw_0,0,0.0003,29,10,e_vil_test1000,i2t.mean_rank,2.817
score_stratified_draw_0__lr_0.0003__seed_29__epoch_10,score_stratified,score_stratified_draw_0,0,0.0003,29,10,e_vil_test1000,i2t.median_rank,1.0
score_stratified_draw_0__lr_0.0003__seed_29__epoch_10,score_stratified,score_stratified_draw_0,0,0.0003,29,10,e_vil_test1000,t2i.r1,0.5822
score_stratified_draw_0__lr_0.0003__seed_29__epoch_10,score_stratified,score_stratified_draw_0,0,0.0003,29,10,e_vil_test1000,t2i.r5,0.8346
score_stratified_draw_0__lr_0.0003__seed_29__epoch_10,score_stratified,score_stratified_draw_0,0,0.0003,29,10,e_vil_test1000,t2i.r10,0.891
score_stratified_draw_0__lr_0.0003__seed_29__epoch_10,score_stratified,score_stratified_draw_0,0,0.0003,29,10,e_vil_test1000,t2i.mean_rank,7.991
score_stratified_draw_0__lr_0.0003__seed_29__epoch_10,score_stratified,score_stratified_draw_0,0,0.0003,29,10,e_vil_test1000,t2i.median_rank,1.0
score_stratified_draw_0__lr_0.0003__seed_29__epoch_10,score_stratified,score_stratified_draw_0,0,0.0003,29,10,e_vil_test1000,mean_bidirectional_r1,0.6526000000000001
score_stratified_draw_0__lr_0.0003__seed_29__epoch_10,score_stratified,score_stratified_draw_0,0,0.0003,29,10,sugarcrepe,positive1_accuracy,0.8114765011316736
score_stratified_draw_0__lr_0.0003__seed_29__epoch_10,score_stratified,score_stratified_draw_0,0,0.0003,29,10,sugarcrepe,accuracy,0.8114765011316736
score_stratified_draw_0__lr_0.0003__seed_29__epoch_10,score_stratified,score_stratified_draw_0,0,0.0003,29,10,sugarcrepe_pp,positive1_accuracy,0.7817952491065798
score_stratified_draw_0__lr_0.0003__seed_29__epoch_10,score_stratified,score_stratified_draw_0,0,0.0003,29,10,sugarcrepe_pp,positive2_accuracy,0.6983392894681522
score_stratified_draw_0__lr_0.0003__seed_29__epoch_10,score_stratified,score_stratified_draw_0,0,0.0003,29,10,sugarcrepe_pp,both_accuracy,0.6394786630229136
score_stratified_draw_0__lr_0.0003__seed_29__epoch_10,score_stratified,score_stratified_draw_0,0,0.0003,29,10,sugarcrepe_pp,accuracy,0.6394786630229136
score_stratified_draw_0__lr_0.0003__seed_29__epoch_10,score_stratified,score_stratified_draw_0,0,0.0003,29,10,visual_entailment,accuracy,0.7818981681273857
score_stratified_draw_0__lr_0.0003__seed_43__epoch_01,score_stratified,score_stratified_draw_0,0,0.0003,43,1,e_vil_test1000,i2t.r1,0.78
score_stratified_draw_0__lr_0.0003__seed_43__epoch_01,score_stratified,score_stratified_draw_0,0,0.0003,43,1,e_vil_test1000,i2t.r5,0.942
score_stratified_draw_0__lr_0.0003__seed_43__epoch_01,score_stratified,score_stratified_draw_0,0,0.0003,43,1,e_vil_test1000,i2t.r10,0.963
score_stratified_draw_0__lr_0.0003__seed_43__epoch_01,score_stratified,score_stratified_draw_0,0,0.0003,43,1,e_vil_test1000,i2t.mean_rank,2.288
score_stratified_draw_0__lr_0.0003__seed_43__epoch_01,score_stratified,score_stratified_draw_0,0,0.0003,43,1,e_vil_test1000,i2t.median_rank,1.0
score_stratified_draw_0__lr_0.0003__seed_43__epoch_01,score_stratified,score_stratified_draw_0,0,0.0003,43,1,e_vil_test1000,t2i.r1,0.6792
score_stratified_draw_0__lr_0.0003__seed_43__epoch_01,score_stratified,score_stratified_draw_0,0,0.0003,43,1,e_vil_test1000,t2i.r5,0.8974
score_stratified_draw_0__lr_0.0003__seed_43__epoch_01,score_stratified,score_stratified_draw_0,0,0.0003,43,1,e_vil_test1000,t2i.r10,0.939
score_stratified_draw_0__lr_0.0003__seed_43__epoch_01,score_stratified,score_stratified_draw_0,0,0.0003,43,1,e_vil_test1000,t2i.mean_rank,4.6134
score_stratified_draw_0__lr_0.0003__seed_43__epoch_01,score_stratified,score_stratified_draw_0,0,0.0003,43,1,e_vil_test1000,t2i.median_rank,1.0
score_stratified_draw_0__lr_0.0003__seed_43__epoch_01,score_stratified,score_stratified_draw_0,0,0.0003,43,1,e_vil_test1000,mean_bidirectional_r1,0.7296
score_stratified_draw_0__lr_0.0003__seed_43__epoch_01,score_stratified,score_stratified_draw_0,0,0.0003,43,1,sugarcrepe,positive1_accuracy,0.8346425242976967
score_stratified_draw_0__lr_0.0003__seed_43__epoch_01,score_stratified,score_stratified_draw_0,0,0.0003,43,1,sugarcrepe,accuracy,0.8346425242976967
score_stratified_draw_0__lr_0.0003__seed_43__epoch_01,score_stratified,score_stratified_draw_0,0,0.0003,43,1,sugarcrepe_pp,positive1_accuracy,0.7944082404877023
score_stratified_draw_0__lr_0.0003__seed_43__epoch_01,score_stratified,score_stratified_draw_0,0,0.0003,43,1,sugarcrepe_pp,positive2_accuracy,0.7349169644734076
score_stratified_draw_0__lr_0.0003__seed_43__epoch_01,score_stratified,score_stratified_draw_0,0,0.0003,43,1,sugarcrepe_pp,both_accuracy,0.6735337397519445
score_stratified_draw_0__lr_0.0003__seed_43__epoch_01,score_stratified,score_stratified_draw_0,0,0.0003,43,1,sugarcrepe_pp,accuracy,0.6735337397519445
score_stratified_draw_0__lr_0.0003__seed_43__epoch_01,score_stratified,score_stratified_draw_0,0,0.0003,43,1,visual_entailment,accuracy,0.8385161526970114
score_stratified_draw_0__lr_0.0003__seed_43__epoch_05,score_stratified,score_stratified_draw_0,0,0.0003,43,5,e_vil_test1000,i2t.r1,0.794
score_stratified_draw_0__lr_0.0003__seed_43__epoch_05,score_stratified,score_stratified_draw_0,0,0.0003,43,5,e_vil_test1000,i2t.r5,0.944
score_stratified_draw_0__lr_0.0003__seed_43__epoch_05,score_stratified,score_stratified_draw_0,0,0.0003,43,5,e_vil_test1000,i2t.r10,0.972
score_stratified_draw_0__lr_0.0003__seed_43__epoch_05,score_stratified,score_stratified_draw_0,0,0.0003,43,5,e_vil_test1000,i2t.mean_rank,2.318
score_stratified_draw_0__lr_0.0003__seed_43__epoch_05,score_stratified,score_stratified_draw_0,0,0.0003,43,5,e_vil_test1000,i2t.median_rank,1.0
score_stratified_draw_0__lr_0.0003__seed_43__epoch_05,score_stratified,score_stratified_draw_0,0,0.0003,43,5,e_vil_test1000,t2i.r1,0.618
score_stratified_draw_0__lr_0.0003__seed_43__epoch_05,score_stratified,score_stratified_draw_0,0,0.0003,43,5,e_vil_test1000,t2i.r5,0.858
score_stratified_draw_0__lr_0.0003__seed_43__epoch_05,score_stratified,score_stratified_draw_0,0,0.0003,43,5,e_vil_test1000,t2i.r10,0.9138
score_stratified_draw_0__lr_0.0003__seed_43__epoch_05,score_stratified,score_stratified_draw_0,0,0.0003,43,5,e_vil_test1000,t2i.mean_rank,6.2652
score_stratified_draw_0__lr_0.0003__seed_43__epoch_05,score_stratified,score_stratified_draw_0,0,0.0003,43,5,e_vil_test1000,t2i.median_rank,1.0
score_stratified_draw_0__lr_0.0003__seed_43__epoch_05,score_stratified,score_stratified_draw_0,0,0.0003,43,5,e_vil_test1000,mean_bidirectional_r1,0.706
score_stratified_draw_0__lr_0.0003__seed_43__epoch_05,score_stratified,score_stratified_draw_0,0,0.0003,43,5,sugarcrepe,positive1_accuracy,0.8203967514312341
score_stratified_draw_0__lr_0.0003__seed_43__epoch_05,score_stratified,score_stratified_draw_0,0,0.0003,43,5,sugarcrepe,accuracy,0.8203967514312341
score_stratified_draw_0__lr_0.0003__seed_43__epoch_05,score_stratified,score_stratified_draw_0,0,0.0003,43,5,sugarcrepe_pp,positive1_accuracy,0.7897834769812907
score_stratified_draw_0__lr_0.0003__seed_43__epoch_05,score_stratified,score_stratified_draw_0,0,0.0003,43,5,sugarcrepe_pp,positive2_accuracy,0.7017027538364515
score_stratified_draw_0__lr_0.0003__seed_43__epoch_05,score_stratified,score_stratified_draw_0,0,0.0003,43,5,sugarcrepe_pp,both_accuracy,0.6468362413285684
score_stratified_draw_0__lr_0.0003__seed_43__epoch_05,score_stratified,score_stratified_draw_0,0,0.0003,43,5,sugarcrepe_pp,accuracy,0.6468362413285684
score_stratified_draw_0__lr_0.0003__seed_43__epoch_05,score_stratified,score_stratified_draw_0,0,0.0003,43,5,visual_entailment,accuracy,0.805460884033716
score_stratified_draw_0__lr_0.0003__seed_43__epoch_10,score_stratified,score_stratified_draw_0,0,0.0003,43,10,coco_karpathy,i2t.r1,0.4546
score_stratified_draw_0__lr_0.0003__seed_43__epoch_10,score_stratified,score_stratified_draw_0,0,0.0003,43,10,coco_karpathy,i2t.r5,0.7012
score_stratified_draw_0__lr_0.0003__seed_43__epoch_10,score_stratified,score_stratified_draw_0,0,0.0003,43,10,coco_karpathy,i2t.r10,0.7986
score_stratified_draw_0__lr_0.0003__seed_43__epoch_10,score_stratified,score_stratified_draw_0,0,0.0003,43,10,coco_karpathy,i2t.mean_rank,13.3168
score_stratified_draw_0__lr_0.0003__seed_43__epoch_10,score_stratified,score_stratified_draw_0,0,0.0003,43,10,coco_karpathy,i2t.median_rank,2.0
score_stratified_draw_0__lr_0.0003__seed_43__epoch_10,score_stratified,score_stratified_draw_0,0,0.0003,43,10,coco_karpathy,t2i.r1,0.31384
score_stratified_draw_0__lr_0.0003__seed_43__epoch_10,score_stratified,score_stratified_draw_0,0,0.0003,43,10,coco_karpathy,t2i.r5,0.56624
score_stratified_draw_0__lr_0.0003__seed_43__epoch_10,score_stratified,score_stratified_draw_0,0,0.0003,43,10,coco_karpathy,t2i.r10,0.67892
score_stratified_draw_0__lr_0.0003__seed_43__epoch_10,score_stratified,score_stratified_draw_0,0,0.0003,43,10,coco_karpathy,t2i.mean_rank,26.18912
score_stratified_draw_0__lr_0.0003__seed_43__epoch_10,score_stratified,score_stratified_draw_0,0,0.0003,43,10,coco_karpathy,t2i.median_rank,4.0
score_stratified_draw_0__lr_0.0003__seed_43__epoch_10,score_stratified,score_stratified_draw_0,0,0.0003,43,10,coco_karpathy,mean_bidirectional_r1,0.38422
score_stratified_draw_0__lr_0.0003__seed_43__epoch_10,score_stratified,score_stratified_draw_0,0,0.0003,43,10,e_vil_test1000,i2t.r1,0.741
score_stratified_draw_0__lr_0.0003__seed_43__epoch_10,score_stratified,score_stratified_draw_0,0,0.0003,43,10,e_vil_test1000,i2t.r5,0.925
score_stratified_draw_0__lr_0.0003__seed_43__epoch_10,score_stratified,score_stratified_draw_0,0,0.0003,43,10,e_vil_test1000,i2t.r10,0.954
score_stratified_draw_0__lr_0.0003__seed_43__epoch_10,score_stratified,score_stratified_draw_0,0,0.0003,43,10,e_vil_test1000,i2t.mean_rank,2.876
score_stratified_draw_0__lr_0.0003__seed_43__epoch_10,score_stratified,score_stratified_draw_0,0,0.0003,43,10,e_vil_test1000,i2t.median_rank,1.0
score_stratified_draw_0__lr_0.0003__seed_43__epoch_10,score_stratified,score_stratified_draw_0,0,0.0003,43,10,e_vil_test1000,t2i.r1,0.5852
score_stratified_draw_0__lr_0.0003__seed_43__epoch_10,score_stratified,score_stratified_draw_0,0,0.0003,43,10,e_vil_test1000,t2i.r5,0.8334
score_stratified_draw_0__lr_0.0003__seed_43__epoch_10,score_stratified,score_stratified_draw_0,0,0.0003,43,10,e_vil_test1000,t2i.r10,0.8942
score_stratified_draw_0__lr_0.0003__seed_43__epoch_10,score_stratified,score_stratified_draw_0,0,0.0003,43,10,e_vil_test1000,t2i.mean_rank,7.7884
score_stratified_draw_0__lr_0.0003__seed_43__epoch_10,score_stratified,score_stratified_draw_0,0,0.0003,43,10,e_vil_test1000,t2i.median_rank,1.0
score_stratified_draw_0__lr_0.0003__seed_43__epoch_10,score_stratified,score_stratified_draw_0,0,0.0003,43,10,e_vil_test1000,mean_bidirectional_r1,0.6631
score_stratified_draw_0__lr_0.0003__seed_43__epoch_10,score_stratified,score_stratified_draw_0,0,0.0003,43,10,sugarcrepe,positive1_accuracy,0.8106776727466383
score_stratified_draw_0__lr_0.0003__seed_43__epoch_10,score_stratified,score_stratified_draw_0,0,0.0003,43,10,sugarcrepe,accuracy,0.8106776727466383
score_stratified_draw_0__lr_0.0003__seed_43__epoch_10,score_stratified,score_stratified_draw_0,0,0.0003,43,10,sugarcrepe_pp,positive1_accuracy,0.7813748160605424
score_stratified_draw_0__lr_0.0003__seed_43__epoch_10,score_stratified,score_stratified_draw_0,0,0.0003,43,10,sugarcrepe_pp,positive2_accuracy,0.7065377338658818
score_stratified_draw_0__lr_0.0003__seed_43__epoch_10,score_stratified,score_stratified_draw_0,0,0.0003,43,10,sugarcrepe_pp,both_accuracy,0.6470464578515871
score_stratified_draw_0__lr_0.0003__seed_43__epoch_10,score_stratified,score_stratified_draw_0,0,0.0003,43,10,sugarcrepe_pp,accuracy,0.6470464578515871
score_stratified_draw_0__lr_0.0003__seed_43__epoch_10,score_stratified,score_stratified_draw_0,0,0.0003,43,10,visual_entailment,accuracy,0.7823640382197289
score_stratified_draw_0__lr_0.001__seed_17__epoch_01,score_stratified,score_stratified_draw_0,0,0.001,17,1,e_vil_test1000,i2t.r1,0.731
score_stratified_draw_0__lr_0.001__seed_17__epoch_01,score_stratified,score_stratified_draw_0,0,0.001,17,1,e_vil_test1000,i2t.r5,0.906
score_stratified_draw_0__lr_0.001__seed_17__epoch_01,score_stratified,score_stratified_draw_0,0,0.001,17,1,e_vil_test1000,i2t.r10,0.95
score_stratified_draw_0__lr_0.001__seed_17__epoch_01,score_stratified,score_stratified_draw_0,0,0.001,17,1,e_vil_test1000,i2t.mean_rank,3.752
score_stratified_draw_0__lr_0.001__seed_17__epoch_01,score_stratified,score_stratified_draw_0,0,0.001,17,1,e_vil_test1000,i2t.median_rank,1.0
score_stratified_draw_0__lr_0.001__seed_17__epoch_01,score_stratified,score_stratified_draw_0,0,0.001,17,1,e_vil_test1000,t2i.r1,0.4048
score_stratified_draw_0__lr_0.001__seed_17__epoch_01,score_stratified,score_stratified_draw_0,0,0.001,17,1,e_vil_test1000,t2i.r5,0.6834
score_stratified_draw_0__lr_0.001__seed_17__epoch_01,score_stratified,score_stratified_draw_0,0,0.001,17,1,e_vil_test1000,t2i.r10,0.787
score_stratified_draw_0__lr_0.001__seed_17__epoch_01,score_stratified,score_stratified_draw_0,0,0.001,17,1,e_vil_test1000,t2i.mean_rank,14.711
score_stratified_draw_0__lr_0.001__seed_17__epoch_01,score_stratified,score_stratified_draw_0,0,0.001,17,1,e_vil_test1000,t2i.median_rank,2.0
score_stratified_draw_0__lr_0.001__seed_17__epoch_01,score_stratified,score_stratified_draw_0,0,0.001,17,1,e_vil_test1000,mean_bidirectional_r1,0.5679
score_stratified_draw_0__lr_0.001__seed_17__epoch_01,score_stratified,score_stratified_draw_0,0,0.001,17,1,sugarcrepe,positive1_accuracy,0.7973638663293836
score_stratified_draw_0__lr_0.001__seed_17__epoch_01,score_stratified,score_stratified_draw_0,0,0.001,17,1,sugarcrepe,accuracy,0.7973638663293836
score_stratified_draw_0__lr_0.001__seed_17__epoch_01,score_stratified,score_stratified_draw_0,0,0.001,17,1,sugarcrepe_pp,positive1_accuracy,0.781585032583561
score_stratified_draw_0__lr_0.001__seed_17__epoch_01,score_stratified,score_stratified_draw_0,0,0.001,17,1,sugarcrepe_pp,positive2_accuracy,0.7059070842968257
score_stratified_draw_0__lr_0.001__seed_17__epoch_01,score_stratified,score_stratified_draw_0,0,0.001,17,1,sugarcrepe_pp,both_accuracy,0.6453647256674374
score_stratified_draw_0__lr_0.001__seed_17__epoch_01,score_stratified,score_stratified_draw_0,0,0.001,17,1,sugarcrepe_pp,accuracy,0.6453647256674374
score_stratified_draw_0__lr_0.001__seed_17__epoch_01,score_stratified,score_stratified_draw_0,0,0.001,17,1,visual_entailment,accuracy,0.7831558196171161
score_stratified_draw_0__lr_0.001__seed_17__epoch_05,score_stratified,score_stratified_draw_0,0,0.001,17,5,e_vil_test1000,i2t.r1,0.697
score_stratified_draw_0__lr_0.001__seed_17__epoch_05,score_stratified,score_stratified_draw_0,0,0.001,17,5,e_vil_test1000,i2t.r5,0.897
score_stratified_draw_0__lr_0.001__seed_17__epoch_05,score_stratified,score_stratified_draw_0,0,0.001,17,5,e_vil_test1000,i2t.r10,0.942
score_stratified_draw_0__lr_0.001__seed_17__epoch_05,score_stratified,score_stratified_draw_0,0,0.001,17,5,e_vil_test1000,i2t.mean_rank,3.798
score_stratified_draw_0__lr_0.001__seed_17__epoch_05,score_stratified,score_stratified_draw_0,0,0.001,17,5,e_vil_test1000,i2t.median_rank,1.0
score_stratified_draw_0__lr_0.001__seed_17__epoch_05,score_stratified,score_stratified_draw_0,0,0.001,17,5,e_vil_test1000,t2i.r1,0.5096
score_stratified_draw_0__lr_0.001__seed_17__epoch_05,score_stratified,score_stratified_draw_0,0,0.001,17,5,e_vil_test1000,t2i.r5,0.7786
score_stratified_draw_0__lr_0.001__seed_17__epoch_05,score_stratified,score_stratified_draw_0,0,0.001,17,5,e_vil_test1000,t2i.r10,0.8624
score_stratified_draw_0__lr_0.001__seed_17__epoch_05,score_stratified,score_stratified_draw_0,0,0.001,17,5,e_vil_test1000,t2i.mean_rank,8.9214
score_stratified_draw_0__lr_0.001__seed_17__epoch_05,score_stratified,score_stratified_draw_0,0,0.001,17,5,e_vil_test1000,t2i.median_rank,1.0
score_stratified_draw_0__lr_0.001__seed_17__epoch_05,score_stratified,score_stratified_draw_0,0,0.001,17,5,e_vil_test1000,mean_bidirectional_r1,0.6033
score_stratified_draw_0__lr_0.001__seed_17__epoch_05,score_stratified,score_stratified_draw_0,0,0.001,17,5,sugarcrepe,positive1_accuracy,0.8090800159765676
score_stratified_draw_0__lr_0.001__seed_17__epoch_05,score_stratified,score_stratified_draw_0,0,0.001,17,5,sugarcrepe,accuracy,0.8090800159765676
score_stratified_draw_0__lr_0.001__seed_17__epoch_05,score_stratified,score_stratified_draw_0,0,0.001,17,5,sugarcrepe_pp,positive1_accuracy,0.7805339499684675
score_stratified_draw_0__lr_0.001__seed_17__epoch_05,score_stratified,score_stratified_draw_0,0,0.001,17,5,sugarcrepe_pp,positive2_accuracy,0.7115829304183309
score_stratified_draw_0__lr_0.001__seed_17__epoch_05,score_stratified,score_stratified_draw_0,0,0.001,17,5,sugarcrepe_pp,both_accuracy,0.6516712213579987
score_stratified_draw_0__lr_0.001__seed_17__epoch_05,score_stratified,score_stratified_draw_0,0,0.001,17,5,sugarcrepe_pp,accuracy,0.6516712213579987
score_stratified_draw_0__lr_0.001__seed_17__epoch_05,score_stratified,score_stratified_draw_0,0,0.001,17,5,visual_entailment,accuracy,0.7812093883108426
score_stratified_draw_0__lr_0.001__seed_17__epoch_10,score_stratified,score_stratified_draw_0,0,0.001,17,10,coco_karpathy,i2t.r1,0.3606
score_stratified_draw_0__lr_0.001__seed_17__epoch_10,score_stratified,score_stratified_draw_0,0,0.001,17,10,coco_karpathy,i2t.r5,0.6126
score_stratified_draw_0__lr_0.001__seed_17__epoch_10,score_stratified,score_stratified_draw_0,0,0.001,17,10,coco_karpathy,i2t.r10,0.7224
score_stratified_draw_0__lr_0.001__seed_17__epoch_10,score_stratified,score_stratified_draw_0,0,0.001,17,10,coco_karpathy,i2t.mean_rank,23.5658
score_stratified_draw_0__lr_0.001__seed_17__epoch_10,score_stratified,score_stratified_draw_0,0,0.001,17,10,coco_karpathy,i2t.median_rank,3.0
score_stratified_draw_0__lr_0.001__seed_17__epoch_10,score_stratified,score_stratified_draw_0,0,0.001,17,10,coco_karpathy,t2i.r1,0.23476
score_stratified_draw_0__lr_0.001__seed_17__epoch_10,score_stratified,score_stratified_draw_0,0,0.001,17,10,coco_karpathy,t2i.r5,0.4684
score_stratified_draw_0__lr_0.001__seed_17__epoch_10,score_stratified,score_stratified_draw_0,0,0.001,17,10,coco_karpathy,t2i.r10,0.57956
score_stratified_draw_0__lr_0.001__seed_17__epoch_10,score_stratified,score_stratified_draw_0,0,0.001,17,10,coco_karpathy,t2i.mean_rank,43.36132
score_stratified_draw_0__lr_0.001__seed_17__epoch_10,score_stratified,score_stratified_draw_0,0,0.001,17,10,coco_karpathy,t2i.median_rank,7.0
score_stratified_draw_0__lr_0.001__seed_17__epoch_10,score_stratified,score_stratified_draw_0,0,0.001,17,10,coco_karpathy,mean_bidirectional_r1,0.29768
score_stratified_draw_0__lr_0.001__seed_17__epoch_10,score_stratified,score_stratified_draw_0,0,0.001,17,10,e_vil_test1000,i2t.r1,0.652
score_stratified_draw_0__lr_0.001__seed_17__epoch_10,score_stratified,score_stratified_draw_0,0,0.001,17,10,e_vil_test1000,i2t.r5,0.885
score_stratified_draw_0__lr_0.001__seed_17__epoch_10,score_stratified,score_stratified_draw_0,0,0.001,17,10,e_vil_test1000,i2t.r10,0.932
score_stratified_draw_0__lr_0.001__seed_17__epoch_10,score_stratified,score_stratified_draw_0,0,0.001,17,10,e_vil_test1000,i2t.mean_rank,4.368
score_stratified_draw_0__lr_0.001__seed_17__epoch_10,score_stratified,score_stratified_draw_0,0,0.001,17,10,e_vil_test1000,i2t.median_rank,1.0
score_stratified_draw_0__lr_0.001__seed_17__epoch_10,score_stratified,score_stratified_draw_0,0,0.001,17,10,e_vil_test1000,t2i.r1,0.4586
score_stratified_draw_0__lr_0.001__seed_17__epoch_10,score_stratified,score_stratified_draw_0,0,0.001,17,10,e_vil_test1000,t2i.r5,0.7482
score_stratified_draw_0__lr_0.001__seed_17__epoch_10,score_stratified,score_stratified_draw_0,0,0.001,17,10,e_vil_test1000,t2i.r10,0.837
score_stratified_draw_0__lr_0.001__seed_17__epoch_10,score_stratified,score_stratified_draw_0,0,0.001,17,10,e_vil_test1000,t2i.mean_rank,12.307
score_stratified_draw_0__lr_0.001__seed_17__epoch_10,score_stratified,score_stratified_draw_0,0,0.001,17,10,e_vil_test1000,t2i.median_rank,2.0
score_stratified_draw_0__lr_0.001__seed_17__epoch_10,score_stratified,score_stratified_draw_0,0,0.001,17,10,e_vil_test1000,mean_bidirectional_r1,0.5553
score_stratified_draw_0__lr_0.001__seed_17__epoch_10,score_stratified,score_stratified_draw_0,0,0.001,17,10,sugarcrepe,positive1_accuracy,0.7923046198908268
score_stratified_draw_0__lr_0.001__seed_17__epoch_10,score_stratified,score_stratified_draw_0,0,0.001,17,10,sugarcrepe,accuracy,0.7923046198908268
score_stratified_draw_0__lr_0.001__seed_17__epoch_10,score_stratified,score_stratified_draw_0,0,0.001,17,10,sugarcrepe_pp,positive1_accuracy,0.7632961950809334
score_stratified_draw_0__lr_0.001__seed_17__epoch_10,score_stratified,score_stratified_draw_0,0,0.001,17,10,sugarcrepe_pp,positive2_accuracy,0.6924532268236283
score_stratified_draw_0__lr_0.001__seed_17__epoch_10,score_stratified,score_stratified_draw_0,0,0.001,17,10,sugarcrepe_pp,both_accuracy,0.6293882699180156
score_stratified_draw_0__lr_0.001__seed_17__epoch_10,score_stratified,score_stratified_draw_0,0,0.001,17,10,sugarcrepe_pp,accuracy,0.6293882699180156
score_stratified_draw_0__lr_0.001__seed_17__epoch_10,score_stratified,score_stratified_draw_0,0,0.001,17,10,visual_entailment,accuracy,0.7689620804066202
score_stratified_draw_0__lr_0.001__seed_29__epoch_01,score_stratified,score_stratified_draw_0,0,0.001,29,1,e_vil_test1000,i2t.r1,0.704
score_stratified_draw_0__lr_0.001__seed_29__epoch_01,score_stratified,score_stratified_draw_0,0,0.001,29,1,e_vil_test1000,i2t.r5,0.903
score_stratified_draw_0__lr_0.001__seed_29__epoch_01,score_stratified,score_stratified_draw_0,0,0.001,29,1,e_vil_test1000,i2t.r10,0.947
score_stratified_draw_0__lr_0.001__seed_29__epoch_01,score_stratified,score_stratified_draw_0,0,0.001,29,1,e_vil_test1000,i2t.mean_rank,3.222
score_stratified_draw_0__lr_0.001__seed_29__epoch_01,score_stratified,score_stratified_draw_0,0,0.001,29,1,e_vil_test1000,i2t.median_rank,1.0
score_stratified_draw_0__lr_0.001__seed_29__epoch_01,score_stratified,score_stratified_draw_0,0,0.001,29,1,e_vil_test1000,t2i.r1,0.4374
score_stratified_draw_0__lr_0.001__seed_29__epoch_01,score_stratified,score_stratified_draw_0,0,0.001,29,1,e_vil_test1000,t2i.r5,0.6946
score_stratified_draw_0__lr_0.001__seed_29__epoch_01,score_stratified,score_stratified_draw_0,0,0.001,29,1,e_vil_test1000,t2i.r10,0.7808
score_stratified_draw_0__lr_0.001__seed_29__epoch_01,score_stratified,score_stratified_draw_0,0,0.001,29,1,e_vil_test1000,t2i.mean_rank,14.785
score_stratified_draw_0__lr_0.001__seed_29__epoch_01,score_stratified,score_stratified_draw_0,0,0.001,29,1,e_vil_test1000,t2i.median_rank,2.0
score_stratified_draw_0__lr_0.001__seed_29__epoch_01,score_stratified,score_stratified_draw_0,0,0.001,29,1,e_vil_test1000,mean_bidirectional_r1,0.5707
score_stratified_draw_0__lr_0.001__seed_29__epoch_01,score_stratified,score_stratified_draw_0,0,0.001,29,1,sugarcrepe,positive1_accuracy,0.8020236985754227
score_stratified_draw_0__lr_0.001__seed_29__epoch_01,score_stratified,score_stratified_draw_0,0,0.001,29,1,sugarcrepe,accuracy,0.8020236985754227
score_stratified_draw_0__lr_0.001__seed_29__epoch_01,score_stratified,score_stratified_draw_0,0,0.001,29,1,sugarcrepe_pp,positive1_accuracy,0.7702333403405508
score_stratified_draw_0__lr_0.001__seed_29__epoch_01,score_stratified,score_stratified_draw_0,0,0.001,29,1,sugarcrepe_pp,positive2_accuracy,0.6846752154719361
score_stratified_draw_0__lr_0.001__seed_29__epoch_01,score_stratified,score_stratified_draw_0,0,0.001,29,1,sugarcrepe_pp,both_accuracy,0.6253941559806601
score_stratified_draw_0__lr_0.001__seed_29__epoch_01,score_stratified,score_stratified_draw_0,0,0.001,29,1,sugarcrepe_pp,accuracy,0.6253941559806601
score_stratified_draw_0__lr_0.001__seed_29__epoch_01,score_stratified,score_stratified_draw_0,0,0.001,29,1,visual_entailment,accuracy,0.8059004407399695
score_stratified_draw_0__lr_0.001__seed_29__epoch_05,score_stratified,score_stratified_draw_0,0,0.001,29,5,e_vil_test1000,i2t.r1,0.719
score_stratified_draw_0__lr_0.001__seed_29__epoch_05,score_stratified,score_stratified_draw_0,0,0.001,29,5,e_vil_test1000,i2t.r5,0.905
score_stratified_draw_0__lr_0.001__seed_29__epoch_05,score_stratified,score_stratified_draw_0,0,0.001,29,5,e_vil_test1000,i2t.r10,0.944
score_stratified_draw_0__lr_0.001__seed_29__epoch_05,score_stratified,score_stratified_draw_0,0,0.001,29,5,e_vil_test1000,i2t.mean_rank,3.988
score_stratified_draw_0__lr_0.001__seed_29__epoch_05,score_stratified,score_stratified_draw_0,0,0.001,29,5,e_vil_test1000,i2t.median_rank,1.0
score_stratified_draw_0__lr_0.001__seed_29__epoch_05,score_stratified,score_stratified_draw_0,0,0.001,29,5,e_vil_test1000,t2i.r1,0.5086
score_stratified_draw_0__lr_0.001__seed_29__epoch_05,score_stratified,score_stratified_draw_0,0,0.001,29,5,e_vil_test1000,t2i.r5,0.7958
score_stratified_draw_0__lr_0.001__seed_29__epoch_05,score_stratified,score_stratified_draw_0,0,0.001,29,5,e_vil_test1000,t2i.r10,0.8706
score_stratified_draw_0__lr_0.001__seed_29__epoch_05,score_stratified,score_stratified_draw_0,0,0.001,29,5,e_vil_test1000,t2i.mean_rank,9.2868
score_stratified_draw_0__lr_0.001__seed_29__epoch_05,score_stratified,score_stratified_draw_0,0,0.001,29,5,e_vil_test1000,t2i.median_rank,1.0
score_stratified_draw_0__lr_0.001__seed_29__epoch_05,score_stratified,score_stratified_draw_0,0,0.001,29,5,e_vil_test1000,mean_bidirectional_r1,0.6138
score_stratified_draw_0__lr_0.001__seed_29__epoch_05,score_stratified,score_stratified_draw_0,0,0.001,29,5,sugarcrepe,positive1_accuracy,0.7961656237518306
score_stratified_draw_0__lr_0.001__seed_29__epoch_05,score_stratified,score_stratified_draw_0,0,0.001,29,5,sugarcrepe,accuracy,0.7961656237518306
score_stratified_draw_0__lr_0.001__seed_29__epoch_05,score_stratified,score_stratified_draw_0,0,0.001,29,5,sugarcrepe_pp,positive1_accuracy,0.7628757620348959
score_stratified_draw_0__lr_0.001__seed_29__epoch_05,score_stratified,score_stratified_draw_0,0,0.001,29,5,sugarcrepe_pp,positive2_accuracy,0.7035947025436199
score_stratified_draw_0__lr_0.001__seed_29__epoch_05,score_stratified,score_stratified_draw_0,0,0.001,29,5,sugarcrepe_pp,both_accuracy,0.6396888795459323
score_stratified_draw_0__lr_0.001__seed_29__epoch_05,score_stratified,score_stratified_draw_0,0,0.001,29,5,sugarcrepe_pp,accuracy,0.6396888795459323
score_stratified_draw_0__lr_0.001__seed_29__epoch_05,score_stratified,score_stratified_draw_0,0,0.001,29,5,visual_entailment,accuracy,0.7874832416203477
score_stratified_draw_0__lr_0.001__seed_29__epoch_10,score_stratified,score_stratified_draw_0,0,0.001,29,10,coco_karpathy,i2t.r1,0.37
score_stratified_draw_0__lr_0.001__seed_29__epoch_10,score_stratified,score_stratified_draw_0,0,0.001,29,10,coco_karpathy,i2t.r5,0.612
score_stratified_draw_0__lr_0.001__seed_29__epoch_10,score_stratified,score_stratified_draw_0,0,0.001,29,10,coco_karpathy,i2t.r10,0.73
score_stratified_draw_0__lr_0.001__seed_29__epoch_10,score_stratified,score_stratified_draw_0,0,0.001,29,10,coco_karpathy,i2t.mean_rank,21.9584
score_stratified_draw_0__lr_0.001__seed_29__epoch_10,score_stratified,score_stratified_draw_0,0,0.001,29,10,coco_karpathy,i2t.median_rank,3.0
score_stratified_draw_0__lr_0.001__seed_29__epoch_10,score_stratified,score_stratified_draw_0,0,0.001,29,10,coco_karpathy,t2i.r1,0.24132
score_stratified_draw_0__lr_0.001__seed_29__epoch_10,score_stratified,score_stratified_draw_0,0,0.001,29,10,coco_karpathy,t2i.r5,0.47772
score_stratified_draw_0__lr_0.001__seed_29__epoch_10,score_stratified,score_stratified_draw_0,0,0.001,29,10,coco_karpathy,t2i.r10,0.591
score_stratified_draw_0__lr_0.001__seed_29__epoch_10,score_stratified,score_stratified_draw_0,0,0.001,29,10,coco_karpathy,t2i.mean_rank,39.92256
score_stratified_draw_0__lr_0.001__seed_29__epoch_10,score_stratified,score_stratified_draw_0,0,0.001,29,10,coco_karpathy,t2i.median_rank,6.0
score_stratified_draw_0__lr_0.001__seed_29__epoch_10,score_stratified,score_stratified_draw_0,0,0.001,29,10,coco_karpathy,mean_bidirectional_r1,0.30566
score_stratified_draw_0__lr_0.001__seed_29__epoch_10,score_stratified,score_stratified_draw_0,0,0.001,29,10,e_vil_test1000,i2t.r1,0.637
score_stratified_draw_0__lr_0.001__seed_29__epoch_10,score_stratified,score_stratified_draw_0,0,0.001,29,10,e_vil_test1000,i2t.r5,0.86
score_stratified_draw_0__lr_0.001__seed_29__epoch_10,score_stratified,score_stratified_draw_0,0,0.001,29,10,e_vil_test1000,i2t.r10,0.921
score_stratified_draw_0__lr_0.001__seed_29__epoch_10,score_stratified,score_stratified_draw_0,0,0.001,29,10,e_vil_test1000,i2t.mean_rank,4.578
score_stratified_draw_0__lr_0.001__seed_29__epoch_10,score_stratified,score_stratified_draw_0,0,0.001,29,10,e_vil_test1000,i2t.median_rank,1.0
score_stratified_draw_0__lr_0.001__seed_29__epoch_10,score_stratified,score_stratified_draw_0,0,0.001,29,10,e_vil_test1000,t2i.r1,0.4974
score_stratified_draw_0__lr_0.001__seed_29__epoch_10,score_stratified,score_stratified_draw_0,0,0.001,29,10,e_vil_test1000,t2i.r5,0.7688
score_stratified_draw_0__lr_0.001__seed_29__epoch_10,score_stratified,score_stratified_draw_0,0,0.001,29,10,e_vil_test1000,t2i.r10,0.8486
score_stratified_draw_0__lr_0.001__seed_29__epoch_10,score_stratified,score_stratified_draw_0,0,0.001,29,10,e_vil_test1000,t2i.mean_rank,10.7074
score_stratified_draw_0__lr_0.001__seed_29__epoch_10,score_stratified,score_stratified_draw_0,0,0.001,29,10,e_vil_test1000,t2i.median_rank,2.0
score_stratified_draw_0__lr_0.001__seed_29__epoch_10,score_stratified,score_stratified_draw_0,0,0.001,29,10,e_vil_test1000,mean_bidirectional_r1,0.5672
score_stratified_draw_0__lr_0.001__seed_29__epoch_10,score_stratified,score_stratified_draw_0,0,0.001,29,10,sugarcrepe,positive1_accuracy,0.7749966715483957
score_stratified_draw_0__lr_0.001__seed_29__epoch_10,score_stratified,score_stratified_draw_0,0,0.001,29,10,sugarcrepe,accuracy,0.7749966715483957
score_stratified_draw_0__lr_0.001__seed_29__epoch_10,score_stratified,score_stratified_draw_0,0,0.001,29,10,sugarcrepe_pp,positive1_accuracy,0.754887534160185
score_stratified_draw_0__lr_0.001__seed_29__epoch_10,score_stratified,score_stratified_draw_0,0,0.001,29,10,sugarcrepe_pp,positive2_accuracy,0.6882488963632541
score_stratified_draw_0__lr_0.001__seed_29__epoch_10,score_stratified,score_stratified_draw_0,0,0.001,29,10,sugarcrepe_pp,both_accuracy,0.6209796089972672
score_stratified_draw_0__lr_0.001__seed_29__epoch_10,score_stratified,score_stratified_draw_0,0,0.001,29,10,sugarcrepe_pp,accuracy,0.6209796089972672
score_stratified_draw_0__lr_0.001__seed_29__epoch_10,score_stratified,score_stratified_draw_0,0,0.001,29,10,visual_entailment,accuracy,0.7615791816978649
score_stratified_draw_0__lr_0.001__seed_43__epoch_01,score_stratified,score_stratified_draw_0,0,0.001,43,1,e_vil_test1000,i2t.r1,0.718
score_stratified_draw_0__lr_0.001__seed_43__epoch_01,score_stratified,score_stratified_draw_0,0,0.001,43,1,e_vil_test1000,i2t.r5,0.908
score_stratified_draw_0__lr_0.001__seed_43__epoch_01,score_stratified,score_stratified_draw_0,0,0.001,43,1,e_vil_test1000,i2t.r10,0.947
score_stratified_draw_0__lr_0.001__seed_43__epoch_01,score_stratified,score_stratified_draw_0,0,0.001,43,1,e_vil_test1000,i2t.mean_rank,3.914
score_stratified_draw_0__lr_0.001__seed_43__epoch_01,score_stratified,score_stratified_draw_0,0,0.001,43,1,e_vil_test1000,i2t.median_rank,1.0
score_stratified_draw_0__lr_0.001__seed_43__epoch_01,score_stratified,score_stratified_draw_0,0,0.001,43,1,e_vil_test1000,t2i.r1,0.4256
score_stratified_draw_0__lr_0.001__seed_43__epoch_01,score_stratified,score_stratified_draw_0,0,0.001,43,1,e_vil_test1000,t2i.r5,0.6908
score_stratified_draw_0__lr_0.001__seed_43__epoch_01,score_stratified,score_stratified_draw_0,0,0.001,43,1,e_vil_test1000,t2i.r10,0.7844
score_stratified_draw_0__lr_0.001__seed_43__epoch_01,score_stratified,score_stratified_draw_0,0,0.001,43,1,e_vil_test1000,t2i.mean_rank,15.1662
score_stratified_draw_0__lr_0.001__seed_43__epoch_01,score_stratified,score_stratified_draw_0,0,0.001,43,1,e_vil_test1000,t2i.median_rank,2.0
score_stratified_draw_0__lr_0.001__seed_43__epoch_01,score_stratified,score_stratified_draw_0,0,0.001,43,1,e_vil_test1000,mean_bidirectional_r1,0.5718
score_stratified_draw_0__lr_0.001__seed_43__epoch_01,score_stratified,score_stratified_draw_0,0,0.001,43,1,sugarcrepe,positive1_accuracy,0.8100119824257755
score_stratified_draw_0__lr_0.001__seed_43__epoch_01,score_stratified,score_stratified_draw_0,0,0.001,43,1,sugarcrepe,accuracy,0.8100119824257755
score_stratified_draw_0__lr_0.001__seed_43__epoch_01,score_stratified,score_stratified_draw_0,0,0.001,43,1,sugarcrepe_pp,positive1_accuracy,0.7708639899096069
score_stratified_draw_0__lr_0.001__seed_43__epoch_01,score_stratified,score_stratified_draw_0,0,0.001,43,1,sugarcrepe_pp,positive2_accuracy,0.7067479503889006
score_stratified_draw_0__lr_0.001__seed_43__epoch_01,score_stratified,score_stratified_draw_0,0,0.001,43,1,sugarcrepe_pp,both_accuracy,0.6430523439142316
score_stratified_draw_0__lr_0.001__seed_43__epoch_01,score_stratified,score_stratified_draw_0,0,0.001,43,1,sugarcrepe_pp,accuracy,0.6430523439142316
score_stratified_draw_0__lr_0.001__seed_43__epoch_01,score_stratified,score_stratified_draw_0,0,0.001,43,1,visual_entailment,accuracy,0.8083658226687588
score_stratified_draw_0__lr_0.001__seed_43__epoch_05,score_stratified,score_stratified_draw_0,0,0.001,43,5,e_vil_test1000,i2t.r1,0.703
score_stratified_draw_0__lr_0.001__seed_43__epoch_05,score_stratified,score_stratified_draw_0,0,0.001,43,5,e_vil_test1000,i2t.r5,0.895
score_stratified_draw_0__lr_0.001__seed_43__epoch_05,score_stratified,score_stratified_draw_0,0,0.001,43,5,e_vil_test1000,i2t.r10,0.942
score_stratified_draw_0__lr_0.001__seed_43__epoch_05,score_stratified,score_stratified_draw_0,0,0.001,43,5,e_vil_test1000,i2t.mean_rank,3.96
score_stratified_draw_0__lr_0.001__seed_43__epoch_05,score_stratified,score_stratified_draw_0,0,0.001,43,5,e_vil_test1000,i2t.median_rank,1.0
score_stratified_draw_0__lr_0.001__seed_43__epoch_05,score_stratified,score_stratified_draw_0,0,0.001,43,5,e_vil_test1000,t2i.r1,0.5084
score_stratified_draw_0__lr_0.001__seed_43__epoch_05,score_stratified,score_stratified_draw_0,0,0.001,43,5,e_vil_test1000,t2i.r5,0.7884
score_stratified_draw_0__lr_0.001__seed_43__epoch_05,score_stratified,score_stratified_draw_0,0,0.001,43,5,e_vil_test1000,t2i.r10,0.8644
score_stratified_draw_0__lr_0.001__seed_43__epoch_05,score_stratified,score_stratified_draw_0,0,0.001,43,5,e_vil_test1000,t2i.mean_rank,9.347
score_stratified_draw_0__lr_0.001__seed_43__epoch_05,score_stratified,score_stratified_draw_0,0,0.001,43,5,e_vil_test1000,t2i.median_rank,1.0
score_stratified_draw_0__lr_0.001__seed_43__epoch_05,score_stratified,score_stratified_draw_0,0,0.001,43,5,e_vil_test1000,mean_bidirectional_r1,0.6056999999999999
score_stratified_draw_0__lr_0.001__seed_43__epoch_05,score_stratified,score_stratified_draw_0,0,0.001,43,5,sugarcrepe,positive1_accuracy,0.7852483024896818
score_stratified_draw_0__lr_0.001__seed_43__epoch_05,score_stratified,score_stratified_draw_0,0,0.001,43,5,sugarcrepe,accuracy,0.7852483024896818
score_stratified_draw_0__lr_0.001__seed_43__epoch_05,score_stratified,score_stratified_draw_0,0,0.001,43,5,sugarcrepe_pp,positive1_accuracy,0.7584612150515031
score_stratified_draw_0__lr_0.001__seed_43__epoch_05,score_stratified,score_stratified_draw_0,0,0.001,43,5,sugarcrepe_pp,positive2_accuracy,0.7019129703594702
score_stratified_draw_0__lr_0.001__seed_43__epoch_05,score_stratified,score_stratified_draw_0,0,0.001,43,5,sugarcrepe_pp,both_accuracy,0.6352743325625394
score_stratified_draw_0__lr_0.001__seed_43__epoch_05,score_stratified,score_stratified_draw_0,0,0.001,43,5,sugarcrepe_pp,accuracy,0.6352743325625394
score_stratified_draw_0__lr_0.001__seed_43__epoch_05,score_stratified,score_stratified_draw_0,0,0.001,43,5,visual_entailment,accuracy,0.7745756558786868
score_stratified_draw_0__lr_0.001__seed_43__epoch_10,score_stratified,score_stratified_draw_0,0,0.001,43,10,coco_karpathy,i2t.r1,0.3584
score_stratified_draw_0__lr_0.001__seed_43__epoch_10,score_stratified,score_stratified_draw_0,0,0.001,43,10,coco_karpathy,i2t.r5,0.5978
score_stratified_draw_0__lr_0.001__seed_43__epoch_10,score_stratified,score_stratified_draw_0,0,0.001,43,10,coco_karpathy,i2t.r10,0.709
score_stratified_draw_0__lr_0.001__seed_43__epoch_10,score_stratified,score_stratified_draw_0,0,0.001,43,10,coco_karpathy,i2t.mean_rank,22.9622
score_stratified_draw_0__lr_0.001__seed_43__epoch_10,score_stratified,score_stratified_draw_0,0,0.001,43,10,coco_karpathy,i2t.median_rank,3.0
score_stratified_draw_0__lr_0.001__seed_43__epoch_10,score_stratified,score_stratified_draw_0,0,0.001,43,10,coco_karpathy,t2i.r1,0.23412
score_stratified_draw_0__lr_0.001__seed_43__epoch_10,score_stratified,score_stratified_draw_0,0,0.001,43,10,coco_karpathy,t2i.r5,0.46492
score_stratified_draw_0__lr_0.001__seed_43__epoch_10,score_stratified,score_stratified_draw_0,0,0.001,43,10,coco_karpathy,t2i.r10,0.58084
score_stratified_draw_0__lr_0.001__seed_43__epoch_10,score_stratified,score_stratified_draw_0,0,0.001,43,10,coco_karpathy,t2i.mean_rank,41.943
score_stratified_draw_0__lr_0.001__seed_43__epoch_10,score_stratified,score_stratified_draw_0,0,0.001,43,10,coco_karpathy,t2i.median_rank,7.0
score_stratified_draw_0__lr_0.001__seed_43__epoch_10,score_stratified,score_stratified_draw_0,0,0.001,43,10,coco_karpathy,mean_bidirectional_r1,0.29625999999999997
score_stratified_draw_0__lr_0.001__seed_43__epoch_10,score_stratified,score_stratified_draw_0,0,0.001,43,10,e_vil_test1000,i2t.r1,0.635
score_stratified_draw_0__lr_0.001__seed_43__epoch_10,score_stratified,score_stratified_draw_0,0,0.001,43,10,e_vil_test1000,i2t.r5,0.878
score_stratified_draw_0__lr_0.001__seed_43__epoch_10,score_stratified,score_stratified_draw_0,0,0.001,43,10,e_vil_test1000,i2t.r10,0.922
score_stratified_draw_0__lr_0.001__seed_43__epoch_10,score_stratified,score_stratified_draw_0,0,0.001,43,10,e_vil_test1000,i2t.mean_rank,6.199
score_stratified_draw_0__lr_0.001__seed_43__epoch_10,score_stratified,score_stratified_draw_0,0,0.001,43,10,e_vil_test1000,i2t.median_rank,1.0
score_stratified_draw_0__lr_0.001__seed_43__epoch_10,score_stratified,score_stratified_draw_0,0,0.001,43,10,e_vil_test1000,t2i.r1,0.4722
score_stratified_draw_0__lr_0.001__seed_43__epoch_10,score_stratified,score_stratified_draw_0,0,0.001,43,10,e_vil_test1000,t2i.r5,0.7528
score_stratified_draw_0__lr_0.001__seed_43__epoch_10,score_stratified,score_stratified_draw_0,0,0.001,43,10,e_vil_test1000,t2i.r10,0.841
score_stratified_draw_0__lr_0.001__seed_43__epoch_10,score_stratified,score_stratified_draw_0,0,0.001,43,10,e_vil_test1000,t2i.mean_rank,10.8154
score_stratified_draw_0__lr_0.001__seed_43__epoch_10,score_stratified,score_stratified_draw_0,0,0.001,43,10,e_vil_test1000,t2i.median_rank,2.0
score_stratified_draw_0__lr_0.001__seed_43__epoch_10,score_stratified,score_stratified_draw_0,0,0.001,43,10,e_vil_test1000,mean_bidirectional_r1,0.5536
score_stratified_draw_0__lr_0.001__seed_43__epoch_10,score_stratified,score_stratified_draw_0,0,0.001,43,10,sugarcrepe,positive1_accuracy,0.7933697244042072
score_stratified_draw_0__lr_0.001__seed_43__epoch_10,score_stratified,score_stratified_draw_0,0,0.001,43,10,sugarcrepe,accuracy,0.7933697244042072
score_stratified_draw_0__lr_0.001__seed_43__epoch_10,score_stratified,score_stratified_draw_0,0,0.001,43,10,sugarcrepe_pp,positive1_accuracy,0.759932730712634
score_stratified_draw_0__lr_0.001__seed_43__epoch_10,score_stratified,score_stratified_draw_0,0,0.001,43,10,sugarcrepe_pp,positive2_accuracy,0.6806811015345806
score_stratified_draw_0__lr_0.001__seed_43__epoch_10,score_stratified,score_stratified_draw_0,0,0.001,43,10,sugarcrepe_pp,both_accuracy,0.6205591759512298
score_stratified_draw_0__lr_0.001__seed_43__epoch_10,score_stratified,score_stratified_draw_0,0,0.001,43,10,sugarcrepe_pp,accuracy,0.6205591759512298
score_stratified_draw_0__lr_0.001__seed_43__epoch_10,score_stratified,score_stratified_draw_0,0,0.001,43,10,visual_entailment,accuracy,0.7526727587666281
score_stratified_draw_1__lr_0.0001__seed_17__epoch_00,score_stratified,score_stratified_draw_1,1,0.0001,17,0,coco_karpathy,i2t.r1,0.5632
score_stratified_draw_1__lr_0.0001__seed_17__epoch_00,score_stratified,score_stratified_draw_1,1,0.0001,17,0,coco_karpathy,i2t.r5,0.7982
score_stratified_draw_1__lr_0.0001__seed_17__epoch_00,score_stratified,score_stratified_draw_1,1,0.0001,17,0,coco_karpathy,i2t.r10,0.8712
score_stratified_draw_1__lr_0.0001__seed_17__epoch_00,score_stratified,score_stratified_draw_1,1,0.0001,17,0,coco_karpathy,i2t.mean_rank,6.9402
score_stratified_draw_1__lr_0.0001__seed_17__epoch_00,score_stratified,score_stratified_draw_1,1,0.0001,17,0,coco_karpathy,i2t.median_rank,1.0
score_stratified_draw_1__lr_0.0001__seed_17__epoch_00,score_stratified,score_stratified_draw_1,1,0.0001,17,0,coco_karpathy,t2i.r1,0.39348
score_stratified_draw_1__lr_0.0001__seed_17__epoch_00,score_stratified,score_stratified_draw_1,1,0.0001,17,0,coco_karpathy,t2i.r5,0.65404
score_stratified_draw_1__lr_0.0001__seed_17__epoch_00,score_stratified,score_stratified_draw_1,1,0.0001,17,0,coco_karpathy,t2i.r10,0.7562
score_stratified_draw_1__lr_0.0001__seed_17__epoch_00,score_stratified,score_stratified_draw_1,1,0.0001,17,0,coco_karpathy,t2i.mean_rank,17.9344
score_stratified_draw_1__lr_0.0001__seed_17__epoch_00,score_stratified,score_stratified_draw_1,1,0.0001,17,0,coco_karpathy,t2i.median_rank,2.0
score_stratified_draw_1__lr_0.0001__seed_17__epoch_00,score_stratified,score_stratified_draw_1,1,0.0001,17,0,coco_karpathy,mean_bidirectional_r1,0.47834
score_stratified_draw_1__lr_0.0001__seed_17__epoch_00,score_stratified,score_stratified_draw_1,1,0.0001,17,0,e_vil_test1000,i2t.r1,0.845
score_stratified_draw_1__lr_0.0001__seed_17__epoch_00,score_stratified,score_stratified_draw_1,1,0.0001,17,0,e_vil_test1000,i2t.r5,0.96
score_stratified_draw_1__lr_0.0001__seed_17__epoch_00,score_stratified,score_stratified_draw_1,1,0.0001,17,0,e_vil_test1000,i2t.r10,0.985
score_stratified_draw_1__lr_0.0001__seed_17__epoch_00,score_stratified,score_stratified_draw_1,1,0.0001,17,0,e_vil_test1000,i2t.mean_rank,1.743
score_stratified_draw_1__lr_0.0001__seed_17__epoch_00,score_stratified,score_stratified_draw_1,1,0.0001,17,0,e_vil_test1000,i2t.median_rank,1.0
score_stratified_draw_1__lr_0.0001__seed_17__epoch_00,score_stratified,score_stratified_draw_1,1,0.0001,17,0,e_vil_test1000,t2i.r1,0.6976
score_stratified_draw_1__lr_0.0001__seed_17__epoch_00,score_stratified,score_stratified_draw_1,1,0.0001,17,0,e_vil_test1000,t2i.r5,0.8968
score_stratified_draw_1__lr_0.0001__seed_17__epoch_00,score_stratified,score_stratified_draw_1,1,0.0001,17,0,e_vil_test1000,t2i.r10,0.9376
score_stratified_draw_1__lr_0.0001__seed_17__epoch_00,score_stratified,score_stratified_draw_1,1,0.0001,17,0,e_vil_test1000,t2i.mean_rank,4.6174
score_stratified_draw_1__lr_0.0001__seed_17__epoch_00,score_stratified,score_stratified_draw_1,1,0.0001,17,0,e_vil_test1000,t2i.median_rank,1.0
score_stratified_draw_1__lr_0.0001__seed_17__epoch_00,score_stratified,score_stratified_draw_1,1,0.0001,17,0,e_vil_test1000,mean_bidirectional_r1,0.7713
score_stratified_draw_1__lr_0.0001__seed_17__epoch_00,score_stratified,score_stratified_draw_1,1,0.0001,17,0,sugarcrepe,positive1_accuracy,0.8121421914525363
score_stratified_draw_1__lr_0.0001__seed_17__epoch_00,score_stratified,score_stratified_draw_1,1,0.0001,17,0,sugarcrepe,accuracy,0.8121421914525363
score_stratified_draw_1__lr_0.0001__seed_17__epoch_00,score_stratified,score_stratified_draw_1,1,0.0001,17,0,sugarcrepe_pp,positive1_accuracy,0.7946184570107211
score_stratified_draw_1__lr_0.0001__seed_17__epoch_00,score_stratified,score_stratified_draw_1,1,0.0001,17,0,sugarcrepe_pp,positive2_accuracy,0.7500525541307547
score_stratified_draw_1__lr_0.0001__seed_17__epoch_00,score_stratified,score_stratified_draw_1,1,0.0001,17,0,sugarcrepe_pp,both_accuracy,0.6895101955013664
score_stratified_draw_1__lr_0.0001__seed_17__epoch_00,score_stratified,score_stratified_draw_1,1,0.0001,17,0,sugarcrepe_pp,accuracy,0.6895101955013664
score_stratified_draw_1__lr_0.0001__seed_17__epoch_00,score_stratified,score_stratified_draw_1,1,0.0001,17,0,visual_entailment,accuracy,0.7947273164639607
score_stratified_draw_1__lr_0.0001__seed_17__epoch_01,score_stratified,score_stratified_draw_1,1,0.0001,17,1,e_vil_test1000,i2t.r1,0.786
score_stratified_draw_1__lr_0.0001__seed_17__epoch_01,score_stratified,score_stratified_draw_1,1,0.0001,17,1,e_vil_test1000,i2t.r5,0.95
score_stratified_draw_1__lr_0.0001__seed_17__epoch_01,score_stratified,score_stratified_draw_1,1,0.0001,17,1,e_vil_test1000,i2t.r10,0.973
score_stratified_draw_1__lr_0.0001__seed_17__epoch_01,score_stratified,score_stratified_draw_1,1,0.0001,17,1,e_vil_test1000,i2t.mean_rank,2.089
score_stratified_draw_1__lr_0.0001__seed_17__epoch_01,score_stratified,score_stratified_draw_1,1,0.0001,17,1,e_vil_test1000,i2t.median_rank,1.0
score_stratified_draw_1__lr_0.0001__seed_17__epoch_01,score_stratified,score_stratified_draw_1,1,0.0001,17,1,e_vil_test1000,t2i.r1,0.6994
score_stratified_draw_1__lr_0.0001__seed_17__epoch_01,score_stratified,score_stratified_draw_1,1,0.0001,17,1,e_vil_test1000,t2i.r5,0.906
score_stratified_draw_1__lr_0.0001__seed_17__epoch_01,score_stratified,score_stratified_draw_1,1,0.0001,17,1,e_vil_test1000,t2i.r10,0.9432
score_stratified_draw_1__lr_0.0001__seed_17__epoch_01,score_stratified,score_stratified_draw_1,1,0.0001,17,1,e_vil_test1000,t2i.mean_rank,4.297
score_stratified_draw_1__lr_0.0001__seed_17__epoch_01,score_stratified,score_stratified_draw_1,1,0.0001,17,1,e_vil_test1000,t2i.median_rank,1.0
score_stratified_draw_1__lr_0.0001__seed_17__epoch_01,score_stratified,score_stratified_draw_1,1,0.0001,17,1,e_vil_test1000,mean_bidirectional_r1,0.7427
score_stratified_draw_1__lr_0.0001__seed_17__epoch_01,score_stratified,score_stratified_draw_1,1,0.0001,17,1,sugarcrepe,positive1_accuracy,0.8475569165224338
score_stratified_draw_1__lr_0.0001__seed_17__epoch_01,score_stratified,score_stratified_draw_1,1,0.0001,17,1,sugarcrepe,accuracy,0.8475569165224338
score_stratified_draw_1__lr_0.0001__seed_17__epoch_01,score_stratified,score_stratified_draw_1,1,0.0001,17,1,sugarcrepe_pp,positive1_accuracy,0.8078620979608997
score_stratified_draw_1__lr_0.0001__seed_17__epoch_01,score_stratified,score_stratified_draw_1,1,0.0001,17,1,sugarcrepe_pp,positive2_accuracy,0.7567794828673534
score_stratified_draw_1__lr_0.0001__seed_17__epoch_01,score_stratified,score_stratified_draw_1,1,0.0001,17,1,sugarcrepe_pp,both_accuracy,0.697708639899096
score_stratified_draw_1__lr_0.0001__seed_17__epoch_01,score_stratified,score_stratified_draw_1,1,0.0001,17,1,sugarcrepe_pp,accuracy,0.697708639899096
score_stratified_draw_1__lr_0.0001__seed_17__epoch_01,score_stratified,score_stratified_draw_1,1,0.0001,17,1,visual_entailment,accuracy,0.8422910300441424
score_stratified_draw_1__lr_0.0001__seed_17__epoch_05,score_stratified,score_stratified_draw_1,1,0.0001,17,5,e_vil_test1000,i2t.r1,0.794
score_stratified_draw_1__lr_0.0001__seed_17__epoch_05,score_stratified,score_stratified_draw_1,1,0.0001,17,5,e_vil_test1000,i2t.r5,0.945
score_stratified_draw_1__lr_0.0001__seed_17__epoch_05,score_stratified,score_stratified_draw_1,1,0.0001,17,5,e_vil_test1000,i2t.r10,0.965
score_stratified_draw_1__lr_0.0001__seed_17__epoch_05,score_stratified,score_stratified_draw_1,1,0.0001,17,5,e_vil_test1000,i2t.mean_rank,2.163
score_stratified_draw_1__lr_0.0001__seed_17__epoch_05,score_stratified,score_stratified_draw_1,1,0.0001,17,5,e_vil_test1000,i2t.median_rank,1.0
score_stratified_draw_1__lr_0.0001__seed_17__epoch_05,score_stratified,score_stratified_draw_1,1,0.0001,17,5,e_vil_test1000,t2i.r1,0.6694
score_stratified_draw_1__lr_0.0001__seed_17__epoch_05,score_stratified,score_stratified_draw_1,1,0.0001,17,5,e_vil_test1000,t2i.r5,0.887
score_stratified_draw_1__lr_0.0001__seed_17__epoch_05,score_stratified,score_stratified_draw_1,1,0.0001,17,5,e_vil_test1000,t2i.r10,0.9322
score_stratified_draw_1__lr_0.0001__seed_17__epoch_05,score_stratified,score_stratified_draw_1,1,0.0001,17,5,e_vil_test1000,t2i.mean_rank,4.9882
score_stratified_draw_1__lr_0.0001__seed_17__epoch_05,score_stratified,score_stratified_draw_1,1,0.0001,17,5,e_vil_test1000,t2i.median_rank,1.0
score_stratified_draw_1__lr_0.0001__seed_17__epoch_05,score_stratified,score_stratified_draw_1,1,0.0001,17,5,e_vil_test1000,mean_bidirectional_r1,0.7317
score_stratified_draw_1__lr_0.0001__seed_17__epoch_05,score_stratified,score_stratified_draw_1,1,0.0001,17,5,sugarcrepe,positive1_accuracy,0.8373052855811477
score_stratified_draw_1__lr_0.0001__seed_17__epoch_05,score_stratified,score_stratified_draw_1,1,0.0001,17,5,sugarcrepe,accuracy,0.8373052855811477
score_stratified_draw_1__lr_0.0001__seed_17__epoch_05,score_stratified,score_stratified_draw_1,1,0.0001,17,5,sugarcrepe_pp,positive1_accuracy,0.8011351692243011
score_stratified_draw_1__lr_0.0001__seed_17__epoch_05,score_stratified,score_stratified_draw_1,1,0.0001,17,5,sugarcrepe_pp,positive2_accuracy,0.7216733235232289
score_stratified_draw_1__lr_0.0001__seed_17__epoch_05,score_stratified,score_stratified_draw_1,1,0.0001,17,5,sugarcrepe_pp,both_accuracy,0.6672272440613832
score_stratified_draw_1__lr_0.0001__seed_17__epoch_05,score_stratified,score_stratified_draw_1,1,0.0001,17,5,sugarcrepe_pp,accuracy,0.6672272440613832
score_stratified_draw_1__lr_0.0001__seed_17__epoch_05,score_stratified,score_stratified_draw_1,1,0.0001,17,5,visual_entailment,accuracy,0.8250613372695574
score_stratified_draw_1__lr_0.0001__seed_17__epoch_10,score_stratified,score_stratified_draw_1,1,0.0001,17,10,coco_karpathy,i2t.r1,0.503
score_stratified_draw_1__lr_0.0001__seed_17__epoch_10,score_stratified,score_stratified_draw_1,1,0.0001,17,10,coco_karpathy,i2t.r5,0.7468
score_stratified_draw_1__lr_0.0001__seed_17__epoch_10,score_stratified,score_stratified_draw_1,1,0.0001,17,10,coco_karpathy,i2t.r10,0.8314
score_stratified_draw_1__lr_0.0001__seed_17__epoch_10,score_stratified,score_stratified_draw_1,1,0.0001,17,10,coco_karpathy,i2t.mean_rank,9.5494
score_stratified_draw_1__lr_0.0001__seed_17__epoch_10,score_stratified,score_stratified_draw_1,1,0.0001,17,10,coco_karpathy,i2t.median_rank,1.0
score_stratified_draw_1__lr_0.0001__seed_17__epoch_10,score_stratified,score_stratified_draw_1,1,0.0001,17,10,coco_karpathy,t2i.r1,0.3574
score_stratified_draw_1__lr_0.0001__seed_17__epoch_10,score_stratified,score_stratified_draw_1,1,0.0001,17,10,coco_karpathy,t2i.r5,0.61784
score_stratified_draw_1__lr_0.0001__seed_17__epoch_10,score_stratified,score_stratified_draw_1,1,0.0001,17,10,coco_karpathy,t2i.r10,0.72292
score_stratified_draw_1__lr_0.0001__seed_17__epoch_10,score_stratified,score_stratified_draw_1,1,0.0001,17,10,coco_karpathy,t2i.mean_rank,20.68824
score_stratified_draw_1__lr_0.0001__seed_17__epoch_10,score_stratified,score_stratified_draw_1,1,0.0001,17,10,coco_karpathy,t2i.median_rank,3.0
score_stratified_draw_1__lr_0.0001__seed_17__epoch_10,score_stratified,score_stratified_draw_1,1,0.0001,17,10,coco_karpathy,mean_bidirectional_r1,0.4302
score_stratified_draw_1__lr_0.0001__seed_17__epoch_10,score_stratified,score_stratified_draw_1,1,0.0001,17,10,e_vil_test1000,i2t.r1,0.799
score_stratified_draw_1__lr_0.0001__seed_17__epoch_10,score_stratified,score_stratified_draw_1,1,0.0001,17,10,e_vil_test1000,i2t.r5,0.94
score_stratified_draw_1__lr_0.0001__seed_17__epoch_10,score_stratified,score_stratified_draw_1,1,0.0001,17,10,e_vil_test1000,i2t.r10,0.965
score_stratified_draw_1__lr_0.0001__seed_17__epoch_10,score_stratified,score_stratified_draw_1,1,0.0001,17,10,e_vil_test1000,i2t.mean_rank,2.127
score_stratified_draw_1__lr_0.0001__seed_17__epoch_10,score_stratified,score_stratified_draw_1,1,0.0001,17,10,e_vil_test1000,i2t.median_rank,1.0
score_stratified_draw_1__lr_0.0001__seed_17__epoch_10,score_stratified,score_stratified_draw_1,1,0.0001,17,10,e_vil_test1000,t2i.r1,0.6472
score_stratified_draw_1__lr_0.0001__seed_17__epoch_10,score_stratified,score_stratified_draw_1,1,0.0001,17,10,e_vil_test1000,t2i.r5,0.874
score_stratified_draw_1__lr_0.0001__seed_17__epoch_10,score_stratified,score_stratified_draw_1,1,0.0001,17,10,e_vil_test1000,t2i.r10,0.9222
score_stratified_draw_1__lr_0.0001__seed_17__epoch_10,score_stratified,score_stratified_draw_1,1,0.0001,17,10,e_vil_test1000,t2i.mean_rank,5.465
score_stratified_draw_1__lr_0.0001__seed_17__epoch_10,score_stratified,score_stratified_draw_1,1,0.0001,17,10,e_vil_test1000,t2i.median_rank,1.0
score_stratified_draw_1__lr_0.0001__seed_17__epoch_10,score_stratified,score_stratified_draw_1,1,0.0001,17,10,e_vil_test1000,mean_bidirectional_r1,0.7231000000000001
score_stratified_draw_1__lr_0.0001__seed_17__epoch_10,score_stratified,score_stratified_draw_1,1,0.0001,17,10,sugarcrepe,positive1_accuracy,0.8317134868859006
score_stratified_draw_1__lr_0.0001__seed_17__epoch_10,score_stratified,score_stratified_draw_1,1,0.0001,17,10,sugarcrepe,accuracy,0.8317134868859006
score_stratified_draw_1__lr_0.0001__seed_17__epoch_10,score_stratified,score_stratified_draw_1,1,0.0001,17,10,sugarcrepe_pp,positive1_accuracy,0.7963001891948707
score_stratified_draw_1__lr_0.0001__seed_17__epoch_10,score_stratified,score_stratified_draw_1,1,0.0001,17,10,sugarcrepe_pp,positive2_accuracy,0.7138953121715367
score_stratified_draw_1__lr_0.0001__seed_17__epoch_10,score_stratified,score_stratified_draw_1,1,0.0001,17,10,sugarcrepe_pp,both_accuracy,0.6583981500945975
score_stratified_draw_1__lr_0.0001__seed_17__epoch_10,score_stratified,score_stratified_draw_1,1,0.0001,17,10,sugarcrepe_pp,accuracy,0.6583981500945975
score_stratified_draw_1__lr_0.0001__seed_17__epoch_10,score_stratified,score_stratified_draw_1,1,0.0001,17,10,visual_entailment,accuracy,0.8070822593586421
score_stratified_draw_1__lr_0.0001__seed_29__epoch_00,score_stratified,score_stratified_draw_1,1,0.0001,29,0,coco_karpathy,i2t.r1,0.5632
score_stratified_draw_1__lr_0.0001__seed_29__epoch_00,score_stratified,score_stratified_draw_1,1,0.0001,29,0,coco_karpathy,i2t.r5,0.7982
score_stratified_draw_1__lr_0.0001__seed_29__epoch_00,score_stratified,score_stratified_draw_1,1,0.0001,29,0,coco_karpathy,i2t.r10,0.8712
score_stratified_draw_1__lr_0.0001__seed_29__epoch_00,score_stratified,score_stratified_draw_1,1,0.0001,29,0,coco_karpathy,i2t.mean_rank,6.9402
score_stratified_draw_1__lr_0.0001__seed_29__epoch_00,score_stratified,score_stratified_draw_1,1,0.0001,29,0,coco_karpathy,i2t.median_rank,1.0
score_stratified_draw_1__lr_0.0001__seed_29__epoch_00,score_stratified,score_stratified_draw_1,1,0.0001,29,0,coco_karpathy,t2i.r1,0.39348
score_stratified_draw_1__lr_0.0001__seed_29__epoch_00,score_stratified,score_stratified_draw_1,1,0.0001,29,0,coco_karpathy,t2i.r5,0.65404
score_stratified_draw_1__lr_0.0001__seed_29__epoch_00,score_stratified,score_stratified_draw_1,1,0.0001,29,0,coco_karpathy,t2i.r10,0.7562
score_stratified_draw_1__lr_0.0001__seed_29__epoch_00,score_stratified,score_stratified_draw_1,1,0.0001,29,0,coco_karpathy,t2i.mean_rank,17.9344
score_stratified_draw_1__lr_0.0001__seed_29__epoch_00,score_stratified,score_stratified_draw_1,1,0.0001,29,0,coco_karpathy,t2i.median_rank,2.0
score_stratified_draw_1__lr_0.0001__seed_29__epoch_00,score_stratified,score_stratified_draw_1,1,0.0001,29,0,coco_karpathy,mean_bidirectional_r1,0.47834
score_stratified_draw_1__lr_0.0001__seed_29__epoch_00,score_stratified,score_stratified_draw_1,1,0.0001,29,0,e_vil_test1000,i2t.r1,0.845
score_stratified_draw_1__lr_0.0001__seed_29__epoch_00,score_stratified,score_stratified_draw_1,1,0.0001,29,0,e_vil_test1000,i2t.r5,0.96
score_stratified_draw_1__lr_0.0001__seed_29__epoch_00,score_stratified,score_stratified_draw_1,1,0.0001,29,0,e_vil_test1000,i2t.r10,0.985
score_stratified_draw_1__lr_0.0001__seed_29__epoch_00,score_stratified,score_stratified_draw_1,1,0.0001,29,0,e_vil_test1000,i2t.mean_rank,1.743
score_stratified_draw_1__lr_0.0001__seed_29__epoch_00,score_stratified,score_stratified_draw_1,1,0.0001,29,0,e_vil_test1000,i2t.median_rank,1.0
score_stratified_draw_1__lr_0.0001__seed_29__epoch_00,score_stratified,score_stratified_draw_1,1,0.0001,29,0,e_vil_test1000,t2i.r1,0.6976
score_stratified_draw_1__lr_0.0001__seed_29__epoch_00,score_stratified,score_stratified_draw_1,1,0.0001,29,0,e_vil_test1000,t2i.r5,0.8968
score_stratified_draw_1__lr_0.0001__seed_29__epoch_00,score_stratified,score_stratified_draw_1,1,0.0001,29,0,e_vil_test1000,t2i.r10,0.9376
score_stratified_draw_1__lr_0.0001__seed_29__epoch_00,score_stratified,score_stratified_draw_1,1,0.0001,29,0,e_vil_test1000,t2i.mean_rank,4.6174
score_stratified_draw_1__lr_0.0001__seed_29__epoch_00,score_stratified,score_stratified_draw_1,1,0.0001,29,0,e_vil_test1000,t2i.median_rank,1.0
score_stratified_draw_1__lr_0.0001__seed_29__epoch_00,score_stratified,score_stratified_draw_1,1,0.0001,29,0,e_vil_test1000,mean_bidirectional_r1,0.7713
score_stratified_draw_1__lr_0.0001__seed_29__epoch_00,score_stratified,score_stratified_draw_1,1,0.0001,29,0,sugarcrepe,positive1_accuracy,0.8121421914525363
score_stratified_draw_1__lr_0.0001__seed_29__epoch_00,score_stratified,score_stratified_draw_1,1,0.0001,29,0,sugarcrepe,accuracy,0.8121421914525363
score_stratified_draw_1__lr_0.0001__seed_29__epoch_00,score_stratified,score_stratified_draw_1,1,0.0001,29,0,sugarcrepe_pp,positive1_accuracy,0.7946184570107211
score_stratified_draw_1__lr_0.0001__seed_29__epoch_00,score_stratified,score_stratified_draw_1,1,0.0001,29,0,sugarcrepe_pp,positive2_accuracy,0.7500525541307547
score_stratified_draw_1__lr_0.0001__seed_29__epoch_00,score_stratified,score_stratified_draw_1,1,0.0001,29,0,sugarcrepe_pp,both_accuracy,0.6895101955013664
score_stratified_draw_1__lr_0.0001__seed_29__epoch_00,score_stratified,score_stratified_draw_1,1,0.0001,29,0,sugarcrepe_pp,accuracy,0.6895101955013664
score_stratified_draw_1__lr_0.0001__seed_29__epoch_00,score_stratified,score_stratified_draw_1,1,0.0001,29,0,visual_entailment,accuracy,0.7947273164639607
score_stratified_draw_1__lr_0.0001__seed_29__epoch_01,score_stratified,score_stratified_draw_1,1,0.0001,29,1,e_vil_test1000,i2t.r1,0.798
score_stratified_draw_1__lr_0.0001__seed_29__epoch_01,score_stratified,score_stratified_draw_1,1,0.0001,29,1,e_vil_test1000,i2t.r5,0.952
score_stratified_draw_1__lr_0.0001__seed_29__epoch_01,score_stratified,score_stratified_draw_1,1,0.0001,29,1,e_vil_test1000,i2t.r10,0.975
score_stratified_draw_1__lr_0.0001__seed_29__epoch_01,score_stratified,score_stratified_draw_1,1,0.0001,29,1,e_vil_test1000,i2t.mean_rank,2.033
score_stratified_draw_1__lr_0.0001__seed_29__epoch_01,score_stratified,score_stratified_draw_1,1,0.0001,29,1,e_vil_test1000,i2t.median_rank,1.0
score_stratified_draw_1__lr_0.0001__seed_29__epoch_01,score_stratified,score_stratified_draw_1,1,0.0001,29,1,e_vil_test1000,t2i.r1,0.7018
score_stratified_draw_1__lr_0.0001__seed_29__epoch_01,score_stratified,score_stratified_draw_1,1,0.0001,29,1,e_vil_test1000,t2i.r5,0.9062
score_stratified_draw_1__lr_0.0001__seed_29__epoch_01,score_stratified,score_stratified_draw_1,1,0.0001,29,1,e_vil_test1000,t2i.r10,0.9458
score_stratified_draw_1__lr_0.0001__seed_29__epoch_01,score_stratified,score_stratified_draw_1,1,0.0001,29,1,e_vil_test1000,t2i.mean_rank,4.2738
score_stratified_draw_1__lr_0.0001__seed_29__epoch_01,score_stratified,score_stratified_draw_1,1,0.0001,29,1,e_vil_test1000,t2i.median_rank,1.0
score_stratified_draw_1__lr_0.0001__seed_29__epoch_01,score_stratified,score_stratified_draw_1,1,0.0001,29,1,e_vil_test1000,mean_bidirectional_r1,0.7499
score_stratified_draw_1__lr_0.0001__seed_29__epoch_01,score_stratified,score_stratified_draw_1,1,0.0001,29,1,sugarcrepe,positive1_accuracy,0.843962188789775
score_stratified_draw_1__lr_0.0001__seed_29__epoch_01,score_stratified,score_stratified_draw_1,1,0.0001,29,1,sugarcrepe,accuracy,0.843962188789775
score_stratified_draw_1__lr_0.0001__seed_29__epoch_01,score_stratified,score_stratified_draw_1,1,0.0001,29,1,sugarcrepe_pp,positive1_accuracy,0.8074416649148624
score_stratified_draw_1__lr_0.0001__seed_29__epoch_01,score_stratified,score_stratified_draw_1,1,0.0001,29,1,sugarcrepe_pp,positive2_accuracy,0.7565692663443346
score_stratified_draw_1__lr_0.0001__seed_29__epoch_01,score_stratified,score_stratified_draw_1,1,0.0001,29,1,sugarcrepe_pp,both_accuracy,0.6983392894681522
score_stratified_draw_1__lr_0.0001__seed_29__epoch_01,score_stratified,score_stratified_draw_1,1,0.0001,29,1,sugarcrepe_pp,accuracy,0.6983392894681522
score_stratified_draw_1__lr_0.0001__seed_29__epoch_01,score_stratified,score_stratified_draw_1,1,0.0001,29,1,visual_entailment,accuracy,0.8401197544926571
score_stratified_draw_1__lr_0.0001__seed_29__epoch_05,score_stratified,score_stratified_draw_1,1,0.0001,29,5,e_vil_test1000,i2t.r1,0.801
score_stratified_draw_1__lr_0.0001__seed_29__epoch_05,score_stratified,score_stratified_draw_1,1,0.0001,29,5,e_vil_test1000,i2t.r5,0.944
score_stratified_draw_1__lr_0.0001__seed_29__epoch_05,score_stratified,score_stratified_draw_1,1,0.0001,29,5,e_vil_test1000,i2t.r10,0.967
score_stratified_draw_1__lr_0.0001__seed_29__epoch_05,score_stratified,score_stratified_draw_1,1,0.0001,29,5,e_vil_test1000,i2t.mean_rank,2.154
score_stratified_draw_1__lr_0.0001__seed_29__epoch_05,score_stratified,score_stratified_draw_1,1,0.0001,29,5,e_vil_test1000,i2t.median_rank,1.0
score_stratified_draw_1__lr_0.0001__seed_29__epoch_05,score_stratified,score_stratified_draw_1,1,0.0001,29,5,e_vil_test1000,t2i.r1,0.672
score_stratified_draw_1__lr_0.0001__seed_29__epoch_05,score_stratified,score_stratified_draw_1,1,0.0001,29,5,e_vil_test1000,t2i.r5,0.8892
score_stratified_draw_1__lr_0.0001__seed_29__epoch_05,score_stratified,score_stratified_draw_1,1,0.0001,29,5,e_vil_test1000,t2i.r10,0.934
score_stratified_draw_1__lr_0.0001__seed_29__epoch_05,score_stratified,score_stratified_draw_1,1,0.0001,29,5,e_vil_test1000,t2i.mean_rank,4.8814
score_stratified_draw_1__lr_0.0001__seed_29__epoch_05,score_stratified,score_stratified_draw_1,1,0.0001,29,5,e_vil_test1000,t2i.median_rank,1.0
score_stratified_draw_1__lr_0.0001__seed_29__epoch_05,score_stratified,score_stratified_draw_1,1,0.0001,29,5,e_vil_test1000,mean_bidirectional_r1,0.7365
score_stratified_draw_1__lr_0.0001__seed_29__epoch_05,score_stratified,score_stratified_draw_1,1,0.0001,29,5,sugarcrepe,positive1_accuracy,0.8361070430035947
score_stratified_draw_1__lr_0.0001__seed_29__epoch_05,score_stratified,score_stratified_draw_1,1,0.0001,29,5,sugarcrepe,accuracy,0.8361070430035947
score_stratified_draw_1__lr_0.0001__seed_29__epoch_05,score_stratified,score_stratified_draw_1,1,0.0001,29,5,sugarcrepe_pp,positive1_accuracy,0.7998738700861888
score_stratified_draw_1__lr_0.0001__seed_29__epoch_05,score_stratified,score_stratified_draw_1,1,0.0001,29,5,sugarcrepe_pp,positive2_accuracy,0.7267185200756779
score_stratified_draw_1__lr_0.0001__seed_29__epoch_05,score_stratified,score_stratified_draw_1,1,0.0001,29,5,sugarcrepe_pp,both_accuracy,0.6701702753836452
score_stratified_draw_1__lr_0.0001__seed_29__epoch_05,score_stratified,score_stratified_draw_1,1,0.0001,29,5,sugarcrepe_pp,accuracy,0.6701702753836452
score_stratified_draw_1__lr_0.0001__seed_29__epoch_05,score_stratified,score_stratified_draw_1,1,0.0001,29,5,visual_entailment,accuracy,0.8244855915649347
score_stratified_draw_1__lr_0.0001__seed_29__epoch_10,score_stratified,score_stratified_draw_1,1,0.0001,29,10,coco_karpathy,i2t.r1,0.5014
score_stratified_draw_1__lr_0.0001__seed_29__epoch_10,score_stratified,score_stratified_draw_1,1,0.0001,29,10,coco_karpathy,i2t.r5,0.7482
score_stratified_draw_1__lr_0.0001__seed_29__epoch_10,score_stratified,score_stratified_draw_1,1,0.0001,29,10,coco_karpathy,i2t.r10,0.8332
score_stratified_draw_1__lr_0.0001__seed_29__epoch_10,score_stratified,score_stratified_draw_1,1,0.0001,29,10,coco_karpathy,i2t.mean_rank,9.2686
score_stratified_draw_1__lr_0.0001__seed_29__epoch_10,score_stratified,score_stratified_draw_1,1,0.0001,29,10,coco_karpathy,i2t.median_rank,1.0
score_stratified_draw_1__lr_0.0001__seed_29__epoch_10,score_stratified,score_stratified_draw_1,1,0.0001,29,10,coco_karpathy,t2i.r1,0.35744
score_stratified_draw_1__lr_0.0001__seed_29__epoch_10,score_stratified,score_stratified_draw_1,1,0.0001,29,10,coco_karpathy,t2i.r5,0.61868
score_stratified_draw_1__lr_0.0001__seed_29__epoch_10,score_stratified,score_stratified_draw_1,1,0.0001,29,10,coco_karpathy,t2i.r10,0.72296
score_stratified_draw_1__lr_0.0001__seed_29__epoch_10,score_stratified,score_stratified_draw_1,1,0.0001,29,10,coco_karpathy,t2i.mean_rank,20.66616
score_stratified_draw_1__lr_0.0001__seed_29__epoch_10,score_stratified,score_stratified_draw_1,1,0.0001,29,10,coco_karpathy,t2i.median_rank,3.0
score_stratified_draw_1__lr_0.0001__seed_29__epoch_10,score_stratified,score_stratified_draw_1,1,0.0001,29,10,coco_karpathy,mean_bidirectional_r1,0.42941999999999997
score_stratified_draw_1__lr_0.0001__seed_29__epoch_10,score_stratified,score_stratified_draw_1,1,0.0001,29,10,e_vil_test1000,i2t.r1,0.795
score_stratified_draw_1__lr_0.0001__seed_29__epoch_10,score_stratified,score_stratified_draw_1,1,0.0001,29,10,e_vil_test1000,i2t.r5,0.941
score_stratified_draw_1__lr_0.0001__seed_29__epoch_10,score_stratified,score_stratified_draw_1,1,0.0001,29,10,e_vil_test1000,i2t.r10,0.97
score_stratified_draw_1__lr_0.0001__seed_29__epoch_10,score_stratified,score_stratified_draw_1,1,0.0001,29,10,e_vil_test1000,i2t.mean_rank,2.171
score_stratified_draw_1__lr_0.0001__seed_29__epoch_10,score_stratified,score_stratified_draw_1,1,0.0001,29,10,e_vil_test1000,i2t.median_rank,1.0
score_stratified_draw_1__lr_0.0001__seed_29__epoch_10,score_stratified,score_stratified_draw_1,1,0.0001,29,10,e_vil_test1000,t2i.r1,0.6478
score_stratified_draw_1__lr_0.0001__seed_29__epoch_10,score_stratified,score_stratified_draw_1,1,0.0001,29,10,e_vil_test1000,t2i.r5,0.8762
score_stratified_draw_1__lr_0.0001__seed_29__epoch_10,score_stratified,score_stratified_draw_1,1,0.0001,29,10,e_vil_test1000,t2i.r10,0.9252
score_stratified_draw_1__lr_0.0001__seed_29__epoch_10,score_stratified,score_stratified_draw_1,1,0.0001,29,10,e_vil_test1000,t2i.mean_rank,5.5188
score_stratified_draw_1__lr_0.0001__seed_29__epoch_10,score_stratified,score_stratified_draw_1,1,0.0001,29,10,e_vil_test1000,t2i.median_rank,1.0
score_stratified_draw_1__lr_0.0001__seed_29__epoch_10,score_stratified,score_stratified_draw_1,1,0.0001,29,10,e_vil_test1000,mean_bidirectional_r1,0.7214
score_stratified_draw_1__lr_0.0001__seed_29__epoch_10,score_stratified,score_stratified_draw_1,1,0.0001,29,10,sugarcrepe,positive1_accuracy,0.8306483823725203
score_stratified_draw_1__lr_0.0001__seed_29__epoch_10,score_stratified,score_stratified_draw_1,1,0.0001,29,10,sugarcrepe,accuracy,0.8306483823725203
score_stratified_draw_1__lr_0.0001__seed_29__epoch_10,score_stratified,score_stratified_draw_1,1,0.0001,29,10,sugarcrepe_pp,positive1_accuracy,0.79966365356317
score_stratified_draw_1__lr_0.0001__seed_29__epoch_10,score_stratified,score_stratified_draw_1,1,0.0001,29,10,sugarcrepe_pp,positive2_accuracy,0.7212528904771915
score_stratified_draw_1__lr_0.0001__seed_29__epoch_10,score_stratified,score_stratified_draw_1,1,0.0001,29,10,sugarcrepe_pp,both_accuracy,0.6647046457851588
score_stratified_draw_1__lr_0.0001__seed_29__epoch_10,score_stratified,score_stratified_draw_1,1,0.0001,29,10,sugarcrepe_pp,accuracy,0.6647046457851588
score_stratified_draw_1__lr_0.0001__seed_29__epoch_10,score_stratified,score_stratified_draw_1,1,0.0001,29,10,visual_entailment,accuracy,0.8100400180951367
score_stratified_draw_1__lr_0.0001__seed_43__epoch_00,score_stratified,score_stratified_draw_1,1,0.0001,43,0,coco_karpathy,i2t.r1,0.5632
score_stratified_draw_1__lr_0.0001__seed_43__epoch_00,score_stratified,score_stratified_draw_1,1,0.0001,43,0,coco_karpathy,i2t.r5,0.7982
score_stratified_draw_1__lr_0.0001__seed_43__epoch_00,score_stratified,score_stratified_draw_1,1,0.0001,43,0,coco_karpathy,i2t.r10,0.8712
score_stratified_draw_1__lr_0.0001__seed_43__epoch_00,score_stratified,score_stratified_draw_1,1,0.0001,43,0,coco_karpathy,i2t.mean_rank,6.9402
score_stratified_draw_1__lr_0.0001__seed_43__epoch_00,score_stratified,score_stratified_draw_1,1,0.0001,43,0,coco_karpathy,i2t.median_rank,1.0
score_stratified_draw_1__lr_0.0001__seed_43__epoch_00,score_stratified,score_stratified_draw_1,1,0.0001,43,0,coco_karpathy,t2i.r1,0.39348
score_stratified_draw_1__lr_0.0001__seed_43__epoch_00,score_stratified,score_stratified_draw_1,1,0.0001,43,0,coco_karpathy,t2i.r5,0.65404
score_stratified_draw_1__lr_0.0001__seed_43__epoch_00,score_stratified,score_stratified_draw_1,1,0.0001,43,0,coco_karpathy,t2i.r10,0.7562
score_stratified_draw_1__lr_0.0001__seed_43__epoch_00,score_stratified,score_stratified_draw_1,1,0.0001,43,0,coco_karpathy,t2i.mean_rank,17.9344
score_stratified_draw_1__lr_0.0001__seed_43__epoch_00,score_stratified,score_stratified_draw_1,1,0.0001,43,0,coco_karpathy,t2i.median_rank,2.0
score_stratified_draw_1__lr_0.0001__seed_43__epoch_00,score_stratified,score_stratified_draw_1,1,0.0001,43,0,coco_karpathy,mean_bidirectional_r1,0.47834
score_stratified_draw_1__lr_0.0001__seed_43__epoch_00,score_stratified,score_stratified_draw_1,1,0.0001,43,0,e_vil_test1000,i2t.r1,0.845
score_stratified_draw_1__lr_0.0001__seed_43__epoch_00,score_stratified,score_stratified_draw_1,1,0.0001,43,0,e_vil_test1000,i2t.r5,0.96
score_stratified_draw_1__lr_0.0001__seed_43__epoch_00,score_stratified,score_stratified_draw_1,1,0.0001,43,0,e_vil_test1000,i2t.r10,0.985
score_stratified_draw_1__lr_0.0001__seed_43__epoch_00,score_stratified,score_stratified_draw_1,1,0.0001,43,0,e_vil_test1000,i2t.mean_rank,1.743
score_stratified_draw_1__lr_0.0001__seed_43__epoch_00,score_stratified,score_stratified_draw_1,1,0.0001,43,0,e_vil_test1000,i2t.median_rank,1.0
score_stratified_draw_1__lr_0.0001__seed_43__epoch_00,score_stratified,score_stratified_draw_1,1,0.0001,43,0,e_vil_test1000,t2i.r1,0.6976
score_stratified_draw_1__lr_0.0001__seed_43__epoch_00,score_stratified,score_stratified_draw_1,1,0.0001,43,0,e_vil_test1000,t2i.r5,0.8968
score_stratified_draw_1__lr_0.0001__seed_43__epoch_00,score_stratified,score_stratified_draw_1,1,0.0001,43,0,e_vil_test1000,t2i.r10,0.9376
score_stratified_draw_1__lr_0.0001__seed_43__epoch_00,score_stratified,score_stratified_draw_1,1,0.0001,43,0,e_vil_test1000,t2i.mean_rank,4.6174
score_stratified_draw_1__lr_0.0001__seed_43__epoch_00,score_stratified,score_stratified_draw_1,1,0.0001,43,0,e_vil_test1000,t2i.median_rank,1.0
score_stratified_draw_1__lr_0.0001__seed_43__epoch_00,score_stratified,score_stratified_draw_1,1,0.0001,43,0,e_vil_test1000,mean_bidirectional_r1,0.7713
score_stratified_draw_1__lr_0.0001__seed_43__epoch_00,score_stratified,score_stratified_draw_1,1,0.0001,43,0,sugarcrepe,positive1_accuracy,0.8121421914525363
score_stratified_draw_1__lr_0.0001__seed_43__epoch_00,score_stratified,score_stratified_draw_1,1,0.0001,43,0,sugarcrepe,accuracy,0.8121421914525363
score_stratified_draw_1__lr_0.0001__seed_43__epoch_00,score_stratified,score_stratified_draw_1,1,0.0001,43,0,sugarcrepe_pp,positive1_accuracy,0.7946184570107211
score_stratified_draw_1__lr_0.0001__seed_43__epoch_00,score_stratified,score_stratified_draw_1,1,0.0001,43,0,sugarcrepe_pp,positive2_accuracy,0.7500525541307547
score_stratified_draw_1__lr_0.0001__seed_43__epoch_00,score_stratified,score_stratified_draw_1,1,0.0001,43,0,sugarcrepe_pp,both_accuracy,0.6895101955013664
score_stratified_draw_1__lr_0.0001__seed_43__epoch_00,score_stratified,score_stratified_draw_1,1,0.0001,43,0,sugarcrepe_pp,accuracy,0.6895101955013664
score_stratified_draw_1__lr_0.0001__seed_43__epoch_00,score_stratified,score_stratified_draw_1,1,0.0001,43,0,visual_entailment,accuracy,0.7947273164639607
score_stratified_draw_1__lr_0.0001__seed_43__epoch_01,score_stratified,score_stratified_draw_1,1,0.0001,43,1,e_vil_test1000,i2t.r1,0.79
score_stratified_draw_1__lr_0.0001__seed_43__epoch_01,score_stratified,score_stratified_draw_1,1,0.0001,43,1,e_vil_test1000,i2t.r5,0.95
score_stratified_draw_1__lr_0.0001__seed_43__epoch_01,score_stratified,score_stratified_draw_1,1,0.0001,43,1,e_vil_test1000,i2t.r10,0.973
score_stratified_draw_1__lr_0.0001__seed_43__epoch_01,score_stratified,score_stratified_draw_1,1,0.0001,43,1,e_vil_test1000,i2t.mean_rank,2.09
score_stratified_draw_1__lr_0.0001__seed_43__epoch_01,score_stratified,score_stratified_draw_1,1,0.0001,43,1,e_vil_test1000,i2t.median_rank,1.0
score_stratified_draw_1__lr_0.0001__seed_43__epoch_01,score_stratified,score_stratified_draw_1,1,0.0001,43,1,e_vil_test1000,t2i.r1,0.6986
score_stratified_draw_1__lr_0.0001__seed_43__epoch_01,score_stratified,score_stratified_draw_1,1,0.0001,43,1,e_vil_test1000,t2i.r5,0.9046
score_stratified_draw_1__lr_0.0001__seed_43__epoch_01,score_stratified,score_stratified_draw_1,1,0.0001,43,1,e_vil_test1000,t2i.r10,0.9442
score_stratified_draw_1__lr_0.0001__seed_43__epoch_01,score_stratified,score_stratified_draw_1,1,0.0001,43,1,e_vil_test1000,t2i.mean_rank,4.2916
score_stratified_draw_1__lr_0.0001__seed_43__epoch_01,score_stratified,score_stratified_draw_1,1,0.0001,43,1,e_vil_test1000,t2i.median_rank,1.0
score_stratified_draw_1__lr_0.0001__seed_43__epoch_01,score_stratified,score_stratified_draw_1,1,0.0001,43,1,e_vil_test1000,mean_bidirectional_r1,0.7443
score_stratified_draw_1__lr_0.0001__seed_43__epoch_01,score_stratified,score_stratified_draw_1,1,0.0001,43,1,sugarcrepe,positive1_accuracy,0.8460923978165358
score_stratified_draw_1__lr_0.0001__seed_43__epoch_01,score_stratified,score_stratified_draw_1,1,0.0001,43,1,sugarcrepe,accuracy,0.8460923978165358
score_stratified_draw_1__lr_0.0001__seed_43__epoch_01,score_stratified,score_stratified_draw_1,1,0.0001,43,1,sugarcrepe_pp,positive1_accuracy,0.8097540466680682
score_stratified_draw_1__lr_0.0001__seed_43__epoch_01,score_stratified,score_stratified_draw_1,1,0.0001,43,1,sugarcrepe_pp,positive2_accuracy,0.7584612150515031
score_stratified_draw_1__lr_0.0001__seed_43__epoch_01,score_stratified,score_stratified_draw_1,1,0.0001,43,1,sugarcrepe_pp,both_accuracy,0.7004414546983393
score_stratified_draw_1__lr_0.0001__seed_43__epoch_01,score_stratified,score_stratified_draw_1,1,0.0001,43,1,sugarcrepe_pp,accuracy,0.7004414546983393
score_stratified_draw_1__lr_0.0001__seed_43__epoch_01,score_stratified,score_stratified_draw_1,1,0.0001,43,1,visual_entailment,accuracy,0.8417152199572954
score_stratified_draw_1__lr_0.0001__seed_43__epoch_05,score_stratified,score_stratified_draw_1,1,0.0001,43,5,e_vil_test1000,i2t.r1,0.8
score_stratified_draw_1__lr_0.0001__seed_43__epoch_05,score_stratified,score_stratified_draw_1,1,0.0001,43,5,e_vil_test1000,i2t.r5,0.948
score_stratified_draw_1__lr_0.0001__seed_43__epoch_05,score_stratified,score_stratified_draw_1,1,0.0001,43,5,e_vil_test1000,i2t.r10,0.968
score_stratified_draw_1__lr_0.0001__seed_43__epoch_05,score_stratified,score_stratified_draw_1,1,0.0001,43,5,e_vil_test1000,i2t.mean_rank,2.098
score_stratified_draw_1__lr_0.0001__seed_43__epoch_05,score_stratified,score_stratified_draw_1,1,0.0001,43,5,e_vil_test1000,i2t.median_rank,1.0
score_stratified_draw_1__lr_0.0001__seed_43__epoch_05,score_stratified,score_stratified_draw_1,1,0.0001,43,5,e_vil_test1000,t2i.r1,0.668
score_stratified_draw_1__lr_0.0001__seed_43__epoch_05,score_stratified,score_stratified_draw_1,1,0.0001,43,5,e_vil_test1000,t2i.r5,0.8904
score_stratified_draw_1__lr_0.0001__seed_43__epoch_05,score_stratified,score_stratified_draw_1,1,0.0001,43,5,e_vil_test1000,t2i.r10,0.9346
score_stratified_draw_1__lr_0.0001__seed_43__epoch_05,score_stratified,score_stratified_draw_1,1,0.0001,43,5,e_vil_test1000,t2i.mean_rank,4.9312
score_stratified_draw_1__lr_0.0001__seed_43__epoch_05,score_stratified,score_stratified_draw_1,1,0.0001,43,5,e_vil_test1000,t2i.median_rank,1.0
score_stratified_draw_1__lr_0.0001__seed_43__epoch_05,score_stratified,score_stratified_draw_1,1,0.0001,43,5,e_vil_test1000,mean_bidirectional_r1,0.734
score_stratified_draw_1__lr_0.0001__seed_43__epoch_05,score_stratified,score_stratified_draw_1,1,0.0001,43,5,sugarcrepe,positive1_accuracy,0.8390360804153908
score_stratified_draw_1__lr_0.0001__seed_43__epoch_05,score_stratified,score_stratified_draw_1,1,0.0001,43,5,sugarcrepe,accuracy,0.8390360804153908
score_stratified_draw_1__lr_0.0001__seed_43__epoch_05,score_stratified,score_stratified_draw_1,1,0.0001,43,5,sugarcrepe_pp,positive1_accuracy,0.8013453857473197
score_stratified_draw_1__lr_0.0001__seed_43__epoch_05,score_stratified,score_stratified_draw_1,1,0.0001,43,5,sugarcrepe_pp,positive2_accuracy,0.7258776539836032
score_stratified_draw_1__lr_0.0001__seed_43__epoch_05,score_stratified,score_stratified_draw_1,1,0.0001,43,5,sugarcrepe_pp,both_accuracy,0.6705907084296826
score_stratified_draw_1__lr_0.0001__seed_43__epoch_05,score_stratified,score_stratified_draw_1,1,0.0001,43,5,sugarcrepe_pp,accuracy,0.6705907084296826
score_stratified_draw_1__lr_0.0001__seed_43__epoch_05,score_stratified,score_stratified_draw_1,1,0.0001,43,5,visual_entailment,accuracy,0.8262643782296589
score_stratified_draw_1__lr_0.0001__seed_43__epoch_10,score_stratified,score_stratified_draw_1,1,0.0001,43,10,coco_karpathy,i2t.r1,0.498
score_stratified_draw_1__lr_0.0001__seed_43__epoch_10,score_stratified,score_stratified_draw_1,1,0.0001,43,10,coco_karpathy,i2t.r5,0.746
score_stratified_draw_1__lr_0.0001__seed_43__epoch_10,score_stratified,score_stratified_draw_1,1,0.0001,43,10,coco_karpathy,i2t.r10,0.8292
score_stratified_draw_1__lr_0.0001__seed_43__epoch_10,score_stratified,score_stratified_draw_1,1,0.0001,43,10,coco_karpathy,i2t.mean_rank,9.5764
score_stratified_draw_1__lr_0.0001__seed_43__epoch_10,score_stratified,score_stratified_draw_1,1,0.0001,43,10,coco_karpathy,i2t.median_rank,2.0
score_stratified_draw_1__lr_0.0001__seed_43__epoch_10,score_stratified,score_stratified_draw_1,1,0.0001,43,10,coco_karpathy,t2i.r1,0.35648
score_stratified_draw_1__lr_0.0001__seed_43__epoch_10,score_stratified,score_stratified_draw_1,1,0.0001,43,10,coco_karpathy,t2i.r5,0.6186
score_stratified_draw_1__lr_0.0001__seed_43__epoch_10,score_stratified,score_stratified_draw_1,1,0.0001,43,10,coco_karpathy,t2i.r10,0.72208
score_stratified_draw_1__lr_0.0001__seed_43__epoch_10,score_stratified,score_stratified_draw_1,1,0.0001,43,10,coco_karpathy,t2i.mean_rank,20.58044
score_stratified_draw_1__lr_0.0001__seed_43__epoch_10,score_stratified,score_stratified_draw_1,1,0.0001,43,10,coco_karpathy,t2i.median_rank,3.0
score_stratified_draw_1__lr_0.0001__seed_43__epoch_10,score_stratified,score_stratified_draw_1,1,0.0001,43,10,coco_karpathy,mean_bidirectional_r1,0.42724
score_stratified_draw_1__lr_0.0001__seed_43__epoch_10,score_stratified,score_stratified_draw_1,1,0.0001,43,10,e_vil_test1000,i2t.r1,0.801
score_stratified_draw_1__lr_0.0001__seed_43__epoch_10,score_stratified,score_stratified_draw_1,1,0.0001,43,10,e_vil_test1000,i2t.r5,0.94
score_stratified_draw_1__lr_0.0001__seed_43__epoch_10,score_stratified,score_stratified_draw_1,1,0.0001,43,10,e_vil_test1000,i2t.r10,0.966
score_stratified_draw_1__lr_0.0001__seed_43__epoch_10,score_stratified,score_stratified_draw_1,1,0.0001,43,10,e_vil_test1000,i2t.mean_rank,2.261
score_stratified_draw_1__lr_0.0001__seed_43__epoch_10,score_stratified,score_stratified_draw_1,1,0.0001,43,10,e_vil_test1000,i2t.median_rank,1.0
score_stratified_draw_1__lr_0.0001__seed_43__epoch_10,score_stratified,score_stratified_draw_1,1,0.0001,43,10,e_vil_test1000,t2i.r1,0.6446
score_stratified_draw_1__lr_0.0001__seed_43__epoch_10,score_stratified,score_stratified_draw_1,1,0.0001,43,10,e_vil_test1000,t2i.r5,0.8762
score_stratified_draw_1__lr_0.0001__seed_43__epoch_10,score_stratified,score_stratified_draw_1,1,0.0001,43,10,e_vil_test1000,t2i.r10,0.9246
score_stratified_draw_1__lr_0.0001__seed_43__epoch_10,score_stratified,score_stratified_draw_1,1,0.0001,43,10,e_vil_test1000,t2i.mean_rank,5.4678
score_stratified_draw_1__lr_0.0001__seed_43__epoch_10,score_stratified,score_stratified_draw_1,1,0.0001,43,10,e_vil_test1000,t2i.median_rank,1.0
score_stratified_draw_1__lr_0.0001__seed_43__epoch_10,score_stratified,score_stratified_draw_1,1,0.0001,43,10,e_vil_test1000,mean_bidirectional_r1,0.7228
score_stratified_draw_1__lr_0.0001__seed_43__epoch_10,score_stratified,score_stratified_draw_1,1,0.0001,43,10,sugarcrepe,positive1_accuracy,0.8353082146185594
score_stratified_draw_1__lr_0.0001__seed_43__epoch_10,score_stratified,score_stratified_draw_1,1,0.0001,43,10,sugarcrepe,accuracy,0.8353082146185594
score_stratified_draw_1__lr_0.0001__seed_43__epoch_10,score_stratified,score_stratified_draw_1,1,0.0001,43,10,sugarcrepe_pp,positive1_accuracy,0.79966365356317
score_stratified_draw_1__lr_0.0001__seed_43__epoch_10,score_stratified,score_stratified_draw_1,1,0.0001,43,10,sugarcrepe_pp,positive2_accuracy,0.7168383434937986
score_stratified_draw_1__lr_0.0001__seed_43__epoch_10,score_stratified,score_stratified_draw_1,1,0.0001,43,10,sugarcrepe_pp,both_accuracy,0.6607105318478033
score_stratified_draw_1__lr_0.0001__seed_43__epoch_10,score_stratified,score_stratified_draw_1,1,0.0001,43,10,sugarcrepe_pp,accuracy,0.6607105318478033
score_stratified_draw_1__lr_0.0001__seed_43__epoch_10,score_stratified,score_stratified_draw_1,1,0.0001,43,10,visual_entailment,accuracy,0.8049078375450754
score_stratified_draw_1__lr_0.0003__seed_17__epoch_01,score_stratified,score_stratified_draw_1,1,0.0003,17,1,e_vil_test1000,i2t.r1,0.774
score_stratified_draw_1__lr_0.0003__seed_17__epoch_01,score_stratified,score_stratified_draw_1,1,0.0003,17,1,e_vil_test1000,i2t.r5,0.947
score_stratified_draw_1__lr_0.0003__seed_17__epoch_01,score_stratified,score_stratified_draw_1,1,0.0003,17,1,e_vil_test1000,i2t.r10,0.965
score_stratified_draw_1__lr_0.0003__seed_17__epoch_01,score_stratified,score_stratified_draw_1,1,0.0003,17,1,e_vil_test1000,i2t.mean_rank,2.224
score_stratified_draw_1__lr_0.0003__seed_17__epoch_01,score_stratified,score_stratified_draw_1,1,0.0003,17,1,e_vil_test1000,i2t.median_rank,1.0
score_stratified_draw_1__lr_0.0003__seed_17__epoch_01,score_stratified,score_stratified_draw_1,1,0.0003,17,1,e_vil_test1000,t2i.r1,0.6628
score_stratified_draw_1__lr_0.0003__seed_17__epoch_01,score_stratified,score_stratified_draw_1,1,0.0003,17,1,e_vil_test1000,t2i.r5,0.8904
score_stratified_draw_1__lr_0.0003__seed_17__epoch_01,score_stratified,score_stratified_draw_1,1,0.0003,17,1,e_vil_test1000,t2i.r10,0.934
score_stratified_draw_1__lr_0.0003__seed_17__epoch_01,score_stratified,score_stratified_draw_1,1,0.0003,17,1,e_vil_test1000,t2i.mean_rank,4.9064
score_stratified_draw_1__lr_0.0003__seed_17__epoch_01,score_stratified,score_stratified_draw_1,1,0.0003,17,1,e_vil_test1000,t2i.median_rank,1.0
score_stratified_draw_1__lr_0.0003__seed_17__epoch_01,score_stratified,score_stratified_draw_1,1,0.0003,17,1,e_vil_test1000,mean_bidirectional_r1,0.7183999999999999
score_stratified_draw_1__lr_0.0003__seed_17__epoch_01,score_stratified,score_stratified_draw_1,1,0.0003,17,1,sugarcrepe,positive1_accuracy,0.8375715617094928
score_stratified_draw_1__lr_0.0003__seed_17__epoch_01,score_stratified,score_stratified_draw_1,1,0.0003,17,1,sugarcrepe,accuracy,0.8375715617094928
score_stratified_draw_1__lr_0.0003__seed_17__epoch_01,score_stratified,score_stratified_draw_1,1,0.0003,17,1,sugarcrepe_pp,positive1_accuracy,0.7956695396258145
score_stratified_draw_1__lr_0.0003__seed_17__epoch_01,score_stratified,score_stratified_draw_1,1,0.0003,17,1,sugarcrepe_pp,positive2_accuracy,0.7290309018288837
score_stratified_draw_1__lr_0.0003__seed_17__epoch_01,score_stratified,score_stratified_draw_1,1,0.0003,17,1,sugarcrepe_pp,both_accuracy,0.6743746058440193
score_stratified_draw_1__lr_0.0003__seed_17__epoch_01,score_stratified,score_stratified_draw_1,1,0.0003,17,1,sugarcrepe_pp,accuracy,0.6743746058440193
score_stratified_draw_1__lr_0.0003__seed_17__epoch_01,score_stratified,score_stratified_draw_1,1,0.0003,17,1,visual_entailment,accuracy,0.8313008354714083
score_stratified_draw_1__lr_0.0003__seed_17__epoch_05,score_stratified,score_stratified_draw_1,1,0.0003,17,5,e_vil_test1000,i2t.r1,0.785
score_stratified_draw_1__lr_0.0003__seed_17__epoch_05,score_stratified,score_stratified_draw_1,1,0.0003,17,5,e_vil_test1000,i2t.r5,0.933
score_stratified_draw_1__lr_0.0003__seed_17__epoch_05,score_stratified,score_stratified_draw_1,1,0.0003,17,5,e_vil_test1000,i2t.r10,0.966
score_stratified_draw_1__lr_0.0003__seed_17__epoch_05,score_stratified,score_stratified_draw_1,1,0.0003,17,5,e_vil_test1000,i2t.mean_rank,2.222
score_stratified_draw_1__lr_0.0003__seed_17__epoch_05,score_stratified,score_stratified_draw_1,1,0.0003,17,5,e_vil_test1000,i2t.median_rank,1.0
score_stratified_draw_1__lr_0.0003__seed_17__epoch_05,score_stratified,score_stratified_draw_1,1,0.0003,17,5,e_vil_test1000,t2i.r1,0.6116
score_stratified_draw_1__lr_0.0003__seed_17__epoch_05,score_stratified,score_stratified_draw_1,1,0.0003,17,5,e_vil_test1000,t2i.r5,0.8492
score_stratified_draw_1__lr_0.0003__seed_17__epoch_05,score_stratified,score_stratified_draw_1,1,0.0003,17,5,e_vil_test1000,t2i.r10,0.9082
score_stratified_draw_1__lr_0.0003__seed_17__epoch_05,score_stratified,score_stratified_draw_1,1,0.0003,17,5,e_vil_test1000,t2i.mean_rank,6.4344
score_stratified_draw_1__lr_0.0003__seed_17__epoch_05,score_stratified,score_stratified_draw_1,1,0.0003,17,5,e_vil_test1000,t2i.median_rank,1.0
score_stratified_draw_1__lr_0.0003__seed_17__epoch_05,score_stratified,score_stratified_draw_1,1,0.0003,17,5,e_vil_test1000,mean_bidirectional_r1,0.6983
score_stratified_draw_1__lr_0.0003__seed_17__epoch_05,score_stratified,score_stratified_draw_1,1,0.0003,17,5,sugarcrepe,positive1_accuracy,0.8217281320729597
score_stratified_draw_1__lr_0.0003__seed_17__epoch_05,score_stratified,score_stratified_draw_1,1,0.0003,17,5,sugarcrepe,accuracy,0.8217281320729597
score_stratified_draw_1__lr_0.0003__seed_17__epoch_05,score_stratified,score_stratified_draw_1,1,0.0003,17,5,sugarcrepe_pp,positive1_accuracy,0.7937775909186462
score_stratified_draw_1__lr_0.0003__seed_17__epoch_05,score_stratified,score_stratified_draw_1,1,0.0003,17,5,sugarcrepe_pp,positive2_accuracy,0.7134748791254992
score_stratified_draw_1__lr_0.0003__seed_17__epoch_05,score_stratified,score_stratified_draw_1,1,0.0003,17,5,sugarcrepe_pp,both_accuracy,0.6541938196342233
score_stratified_draw_1__lr_0.0003__seed_17__epoch_05,score_stratified,score_stratified_draw_1,1,0.0003,17,5,sugarcrepe_pp,accuracy,0.6541938196342233
score_stratified_draw_1__lr_0.0003__seed_17__epoch_05,score_stratified,score_stratified_draw_1,1,0.0003,17,5,visual_entailment,accuracy,0.7876798124835611
score_stratified_draw_1__lr_0.0003__seed_17__epoch_10,score_stratified,score_stratified_draw_1,1,0.0003,17,10,coco_karpathy,i2t.r1,0.4482
score_stratified_draw_1__lr_0.0003__seed_17__epoch_10,score_stratified,score_stratified_draw_1,1,0.0003,17,10,coco_karpathy,i2t.r5,0.6982
score_stratified_draw_1__lr_0.0003__seed_17__epoch_10,score_stratified,score_stratified_draw_1,1,0.0003,17,10,coco_karpathy,i2t.r10,0.7908
score_stratified_draw_1__lr_0.0003__seed_17__epoch_10,score_stratified,score_stratified_draw_1,1,0.0003,17,10,coco_karpathy,i2t.mean_rank,13.3828
score_stratified_draw_1__lr_0.0003__seed_17__epoch_10,score_stratified,score_stratified_draw_1,1,0.0003,17,10,coco_karpathy,i2t.median_rank,2.0
score_stratified_draw_1__lr_0.0003__seed_17__epoch_10,score_stratified,score_stratified_draw_1,1,0.0003,17,10,coco_karpathy,t2i.r1,0.31576
score_stratified_draw_1__lr_0.0003__seed_17__epoch_10,score_stratified,score_stratified_draw_1,1,0.0003,17,10,coco_karpathy,t2i.r5,0.56732
score_stratified_draw_1__lr_0.0003__seed_17__epoch_10,score_stratified,score_stratified_draw_1,1,0.0003,17,10,coco_karpathy,t2i.r10,0.6746
score_stratified_draw_1__lr_0.0003__seed_17__epoch_10,score_stratified,score_stratified_draw_1,1,0.0003,17,10,coco_karpathy,t2i.mean_rank,26.20124
score_stratified_draw_1__lr_0.0003__seed_17__epoch_10,score_stratified,score_stratified_draw_1,1,0.0003,17,10,coco_karpathy,t2i.median_rank,4.0
score_stratified_draw_1__lr_0.0003__seed_17__epoch_10,score_stratified,score_stratified_draw_1,1,0.0003,17,10,coco_karpathy,mean_bidirectional_r1,0.38198
score_stratified_draw_1__lr_0.0003__seed_17__epoch_10,score_stratified,score_stratified_draw_1,1,0.0003,17,10,e_vil_test1000,i2t.r1,0.736
score_stratified_draw_1__lr_0.0003__seed_17__epoch_10,score_stratified,score_stratified_draw_1,1,0.0003,17,10,e_vil_test1000,i2t.r5,0.915
score_stratified_draw_1__lr_0.0003__seed_17__epoch_10,score_stratified,score_stratified_draw_1,1,0.0003,17,10,e_vil_test1000,i2t.r10,0.955
score_stratified_draw_1__lr_0.0003__seed_17__epoch_10,score_stratified,score_stratified_draw_1,1,0.0003,17,10,e_vil_test1000,i2t.mean_rank,2.865
score_stratified_draw_1__lr_0.0003__seed_17__epoch_10,score_stratified,score_stratified_draw_1,1,0.0003,17,10,e_vil_test1000,i2t.median_rank,1.0
score_stratified_draw_1__lr_0.0003__seed_17__epoch_10,score_stratified,score_stratified_draw_1,1,0.0003,17,10,e_vil_test1000,t2i.r1,0.5772
score_stratified_draw_1__lr_0.0003__seed_17__epoch_10,score_stratified,score_stratified_draw_1,1,0.0003,17,10,e_vil_test1000,t2i.r5,0.8288
score_stratified_draw_1__lr_0.0003__seed_17__epoch_10,score_stratified,score_stratified_draw_1,1,0.0003,17,10,e_vil_test1000,t2i.r10,0.8942
score_stratified_draw_1__lr_0.0003__seed_17__epoch_10,score_stratified,score_stratified_draw_1,1,0.0003,17,10,e_vil_test1000,t2i.mean_rank,7.5324
score_stratified_draw_1__lr_0.0003__seed_17__epoch_10,score_stratified,score_stratified_draw_1,1,0.0003,17,10,e_vil_test1000,t2i.median_rank,1.0
score_stratified_draw_1__lr_0.0003__seed_17__epoch_10,score_stratified,score_stratified_draw_1,1,0.0003,17,10,e_vil_test1000,mean_bidirectional_r1,0.6566000000000001
score_stratified_draw_1__lr_0.0003__seed_17__epoch_10,score_stratified,score_stratified_draw_1,1,0.0003,17,10,sugarcrepe,positive1_accuracy,0.8270536546398616
score_stratified_draw_1__lr_0.0003__seed_17__epoch_10,score_stratified,score_stratified_draw_1,1,0.0003,17,10,sugarcrepe,accuracy,0.8270536546398616
score_stratified_draw_1__lr_0.0003__seed_17__epoch_10,score_stratified,score_stratified_draw_1,1,0.0003,17,10,sugarcrepe_pp,positive1_accuracy,0.7935673743956275
score_stratified_draw_1__lr_0.0003__seed_17__epoch_10,score_stratified,score_stratified_draw_1,1,0.0003,17,10,sugarcrepe_pp,positive2_accuracy,0.708639899096069
score_stratified_draw_1__lr_0.0003__seed_17__epoch_10,score_stratified,score_stratified_draw_1,1,0.0003,17,10,sugarcrepe_pp,both_accuracy,0.6554551187723355
score_stratified_draw_1__lr_0.0003__seed_17__epoch_10,score_stratified,score_stratified_draw_1,1,0.0003,17,10,sugarcrepe_pp,accuracy,0.6554551187723355
score_stratified_draw_1__lr_0.0003__seed_17__epoch_10,score_stratified,score_stratified_draw_1,1,0.0003,17,10,visual_entailment,accuracy,0.7850970839270606
score_stratified_draw_1__lr_0.0003__seed_29__epoch_01,score_stratified,score_stratified_draw_1,1,0.0003,29,1,e_vil_test1000,i2t.r1,0.779
score_stratified_draw_1__lr_0.0003__seed_29__epoch_01,score_stratified,score_stratified_draw_1,1,0.0003,29,1,e_vil_test1000,i2t.r5,0.943
score_stratified_draw_1__lr_0.0003__seed_29__epoch_01,score_stratified,score_stratified_draw_1,1,0.0003,29,1,e_vil_test1000,i2t.r10,0.966
score_stratified_draw_1__lr_0.0003__seed_29__epoch_01,score_stratified,score_stratified_draw_1,1,0.0003,29,1,e_vil_test1000,i2t.mean_rank,2.325
score_stratified_draw_1__lr_0.0003__seed_29__epoch_01,score_stratified,score_stratified_draw_1,1,0.0003,29,1,e_vil_test1000,i2t.median_rank,1.0
score_stratified_draw_1__lr_0.0003__seed_29__epoch_01,score_stratified,score_stratified_draw_1,1,0.0003,29,1,e_vil_test1000,t2i.r1,0.6712
score_stratified_draw_1__lr_0.0003__seed_29__epoch_01,score_stratified,score_stratified_draw_1,1,0.0003,29,1,e_vil_test1000,t2i.r5,0.8924
score_stratified_draw_1__lr_0.0003__seed_29__epoch_01,score_stratified,score_stratified_draw_1,1,0.0003,29,1,e_vil_test1000,t2i.r10,0.9378
score_stratified_draw_1__lr_0.0003__seed_29__epoch_01,score_stratified,score_stratified_draw_1,1,0.0003,29,1,e_vil_test1000,t2i.mean_rank,4.843
score_stratified_draw_1__lr_0.0003__seed_29__epoch_01,score_stratified,score_stratified_draw_1,1,0.0003,29,1,e_vil_test1000,t2i.median_rank,1.0
score_stratified_draw_1__lr_0.0003__seed_29__epoch_01,score_stratified,score_stratified_draw_1,1,0.0003,29,1,e_vil_test1000,mean_bidirectional_r1,0.7251000000000001
score_stratified_draw_1__lr_0.0003__seed_29__epoch_01,score_stratified,score_stratified_draw_1,1,0.0003,29,1,sugarcrepe,positive1_accuracy,0.8407668752496339
score_stratified_draw_1__lr_0.0003__seed_29__epoch_01,score_stratified,score_stratified_draw_1,1,0.0003,29,1,sugarcrepe,accuracy,0.8407668752496339
score_stratified_draw_1__lr_0.0003__seed_29__epoch_01,score_stratified,score_stratified_draw_1,1,0.0003,29,1,sugarcrepe_pp,positive1_accuracy,0.8002943031322262
score_stratified_draw_1__lr_0.0003__seed_29__epoch_01,score_stratified,score_stratified_draw_1,1,0.0003,29,1,sugarcrepe_pp,positive2_accuracy,0.7269287365986966
score_stratified_draw_1__lr_0.0003__seed_29__epoch_01,score_stratified,score_stratified_draw_1,1,0.0003,29,1,sugarcrepe_pp,both_accuracy,0.6752154719360942
score_stratified_draw_1__lr_0.0003__seed_29__epoch_01,score_stratified,score_stratified_draw_1,1,0.0003,29,1,sugarcrepe_pp,accuracy,0.6752154719360942
score_stratified_draw_1__lr_0.0003__seed_29__epoch_01,score_stratified,score_stratified_draw_1,1,0.0003,29,1,visual_entailment,accuracy,0.8368165809562004
score_stratified_draw_1__lr_0.0003__seed_29__epoch_05,score_stratified,score_stratified_draw_1,1,0.0003,29,5,e_vil_test1000,i2t.r1,0.786
score_stratified_draw_1__lr_0.0003__seed_29__epoch_05,score_stratified,score_stratified_draw_1,1,0.0003,29,5,e_vil_test1000,i2t.r5,0.935
score_stratified_draw_1__lr_0.0003__seed_29__epoch_05,score_stratified,score_stratified_draw_1,1,0.0003,29,5,e_vil_test1000,i2t.r10,0.965
score_stratified_draw_1__lr_0.0003__seed_29__epoch_05,score_stratified,score_stratified_draw_1,1,0.0003,29,5,e_vil_test1000,i2t.mean_rank,2.376
score_stratified_draw_1__lr_0.0003__seed_29__epoch_05,score_stratified,score_stratified_draw_1,1,0.0003,29,5,e_vil_test1000,i2t.median_rank,1.0
score_stratified_draw_1__lr_0.0003__seed_29__epoch_05,score_stratified,score_stratified_draw_1,1,0.0003,29,5,e_vil_test1000,t2i.r1,0.6238
score_stratified_draw_1__lr_0.0003__seed_29__epoch_05,score_stratified,score_stratified_draw_1,1,0.0003,29,5,e_vil_test1000,t2i.r5,0.8594
score_stratified_draw_1__lr_0.0003__seed_29__epoch_05,score_stratified,score_stratified_draw_1,1,0.0003,29,5,e_vil_test1000,t2i.r10,0.9144
score_stratified_draw_1__lr_0.0003__seed_29__epoch_05,score_stratified,score_stratified_draw_1,1,0.0003,29,5,e_vil_test1000,t2i.mean_rank,6.1804
score_stratified_draw_1__lr_0.0003__seed_29__epoch_05,score_stratified,score_stratified_draw_1,1,0.0003,29,5,e_vil_test1000,t2i.median_rank,1.0
score_stratified_draw_1__lr_0.0003__seed_29__epoch_05,score_stratified,score_stratified_draw_1,1,0.0003,29,5,e_vil_test1000,mean_bidirectional_r1,0.7049000000000001
score_stratified_draw_1__lr_0.0003__seed_29__epoch_05,score_stratified,score_stratified_draw_1,1,0.0003,29,5,sugarcrepe,positive1_accuracy,0.8279856210890694
score_stratified_draw_1__lr_0.0003__seed_29__epoch_05,score_stratified,score_stratified_draw_1,1,0.0003,29,5,sugarcrepe,accuracy,0.8279856210890694
score_stratified_draw_1__lr_0.0003__seed_29__epoch_05,score_stratified,score_stratified_draw_1,1,0.0003,29,5,sugarcrepe_pp,positive1_accuracy,0.7941980239646836
score_stratified_draw_1__lr_0.0003__seed_29__epoch_05,score_stratified,score_stratified_draw_1,1,0.0003,29,5,sugarcrepe_pp,positive2_accuracy,0.7176792095858735
score_stratified_draw_1__lr_0.0003__seed_29__epoch_05,score_stratified,score_stratified_draw_1,1,0.0003,29,5,sugarcrepe_pp,both_accuracy,0.6598696657557284
score_stratified_draw_1__lr_0.0003__seed_29__epoch_05,score_stratified,score_stratified_draw_1,1,0.0003,29,5,sugarcrepe_pp,accuracy,0.6598696657557284
score_stratified_draw_1__lr_0.0003__seed_29__epoch_05,score_stratified,score_stratified_draw_1,1,0.0003,29,5,visual_entailment,accuracy,0.7970391372753106
score_stratified_draw_1__lr_0.0003__seed_29__epoch_10,score_stratified,score_stratified_draw_1,1,0.0003,29,10,coco_karpathy,i2t.r1,0.4566
score_stratified_draw_1__lr_0.0003__seed_29__epoch_10,score_stratified,score_stratified_draw_1,1,0.0003,29,10,coco_karpathy,i2t.r5,0.7064
score_stratified_draw_1__lr_0.0003__seed_29__epoch_10,score_stratified,score_stratified_draw_1,1,0.0003,29,10,coco_karpathy,i2t.r10,0.7924
score_stratified_draw_1__lr_0.0003__seed_29__epoch_10,score_stratified,score_stratified_draw_1,1,0.0003,29,10,coco_karpathy,i2t.mean_rank,12.4784
score_stratified_draw_1__lr_0.0003__seed_29__epoch_10,score_stratified,score_stratified_draw_1,1,0.0003,29,10,coco_karpathy,i2t.median_rank,2.0
score_stratified_draw_1__lr_0.0003__seed_29__epoch_10,score_stratified,score_stratified_draw_1,1,0.0003,29,10,coco_karpathy,t2i.r1,0.31544
score_stratified_draw_1__lr_0.0003__seed_29__epoch_10,score_stratified,score_stratified_draw_1,1,0.0003,29,10,coco_karpathy,t2i.r5,0.56604
score_stratified_draw_1__lr_0.0003__seed_29__epoch_10,score_stratified,score_stratified_draw_1,1,0.0003,29,10,coco_karpathy,t2i.r10,0.67616
score_stratified_draw_1__lr_0.0003__seed_29__epoch_10,score_stratified,score_stratified_draw_1,1,0.0003,29,10,coco_karpathy,t2i.mean_rank,26.89792
score_stratified_draw_1__lr_0.0003__seed_29__epoch_10,score_stratified,score_stratified_draw_1,1,0.0003,29,10,coco_karpathy,t2i.median_rank,4.0
score_stratified_draw_1__lr_0.0003__seed_29__epoch_10,score_stratified,score_stratified_draw_1,1,0.0003,29,10,coco_karpathy,mean_bidirectional_r1,0.38602000000000003
score_stratified_draw_1__lr_0.0003__seed_29__epoch_10,score_stratified,score_stratified_draw_1,1,0.0003,29,10,e_vil_test1000,i2t.r1,0.753
score_stratified_draw_1__lr_0.0003__seed_29__epoch_10,score_stratified,score_stratified_draw_1,1,0.0003,29,10,e_vil_test1000,i2t.r5,0.922
score_stratified_draw_1__lr_0.0003__seed_29__epoch_10,score_stratified,score_stratified_draw_1,1,0.0003,29,10,e_vil_test1000,i2t.r10,0.955
score_stratified_draw_1__lr_0.0003__seed_29__epoch_10,score_stratified,score_stratified_draw_1,1,0.0003,29,10,e_vil_test1000,i2t.mean_rank,2.733
score_stratified_draw_1__lr_0.0003__seed_29__epoch_10,score_stratified,score_stratified_draw_1,1,0.0003,29,10,e_vil_test1000,i2t.median_rank,1.0
score_stratified_draw_1__lr_0.0003__seed_29__epoch_10,score_stratified,score_stratified_draw_1,1,0.0003,29,10,e_vil_test1000,t2i.r1,0.5718
score_stratified_draw_1__lr_0.0003__seed_29__epoch_10,score_stratified,score_stratified_draw_1,1,0.0003,29,10,e_vil_test1000,t2i.r5,0.826
score_stratified_draw_1__lr_0.0003__seed_29__epoch_10,score_stratified,score_stratified_draw_1,1,0.0003,29,10,e_vil_test1000,t2i.r10,0.89
score_stratified_draw_1__lr_0.0003__seed_29__epoch_10,score_stratified,score_stratified_draw_1,1,0.0003,29,10,e_vil_test1000,t2i.mean_rank,7.9578
score_stratified_draw_1__lr_0.0003__seed_29__epoch_10,score_stratified,score_stratified_draw_1,1,0.0003,29,10,e_vil_test1000,t2i.median_rank,1.0
score_stratified_draw_1__lr_0.0003__seed_29__epoch_10,score_stratified,score_stratified_draw_1,1,0.0003,29,10,e_vil_test1000,mean_bidirectional_r1,0.6624
score_stratified_draw_1__lr_0.0003__seed_29__epoch_10,score_stratified,score_stratified_draw_1,1,0.0003,29,10,sugarcrepe,positive1_accuracy,0.8201304753028891
score_stratified_draw_1__lr_0.0003__seed_29__epoch_10,score_stratified,score_stratified_draw_1,1,0.0003,29,10,sugarcrepe,accuracy,0.8201304753028891
score_stratified_draw_1__lr_0.0003__seed_29__epoch_10,score_stratified,score_stratified_draw_1,1,0.0003,29,10,sugarcrepe_pp,positive1_accuracy,0.7914652091654404
score_stratified_draw_1__lr_0.0003__seed_29__epoch_10,score_stratified,score_stratified_draw_1,1,0.0003,29,10,sugarcrepe_pp,positive2_accuracy,0.7067479503889006
score_stratified_draw_1__lr_0.0003__seed_29__epoch_10,score_stratified,score_stratified_draw_1,1,0.0003,29,10,sugarcrepe_pp,both_accuracy,0.6520916544040362
score_stratified_draw_1__lr_0.0003__seed_29__epoch_10,score_stratified,score_stratified_draw_1,1,0.0003,29,10,sugarcrepe_pp,accuracy,0.6520916544040362
score_stratified_draw_1__lr_0.0003__seed_29__epoch_10,score_stratified,score_stratified_draw_1,1,0.0003,29,10,visual_entailment,accuracy,0.7818424380395967
score_stratified_draw_1__lr_0.0003__seed_43__epoch_01,score_stratified,score_stratified_draw_1,1,0.0003,43,1,e_vil_test1000,i2t.r1,0.784
score_stratified_draw_1__lr_0.0003__seed_43__epoch_01,score_stratified,score_stratified_draw_1,1,0.0003,43,1,e_vil_test1000,i2t.r5,0.934
score_stratified_draw_1__lr_0.0003__seed_43__epoch_01,score_stratified,score_stratified_draw_1,1,0.0003,43,1,e_vil_test1000,i2t.r10,0.968
score_stratified_draw_1__lr_0.0003__seed_43__epoch_01,score_stratified,score_stratified_draw_1,1,0.0003,43,1,e_vil_test1000,i2t.mean_rank,2.364
score_stratified_draw_1__lr_0.0003__seed_43__epoch_01,score_stratified,score_stratified_draw_1,1,0.0003,43,1,e_vil_test1000,i2t.median_rank,1.0
score_stratified_draw_1__lr_0.0003__seed_43__epoch_01,score_stratified,score_stratified_draw_1,1,0.0003,43,1,e_vil_test1000,t2i.r1,0.6732
score_stratified_draw_1__lr_0.0003__seed_43__epoch_01,score_stratified,score_stratified_draw_1,1,0.0003,43,1,e_vil_test1000,t2i.r5,0.8956
score_stratified_draw_1__lr_0.0003__seed_43__epoch_01,score_stratified,score_stratified_draw_1,1,0.0003,43,1,e_vil_test1000,t2i.r10,0.9384
score_stratified_draw_1__lr_0.0003__seed_43__epoch_01,score_stratified,score_stratified_draw_1,1,0.0003,43,1,e_vil_test1000,t2i.mean_rank,4.7624
score_stratified_draw_1__lr_0.0003__seed_43__epoch_01,score_stratified,score_stratified_draw_1,1,0.0003,43,1,e_vil_test1000,t2i.median_rank,1.0
score_stratified_draw_1__lr_0.0003__seed_43__epoch_01,score_stratified,score_stratified_draw_1,1,0.0003,43,1,e_vil_test1000,mean_bidirectional_r1,0.7286
score_stratified_draw_1__lr_0.0003__seed_43__epoch_01,score_stratified,score_stratified_draw_1,1,0.0003,43,1,sugarcrepe,positive1_accuracy,0.8381041139661829
score_stratified_draw_1__lr_0.0003__seed_43__epoch_01,score_stratified,score_stratified_draw_1,1,0.0003,43,1,sugarcrepe,accuracy,0.8381041139661829
score_stratified_draw_1__lr_0.0003__seed_43__epoch_01,score_stratified,score_stratified_draw_1,1,0.0003,43,1,sugarcrepe_pp,positive1_accuracy,0.7941980239646836
score_stratified_draw_1__lr_0.0003__seed_43__epoch_01,score_stratified,score_stratified_draw_1,1,0.0003,43,1,sugarcrepe_pp,positive2_accuracy,0.7370191297035947
score_stratified_draw_1__lr_0.0003__seed_43__epoch_01,score_stratified,score_stratified_draw_1,1,0.0003,43,1,sugarcrepe_pp,both_accuracy,0.6764767710742065
score_stratified_draw_1__lr_0.0003__seed_43__epoch_01,score_stratified,score_stratified_draw_1,1,0.0003,43,1,sugarcrepe_pp,accuracy,0.6764767710742065
score_stratified_draw_1__lr_0.0003__seed_43__epoch_01,score_stratified,score_stratified_draw_1,1,0.0003,43,1,visual_entailment,accuracy,0.8372650045698403
score_stratified_draw_1__lr_0.0003__seed_43__epoch_05,score_stratified,score_stratified_draw_1,1,0.0003,43,5,e_vil_test1000,i2t.r1,0.796
score_stratified_draw_1__lr_0.0003__seed_43__epoch_05,score_stratified,score_stratified_draw_1,1,0.0003,43,5,e_vil_test1000,i2t.r5,0.933
score_stratified_draw_1__lr_0.0003__seed_43__epoch_05,score_stratified,score_stratified_draw_1,1,0.0003,43,5,e_vil_test1000,i2t.r10,0.965
score_stratified_draw_1__lr_0.0003__seed_43__epoch_05,score_stratified,score_stratified_draw_1,1,0.0003,43,5,e_vil_test1000,i2t.mean_rank,2.37
score_stratified_draw_1__lr_0.0003__seed_43__epoch_05,score_stratified,score_stratified_draw_1,1,0.0003,43,5,e_vil_test1000,i2t.median_rank,1.0
score_stratified_draw_1__lr_0.0003__seed_43__epoch_05,score_stratified,score_stratified_draw_1,1,0.0003,43,5,e_vil_test1000,t2i.r1,0.6222
score_stratified_draw_1__lr_0.0003__seed_43__epoch_05,score_stratified,score_stratified_draw_1,1,0.0003,43,5,e_vil_test1000,t2i.r5,0.8584
score_stratified_draw_1__lr_0.0003__seed_43__epoch_05,score_stratified,score_stratified_draw_1,1,0.0003,43,5,e_vil_test1000,t2i.r10,0.9136
score_stratified_draw_1__lr_0.0003__seed_43__epoch_05,score_stratified,score_stratified_draw_1,1,0.0003,43,5,e_vil_test1000,t2i.mean_rank,6.3206
score_stratified_draw_1__lr_0.0003__seed_43__epoch_05,score_stratified,score_stratified_draw_1,1,0.0003,43,5,e_vil_test1000,t2i.median_rank,1.0
score_stratified_draw_1__lr_0.0003__seed_43__epoch_05,score_stratified,score_stratified_draw_1,1,0.0003,43,5,e_vil_test1000,mean_bidirectional_r1,0.7091000000000001
score_stratified_draw_1__lr_0.0003__seed_43__epoch_05,score_stratified,score_stratified_draw_1,1,0.0003,43,5,sugarcrepe,positive1_accuracy,0.8278524830248968
score_stratified_draw_1__lr_0.0003__seed_43__epoch_05,score_stratified,score_stratified_draw_1,1,0.0003,43,5,sugarcrepe,accuracy,0.8278524830248968
score_stratified_draw_1__lr_0.0003__seed_43__epoch_05,score_stratified,score_stratified_draw_1,1,0.0003,43,5,sugarcrepe_pp,positive1_accuracy,0.7950388900567584
score_stratified_draw_1__lr_0.0003__seed_43__epoch_05,score_stratified,score_stratified_draw_1,1,0.0003,43,5,sugarcrepe_pp,positive2_accuracy,0.704225352112676
score_stratified_draw_1__lr_0.0003__seed_43__epoch_05,score_stratified,score_stratified_draw_1,1,0.0003,43,5,sugarcrepe_pp,both_accuracy,0.6504099222198865
score_stratified_draw_1__lr_0.0003__seed_43__epoch_05,score_stratified,score_stratified_draw_1,1,0.0003,43,5,sugarcrepe_pp,accuracy,0.6504099222198865
score_stratified_draw_1__lr_0.0003__seed_43__epoch_05,score_stratified,score_stratified_draw_1,1,0.0003,43,5,visual_entailment,accuracy,0.8000157395788052
score_stratified_draw_1__lr_0.0003__seed_43__epoch_10,score_stratified,score_stratified_draw_1,1,0.0003,43,10,coco_karpathy,i2t.r1,0.4562
score_stratified_draw_1__lr_0.0003__seed_43__epoch_10,score_stratified,score_stratified_draw_1,1,0.0003,43,10,coco_karpathy,i2t.r5,0.7066
score_stratified_draw_1__lr_0.0003__seed_43__epoch_10,score_stratified,score_stratified_draw_1,1,0.0003,43,10,coco_karpathy,i2t.r10,0.7986
score_stratified_draw_1__lr_0.0003__seed_43__epoch_10,score_stratified,score_stratified_draw_1,1,0.0003,43,10,coco_karpathy,i2t.mean_rank,12.51
score_stratified_draw_1__lr_0.0003__seed_43__epoch_10,score_stratified,score_stratified_draw_1,1,0.0003,43,10,coco_karpathy,i2t.median_rank,2.0
score_stratified_draw_1__lr_0.0003__seed_43__epoch_10,score_stratified,score_stratified_draw_1,1,0.0003,43,10,coco_karpathy,t2i.r1,0.31524
score_stratified_draw_1__lr_0.0003__seed_43__epoch_10,score_stratified,score_stratified_draw_1,1,0.0003,43,10,coco_karpathy,t2i.r5,0.56932
score_stratified_draw_1__lr_0.0003__seed_43__epoch_10,score_stratified,score_stratified_draw_1,1,0.0003,43,10,coco_karpathy,t2i.r10,0.67644
score_stratified_draw_1__lr_0.0003__seed_43__epoch_10,score_stratified,score_stratified_draw_1,1,0.0003,43,10,coco_karpathy,t2i.mean_rank,26.43976
score_stratified_draw_1__lr_0.0003__seed_43__epoch_10,score_stratified,score_stratified_draw_1,1,0.0003,43,10,coco_karpathy,t2i.median_rank,4.0
score_stratified_draw_1__lr_0.0003__seed_43__epoch_10,score_stratified,score_stratified_draw_1,1,0.0003,43,10,coco_karpathy,mean_bidirectional_r1,0.38572
score_stratified_draw_1__lr_0.0003__seed_43__epoch_10,score_stratified,score_stratified_draw_1,1,0.0003,43,10,e_vil_test1000,i2t.r1,0.738
score_stratified_draw_1__lr_0.0003__seed_43__epoch_10,score_stratified,score_stratified_draw_1,1,0.0003,43,10,e_vil_test1000,i2t.r5,0.917
score_stratified_draw_1__lr_0.0003__seed_43__epoch_10,score_stratified,score_stratified_draw_1,1,0.0003,43,10,e_vil_test1000,i2t.r10,0.952
score_stratified_draw_1__lr_0.0003__seed_43__epoch_10,score_stratified,score_stratified_draw_1,1,0.0003,43,10,e_vil_test1000,i2t.mean_rank,2.869
score_stratified_draw_1__lr_0.0003__seed_43__epoch_10,score_stratified,score_stratified_draw_1,1,0.0003,43,10,e_vil_test1000,i2t.median_rank,1.0
score_stratified_draw_1__lr_0.0003__seed_43__epoch_10,score_stratified,score_stratified_draw_1,1,0.0003,43,10,e_vil_test1000,t2i.r1,0.5858
score_stratified_draw_1__lr_0.0003__seed_43__epoch_10,score_stratified,score_stratified_draw_1,1,0.0003,43,10,e_vil_test1000,t2i.r5,0.8288
score_stratified_draw_1__lr_0.0003__seed_43__epoch_10,score_stratified,score_stratified_draw_1,1,0.0003,43,10,e_vil_test1000,t2i.r10,0.8924
score_stratified_draw_1__lr_0.0003__seed_43__epoch_10,score_stratified,score_stratified_draw_1,1,0.0003,43,10,e_vil_test1000,t2i.mean_rank,7.822
score_stratified_draw_1__lr_0.0003__seed_43__epoch_10,score_stratified,score_stratified_draw_1,1,0.0003,43,10,e_vil_test1000,t2i.median_rank,1.0
score_stratified_draw_1__lr_0.0003__seed_43__epoch_10,score_stratified,score_stratified_draw_1,1,0.0003,43,10,e_vil_test1000,mean_bidirectional_r1,0.6618999999999999
score_stratified_draw_1__lr_0.0003__seed_43__epoch_10,score_stratified,score_stratified_draw_1,1,0.0003,43,10,sugarcrepe,positive1_accuracy,0.8185328185328186
score_stratified_draw_1__lr_0.0003__seed_43__epoch_10,score_stratified,score_stratified_draw_1,1,0.0003,43,10,sugarcrepe,accuracy,0.8185328185328186
score_stratified_draw_1__lr_0.0003__seed_43__epoch_10,score_stratified,score_stratified_draw_1,1,0.0003,43,10,sugarcrepe_pp,positive1_accuracy,0.789573260458272
score_stratified_draw_1__lr_0.0003__seed_43__epoch_10,score_stratified,score_stratified_draw_1,1,0.0003,43,10,sugarcrepe_pp,positive2_accuracy,0.7092705486651251
score_stratified_draw_1__lr_0.0003__seed_43__epoch_10,score_stratified,score_stratified_draw_1,1,0.0003,43,10,sugarcrepe_pp,both_accuracy,0.6510405717889426
score_stratified_draw_1__lr_0.0003__seed_43__epoch_10,score_stratified,score_stratified_draw_1,1,0.0003,43,10,sugarcrepe_pp,accuracy,0.6510405717889426
score_stratified_draw_1__lr_0.0003__seed_43__epoch_10,score_stratified,score_stratified_draw_1,1,0.0003,43,10,visual_entailment,accuracy,0.7772660558784311
score_stratified_draw_1__lr_0.001__seed_17__epoch_01,score_stratified,score_stratified_draw_1,1,0.001,17,1,e_vil_test1000,i2t.r1,0.728
score_stratified_draw_1__lr_0.001__seed_17__epoch_01,score_stratified,score_stratified_draw_1,1,0.001,17,1,e_vil_test1000,i2t.r5,0.91
score_stratified_draw_1__lr_0.001__seed_17__epoch_01,score_stratified,score_stratified_draw_1,1,0.001,17,1,e_vil_test1000,i2t.r10,0.947
score_stratified_draw_1__lr_0.001__seed_17__epoch_01,score_stratified,score_stratified_draw_1,1,0.001,17,1,e_vil_test1000,i2t.mean_rank,3.498
score_stratified_draw_1__lr_0.001__seed_17__epoch_01,score_stratified,score_stratified_draw_1,1,0.001,17,1,e_vil_test1000,i2t.median_rank,1.0
score_stratified_draw_1__lr_0.001__seed_17__epoch_01,score_stratified,score_stratified_draw_1,1,0.001,17,1,e_vil_test1000,t2i.r1,0.4066
score_stratified_draw_1__lr_0.001__seed_17__epoch_01,score_stratified,score_stratified_draw_1,1,0.001,17,1,e_vil_test1000,t2i.r5,0.701
score_stratified_draw_1__lr_0.001__seed_17__epoch_01,score_stratified,score_stratified_draw_1,1,0.001,17,1,e_vil_test1000,t2i.r10,0.794
score_stratified_draw_1__lr_0.001__seed_17__epoch_01,score_stratified,score_stratified_draw_1,1,0.001,17,1,e_vil_test1000,t2i.mean_rank,14.5702
score_stratified_draw_1__lr_0.001__seed_17__epoch_01,score_stratified,score_stratified_draw_1,1,0.001,17,1,e_vil_test1000,t2i.median_rank,2.0
score_stratified_draw_1__lr_0.001__seed_17__epoch_01,score_stratified,score_stratified_draw_1,1,0.001,17,1,e_vil_test1000,mean_bidirectional_r1,0.5673
score_stratified_draw_1__lr_0.001__seed_17__epoch_01,score_stratified,score_stratified_draw_1,1,0.001,17,1,sugarcrepe,positive1_accuracy,0.8014911463187325
score_stratified_draw_1__lr_0.001__seed_17__epoch_01,score_stratified,score_stratified_draw_1,1,0.001,17,1,sugarcrepe,accuracy,0.8014911463187325
score_stratified_draw_1__lr_0.001__seed_17__epoch_01,score_stratified,score_stratified_draw_1,1,0.001,17,1,sugarcrepe_pp,positive1_accuracy,0.7841076308597856
score_stratified_draw_1__lr_0.001__seed_17__epoch_01,score_stratified,score_stratified_draw_1,1,0.001,17,1,sugarcrepe_pp,positive2_accuracy,0.7046457851587135
score_stratified_draw_1__lr_0.001__seed_17__epoch_01,score_stratified,score_stratified_draw_1,1,0.001,17,1,sugarcrepe_pp,both_accuracy,0.6483077569896993
score_stratified_draw_1__lr_0.001__seed_17__epoch_01,score_stratified,score_stratified_draw_1,1,0.001,17,1,sugarcrepe_pp,accuracy,0.6483077569896993
score_stratified_draw_1__lr_0.001__seed_17__epoch_01,score_stratified,score_stratified_draw_1,1,0.001,17,1,visual_entailment,accuracy,0.775990992236368
score_stratified_draw_1__lr_0.001__seed_17__epoch_05,score_stratified,score_stratified_draw_1,1,0.001,17,5,e_vil_test1000,i2t.r1,0.695
score_stratified_draw_1__lr_0.001__seed_17__epoch_05,score_stratified,score_stratified_draw_1,1,0.001,17,5,e_vil_test1000,i2t.r5,0.887
score_stratified_draw_1__lr_0.001__seed_17__epoch_05,score_stratified,score_stratified_draw_1,1,0.001,17,5,e_vil_test1000,i2t.r10,0.944
score_stratified_draw_1__lr_0.001__seed_17__epoch_05,score_stratified,score_stratified_draw_1,1,0.001,17,5,e_vil_test1000,i2t.mean_rank,4.21
score_stratified_draw_1__lr_0.001__seed_17__epoch_05,score_stratified,score_stratified_draw_1,1,0.001,17,5,e_vil_test1000,i2t.median_rank,1.0
score_stratified_draw_1__lr_0.001__seed_17__epoch_05,score_stratified,score_stratified_draw_1,1,0.001,17,5,e_vil_test1000,t2i.r1,0.4896
score_stratified_draw_1__lr_0.001__seed_17__epoch_05,score_stratified,score_stratified_draw_1,1,0.001,17,5,e_vil_test1000,t2i.r5,0.7698
score_stratified_draw_1__lr_0.001__seed_17__epoch_05,score_stratified,score_stratified_draw_1,1,0.001,17,5,e_vil_test1000,t2i.r10,0.8554
score_stratified_draw_1__lr_0.001__seed_17__epoch_05,score_stratified,score_stratified_draw_1,1,0.001,17,5,e_vil_test1000,t2i.mean_rank,9.141
score_stratified_draw_1__lr_0.001__seed_17__epoch_05,score_stratified,score_stratified_draw_1,1,0.001,17,5,e_vil_test1000,t2i.median_rank,2.0
score_stratified_draw_1__lr_0.001__seed_17__epoch_05,score_stratified,score_stratified_draw_1,1,0.001,17,5,e_vil_test1000,mean_bidirectional_r1,0.5922999999999999
score_stratified_draw_1__lr_0.001__seed_17__epoch_05,score_stratified,score_stratified_draw_1,1,0.001,17,5,sugarcrepe,positive1_accuracy,0.8065503927572893
score_stratified_draw_1__lr_0.001__seed_17__epoch_05,score_stratified,score_stratified_draw_1,1,0.001,17,5,sugarcrepe,accuracy,0.8065503927572893
score_stratified_draw_1__lr_0.001__seed_17__epoch_05,score_stratified,score_stratified_draw_1,1,0.001,17,5,sugarcrepe_pp,positive1_accuracy,0.7799033003994114
score_stratified_draw_1__lr_0.001__seed_17__epoch_05,score_stratified,score_stratified_draw_1,1,0.001,17,5,sugarcrepe_pp,positive2_accuracy,0.7109522808492748
score_stratified_draw_1__lr_0.001__seed_17__epoch_05,score_stratified,score_stratified_draw_1,1,0.001,17,5,sugarcrepe_pp,both_accuracy,0.6520916544040362
score_stratified_draw_1__lr_0.001__seed_17__epoch_05,score_stratified,score_stratified_draw_1,1,0.001,17,5,sugarcrepe_pp,accuracy,0.6520916544040362
score_stratified_draw_1__lr_0.001__seed_17__epoch_05,score_stratified,score_stratified_draw_1,1,0.001,17,5,visual_entailment,accuracy,0.7665378999844569
score_stratified_draw_1__lr_0.001__seed_17__epoch_10,score_stratified,score_stratified_draw_1,1,0.001,17,10,coco_karpathy,i2t.r1,0.368
score_stratified_draw_1__lr_0.001__seed_17__epoch_10,score_stratified,score_stratified_draw_1,1,0.001,17,10,coco_karpathy,i2t.r5,0.6242
score_stratified_draw_1__lr_0.001__seed_17__epoch_10,score_stratified,score_stratified_draw_1,1,0.001,17,10,coco_karpathy,i2t.r10,0.7208
score_stratified_draw_1__lr_0.001__seed_17__epoch_10,score_stratified,score_stratified_draw_1,1,0.001,17,10,coco_karpathy,i2t.mean_rank,21.4838
score_stratified_draw_1__lr_0.001__seed_17__epoch_10,score_stratified,score_stratified_draw_1,1,0.001,17,10,coco_karpathy,i2t.median_rank,3.0
score_stratified_draw_1__lr_0.001__seed_17__epoch_10,score_stratified,score_stratified_draw_1,1,0.001,17,10,coco_karpathy,t2i.r1,0.2346
score_stratified_draw_1__lr_0.001__seed_17__epoch_10,score_stratified,score_stratified_draw_1,1,0.001,17,10,coco_karpathy,t2i.r5,0.47332
score_stratified_draw_1__lr_0.001__seed_17__epoch_10,score_stratified,score_stratified_draw_1,1,0.001,17,10,coco_karpathy,t2i.r10,0.58964
score_stratified_draw_1__lr_0.001__seed_17__epoch_10,score_stratified,score_stratified_draw_1,1,0.001,17,10,coco_karpathy,t2i.mean_rank,40.54724
score_stratified_draw_1__lr_0.001__seed_17__epoch_10,score_stratified,score_stratified_draw_1,1,0.001,17,10,coco_karpathy,t2i.median_rank,6.0
score_stratified_draw_1__lr_0.001__seed_17__epoch_10,score_stratified,score_stratified_draw_1,1,0.001,17,10,coco_karpathy,mean_bidirectional_r1,0.3013
score_stratified_draw_1__lr_0.001__seed_17__epoch_10,score_stratified,score_stratified_draw_1,1,0.001,17,10,e_vil_test1000,i2t.r1,0.648
score_stratified_draw_1__lr_0.001__seed_17__epoch_10,score_stratified,score_stratified_draw_1,1,0.001,17,10,e_vil_test1000,i2t.r5,0.878
score_stratified_draw_1__lr_0.001__seed_17__epoch_10,score_stratified,score_stratified_draw_1,1,0.001,17,10,e_vil_test1000,i2t.r10,0.934
score_stratified_draw_1__lr_0.001__seed_17__epoch_10,score_stratified,score_stratified_draw_1,1,0.001,17,10,e_vil_test1000,i2t.mean_rank,4.463
score_stratified_draw_1__lr_0.001__seed_17__epoch_10,score_stratified,score_stratified_draw_1,1,0.001,17,10,e_vil_test1000,i2t.median_rank,1.0
score_stratified_draw_1__lr_0.001__seed_17__epoch_10,score_stratified,score_stratified_draw_1,1,0.001,17,10,e_vil_test1000,t2i.r1,0.4782
score_stratified_draw_1__lr_0.001__seed_17__epoch_10,score_stratified,score_stratified_draw_1,1,0.001,17,10,e_vil_test1000,t2i.r5,0.748
score_stratified_draw_1__lr_0.001__seed_17__epoch_10,score_stratified,score_stratified_draw_1,1,0.001,17,10,e_vil_test1000,t2i.r10,0.8342
score_stratified_draw_1__lr_0.001__seed_17__epoch_10,score_stratified,score_stratified_draw_1,1,0.001,17,10,e_vil_test1000,t2i.mean_rank,11.4446
score_stratified_draw_1__lr_0.001__seed_17__epoch_10,score_stratified,score_stratified_draw_1,1,0.001,17,10,e_vil_test1000,t2i.median_rank,2.0
score_stratified_draw_1__lr_0.001__seed_17__epoch_10,score_stratified,score_stratified_draw_1,1,0.001,17,10,e_vil_test1000,mean_bidirectional_r1,0.5631
score_stratified_draw_1__lr_0.001__seed_17__epoch_10,score_stratified,score_stratified_draw_1,1,0.001,17,10,sugarcrepe,positive1_accuracy,0.7909732392491013
score_stratified_draw_1__lr_0.001__seed_17__epoch_10,score_stratified,score_stratified_draw_1,1,0.001,17,10,sugarcrepe,accuracy,0.7909732392491013
score_stratified_draw_1__lr_0.001__seed_17__epoch_10,score_stratified,score_stratified_draw_1,1,0.001,17,10,sugarcrepe_pp,positive1_accuracy,0.7630859785579146
score_stratified_draw_1__lr_0.001__seed_17__epoch_10,score_stratified,score_stratified_draw_1,1,0.001,17,10,sugarcrepe_pp,positive2_accuracy,0.6869875972251419
score_stratified_draw_1__lr_0.001__seed_17__epoch_10,score_stratified,score_stratified_draw_1,1,0.001,17,10,sugarcrepe_pp,both_accuracy,0.6272861046878284
score_stratified_draw_1__lr_0.001__seed_17__epoch_10,score_stratified,score_stratified_draw_1,1,0.001,17,10,sugarcrepe_pp,accuracy,0.6272861046878284
score_stratified_draw_1__lr_0.001__seed_17__epoch_10,score_stratified,score_stratified_draw_1,1,0.001,17,10,visual_entailment,accuracy,0.764867683504127
score_stratified_draw_1__lr_0.001__seed_29__epoch_01,score_stratified,score_stratified_draw_1,1,0.001,29,1,e_vil_test1000,i2t.r1,0.678
score_stratified_draw_1__lr_0.001__seed_29__epoch_01,score_stratified,score_stratified_draw_1,1,0.001,29,1,e_vil_test1000,i2t.r5,0.905
score_stratified_draw_1__lr_0.001__seed_29__epoch_01,score_stratified,score_stratified_draw_1,1,0.001,29,1,e_vil_test1000,i2t.r10,0.95
score_stratified_draw_1__lr_0.001__seed_29__epoch_01,score_stratified,score_stratified_draw_1,1,0.001,29,1,e_vil_test1000,i2t.mean_rank,3.025
score_stratified_draw_1__lr_0.001__seed_29__epoch_01,score_stratified,score_stratified_draw_1,1,0.001,29,1,e_vil_test1000,i2t.median_rank,1.0
score_stratified_draw_1__lr_0.001__seed_29__epoch_01,score_stratified,score_stratified_draw_1,1,0.001,29,1,e_vil_test1000,t2i.r1,0.4658
score_stratified_draw_1__lr_0.001__seed_29__epoch_01,score_stratified,score_stratified_draw_1,1,0.001,29,1,e_vil_test1000,t2i.r5,0.7228
score_stratified_draw_1__lr_0.001__seed_29__epoch_01,score_stratified,score_stratified_draw_1,1,0.001,29,1,e_vil_test1000,t2i.r10,0.8056
score_stratified_draw_1__lr_0.001__seed_29__epoch_01,score_stratified,score_stratified_draw_1,1,0.001,29,1,e_vil_test1000,t2i.mean_rank,13.8088
score_stratified_draw_1__lr_0.001__seed_29__epoch_01,score_stratified,score_stratified_draw_1,1,0.001,29,1,e_vil_test1000,t2i.median_rank,2.0
score_stratified_draw_1__lr_0.001__seed_29__epoch_01,score_stratified,score_stratified_draw_1,1,0.001,29,1,e_vil_test1000,mean_bidirectional_r1,0.5719000000000001
score_stratified_draw_1__lr_0.001__seed_29__epoch_01,score_stratified,score_stratified_draw_1,1,0.001,29,1,sugarcrepe,positive1_accuracy,0.8060178405005991
score_stratified_draw_1__lr_0.001__seed_29__epoch_01,score_stratified,score_stratified_draw_1,1,0.001,29,1,sugarcrepe,accuracy,0.8060178405005991
score_stratified_draw_1__lr_0.001__seed_29__epoch_01,score_stratified,score_stratified_draw_1,1,0.001,29,1,sugarcrepe_pp,positive1_accuracy,0.7683413916333823
score_stratified_draw_1__lr_0.001__seed_29__epoch_01,score_stratified,score_stratified_draw_1,1,0.001,29,1,sugarcrepe_pp,positive2_accuracy,0.7027538364515451
score_stratified_draw_1__lr_0.001__seed_29__epoch_01,score_stratified,score_stratified_draw_1,1,0.001,29,1,sugarcrepe_pp,both_accuracy,0.636325415177633
score_stratified_draw_1__lr_0.001__seed_29__epoch_01,score_stratified,score_stratified_draw_1,1,0.001,29,1,sugarcrepe_pp,accuracy,0.636325415177633
score_stratified_draw_1__lr_0.001__seed_29__epoch_01,score_stratified,score_stratified_draw_1,1,0.001,29,1,visual_entailment,accuracy,0.7980348516148963
score_stratified_draw_1__lr_0.001__seed_29__epoch_05,score_stratified,score_stratified_draw_1,1,0.001,29,5,e_vil_test1000,i2t.r1,0.689
score_stratified_draw_1__lr_0.001__seed_29__epoch_05,score_stratified,score_stratified_draw_1,1,0.001,29,5,e_vil_test1000,i2t.r5,0.9
score_stratified_draw_1__lr_0.001__seed_29__epoch_05,score_stratified,score_stratified_draw_1,1,0.001,29,5,e_vil_test1000,i2t.r10,0.947
score_stratified_draw_1__lr_0.001__seed_29__epoch_05,score_stratified,score_stratified_draw_1,1,0.001,29,5,e_vil_test1000,i2t.mean_rank,3.677
score_stratified_draw_1__lr_0.001__seed_29__epoch_05,score_stratified,score_stratified_draw_1,1,0.001,29,5,e_vil_test1000,i2t.median_rank,1.0
score_stratified_draw_1__lr_0.001__seed_29__epoch_05,score_stratified,score_stratified_draw_1,1,0.001,29,5,e_vil_test1000,t2i.r1,0.5234
score_stratified_draw_1__lr_0.001__seed_29__epoch_05,score_stratified,score_stratified_draw_1,1,0.001,29,5,e_vil_test1000,t2i.r5,0.7906
score_stratified_draw_1__lr_0.001__seed_29__epoch_05,score_stratified,score_stratified_draw_1,1,0.001,29,5,e_vil_test1000,t2i.r10,0.868
score_stratified_draw_1__lr_0.001__seed_29__epoch_05,score_stratified,score_stratified_draw_1,1,0.001,29,5,e_vil_test1000,t2i.mean_rank,9.5548
score_stratified_draw_1__lr_0.001__seed_29__epoch_05,score_stratified,score_stratified_draw_1,1,0.001,29,5,e_vil_test1000,t2i.median_rank,1.0
score_stratified_draw_1__lr_0.001__seed_29__epoch_05,score_stratified,score_stratified_draw_1,1,0.001,29,5,e_vil_test1000,mean_bidirectional_r1,0.6062
score_stratified_draw_1__lr_0.001__seed_29__epoch_05,score_stratified,score_stratified_draw_1,1,0.001,29,5,sugarcrepe,positive1_accuracy,0.8070829450139795
score_stratified_draw_1__lr_0.001__seed_29__epoch_05,score_stratified,score_stratified_draw_1,1,0.001,29,5,sugarcrepe,accuracy,0.8070829450139795
score_stratified_draw_1__lr_0.001__seed_29__epoch_05,score_stratified,score_stratified_draw_1,1,0.001,29,5,sugarcrepe_pp,positive1_accuracy,0.7708639899096069
score_stratified_draw_1__lr_0.001__seed_29__epoch_05,score_stratified,score_stratified_draw_1,1,0.001,29,5,sugarcrepe_pp,positive2_accuracy,0.7159974774017238
score_stratified_draw_1__lr_0.001__seed_29__epoch_05,score_stratified,score_stratified_draw_1,1,0.001,29,5,sugarcrepe_pp,both_accuracy,0.6487281900357368
score_stratified_draw_1__lr_0.001__seed_29__epoch_05,score_stratified,score_stratified_draw_1,1,0.001,29,5,sugarcrepe_pp,accuracy,0.6487281900357368
score_stratified_draw_1__lr_0.001__seed_29__epoch_05,score_stratified,score_stratified_draw_1,1,0.001,29,5,visual_entailment,accuracy,0.7805712755204225
score_stratified_draw_1__lr_0.001__seed_29__epoch_10,score_stratified,score_stratified_draw_1,1,0.001,29,10,coco_karpathy,i2t.r1,0.383
score_stratified_draw_1__lr_0.001__seed_29__epoch_10,score_stratified,score_stratified_draw_1,1,0.001,29,10,coco_karpathy,i2t.r5,0.6346
score_stratified_draw_1__lr_0.001__seed_29__epoch_10,score_stratified,score_stratified_draw_1,1,0.001,29,10,coco_karpathy,i2t.r10,0.735
score_stratified_draw_1__lr_0.001__seed_29__epoch_10,score_stratified,score_stratified_draw_1,1,0.001,29,10,coco_karpathy,i2t.mean_rank,20.1142
score_stratified_draw_1__lr_0.001__seed_29__epoch_10,score_stratified,score_stratified_draw_1,1,0.001,29,10,coco_karpathy,i2t.median_rank,3.0
score_stratified_draw_1__lr_0.001__seed_29__epoch_10,score_stratified,score_stratified_draw_1,1,0.001,29,10,coco_karpathy,t2i.r1,0.23832
score_stratified_draw_1__lr_0.001__seed_29__epoch_10,score_stratified,score_stratified_draw_1,1,0.001,29,10,coco_karpathy,t2i.r5,0.47488
score_stratified_draw_1__lr_0.001__seed_29__epoch_10,score_stratified,score_stratified_draw_1,1,0.001,29,10,coco_karpathy,t2i.r10,0.59248
score_stratified_draw_1__lr_0.001__seed_29__epoch_10,score_stratified,score_stratified_draw_1,1,0.001,29,10,coco_karpathy,t2i.mean_rank,41.14088
score_stratified_draw_1__lr_0.001__seed_29__epoch_10,score_stratified,score_stratified_draw_1,1,0.001,29,10,coco_karpathy,t2i.median_rank,6.0
score_stratified_draw_1__lr_0.001__seed_29__epoch_10,score_stratified,score_stratified_draw_1,1,0.001,29,10,coco_karpathy,mean_bidirectional_r1,0.31066
score_stratified_draw_1__lr_0.001__seed_29__epoch_10,score_stratified,score_stratified_draw_1,1,0.001,29,10,e_vil_test1000,i2t.r1,0.667
score_stratified_draw_1__lr_0.001__seed_29__epoch_10,score_stratified,score_stratified_draw_1,1,0.001,29,10,e_vil_test1000,i2t.r5,0.874
score_stratified_draw_1__lr_0.001__seed_29__epoch_10,score_stratified,score_stratified_draw_1,1,0.001,29,10,e_vil_test1000,i2t.r10,0.94
score_stratified_draw_1__lr_0.001__seed_29__epoch_10,score_stratified,score_stratified_draw_1,1,0.001,29,10,e_vil_test1000,i2t.mean_rank,4.078
score_stratified_draw_1__lr_0.001__seed_29__epoch_10,score_stratified,score_stratified_draw_1,1,0.001,29,10,e_vil_test1000,i2t.median_rank,1.0
score_stratified_draw_1__lr_0.001__seed_29__epoch_10,score_stratified,score_stratified_draw_1,1,0.001,29,10,e_vil_test1000,t2i.r1,0.4952
score_stratified_draw_1__lr_0.001__seed_29__epoch_10,score_stratified,score_stratified_draw_1,1,0.001,29,10,e_vil_test1000,t2i.r5,0.7632
score_stratified_draw_1__lr_0.001__seed_29__epoch_10,score_stratified,score_stratified_draw_1,1,0.001,29,10,e_vil_test1000,t2i.r10,0.8494
score_stratified_draw_1__lr_0.001__seed_29__epoch_10,score_stratified,score_stratified_draw_1,1,0.001,29,10,e_vil_test1000,t2i.mean_rank,10.5036
score_stratified_draw_1__lr_0.001__seed_29__epoch_10,score_stratified,score_stratified_draw_1,1,0.001,29,10,e_vil_test1000,t2i.median_rank,2.0
score_stratified_draw_1__lr_0.001__seed_29__epoch_10,score_stratified,score_stratified_draw_1,1,0.001,29,10,e_vil_test1000,mean_bidirectional_r1,0.5811
score_stratified_draw_1__lr_0.001__seed_29__epoch_10,score_stratified,score_stratified_draw_1,1,0.001,29,10,sugarcrepe,positive1_accuracy,0.7954999334309679
score_stratified_draw_1__lr_0.001__seed_29__epoch_10,score_stratified,score_stratified_draw_1,1,0.001,29,10,sugarcrepe,accuracy,0.7954999334309679
score_stratified_draw_1__lr_0.001__seed_29__epoch_10,score_stratified,score_stratified_draw_1,1,0.001,29,10,sugarcrepe_pp,positive1_accuracy,0.7706537733865881
score_stratified_draw_1__lr_0.001__seed_29__epoch_10,score_stratified,score_stratified_draw_1,1,0.001,29,10,sugarcrepe_pp,positive2_accuracy,0.6781585032583561
score_stratified_draw_1__lr_0.001__seed_29__epoch_10,score_stratified,score_stratified_draw_1,1,0.001,29,10,sugarcrepe_pp,both_accuracy,0.6237124237965104
score_stratified_draw_1__lr_0.001__seed_29__epoch_10,score_stratified,score_stratified_draw_1,1,0.001,29,10,sugarcrepe_pp,accuracy,0.6237124237965104
score_stratified_draw_1__lr_0.001__seed_29__epoch_10,score_stratified,score_stratified_draw_1,1,0.001,29,10,visual_entailment,accuracy,0.7583897972131257
score_stratified_draw_1__lr_0.001__seed_43__epoch_01,score_stratified,score_stratified_draw_1,1,0.001,43,1,e_vil_test1000,i2t.r1,0.72
score_stratified_draw_1__lr_0.001__seed_43__epoch_01,score_stratified,score_stratified_draw_1,1,0.001,43,1,e_vil_test1000,i2t.r5,0.904
score_stratified_draw_1__lr_0.001__seed_43__epoch_01,score_stratified,score_stratified_draw_1,1,0.001,43,1,e_vil_test1000,i2t.r10,0.945
score_stratified_draw_1__lr_0.001__seed_43__epoch_01,score_stratified,score_stratified_draw_1,1,0.001,43,1,e_vil_test1000,i2t.mean_rank,3.889
score_stratified_draw_1__lr_0.001__seed_43__epoch_01,score_stratified,score_stratified_draw_1,1,0.001,43,1,e_vil_test1000,i2t.median_rank,1.0
score_stratified_draw_1__lr_0.001__seed_43__epoch_01,score_stratified,score_stratified_draw_1,1,0.001,43,1,e_vil_test1000,t2i.r1,0.4496
score_stratified_draw_1__lr_0.001__seed_43__epoch_01,score_stratified,score_stratified_draw_1,1,0.001,43,1,e_vil_test1000,t2i.r5,0.7084
score_stratified_draw_1__lr_0.001__seed_43__epoch_01,score_stratified,score_stratified_draw_1,1,0.001,43,1,e_vil_test1000,t2i.r10,0.7978
score_stratified_draw_1__lr_0.001__seed_43__epoch_01,score_stratified,score_stratified_draw_1,1,0.001,43,1,e_vil_test1000,t2i.mean_rank,14.1974
score_stratified_draw_1__lr_0.001__seed_43__epoch_01,score_stratified,score_stratified_draw_1,1,0.001,43,1,e_vil_test1000,t2i.median_rank,2.0
score_stratified_draw_1__lr_0.001__seed_43__epoch_01,score_stratified,score_stratified_draw_1,1,0.001,43,1,e_vil_test1000,mean_bidirectional_r1,0.5848
score_stratified_draw_1__lr_0.001__seed_43__epoch_01,score_stratified,score_stratified_draw_1,1,0.001,43,1,sugarcrepe,positive1_accuracy,0.8120090533883637
score_stratified_draw_1__lr_0.001__seed_43__epoch_01,score_stratified,score_stratified_draw_1,1,0.001,43,1,sugarcrepe,accuracy,0.8120090533883637
score_stratified_draw_1__lr_0.001__seed_43__epoch_01,score_stratified,score_stratified_draw_1,1,0.001,43,1,sugarcrepe_pp,positive1_accuracy,0.7752785368929997
score_stratified_draw_1__lr_0.001__seed_43__epoch_01,score_stratified,score_stratified_draw_1,1,0.001,43,1,sugarcrepe_pp,positive2_accuracy,0.7183098591549296
score_stratified_draw_1__lr_0.001__seed_43__epoch_01,score_stratified,score_stratified_draw_1,1,0.001,43,1,sugarcrepe_pp,both_accuracy,0.6525120874500736
score_stratified_draw_1__lr_0.001__seed_43__epoch_01,score_stratified,score_stratified_draw_1,1,0.001,43,1,sugarcrepe_pp,accuracy,0.6525120874500736
score_stratified_draw_1__lr_0.001__seed_43__epoch_01,score_stratified,score_stratified_draw_1,1,0.001,43,1,visual_entailment,accuracy,0.7955277411583207
score_stratified_draw_1__lr_0.001__seed_43__epoch_05,score_stratified,score_stratified_draw_1,1,0.001,43,5,e_vil_test1000,i2t.r1,0.717
score_stratified_draw_1__lr_0.001__seed_43__epoch_05,score_stratified,score_stratified_draw_1,1,0.001,43,5,e_vil_test1000,i2t.r5,0.901
score_stratified_draw_1__lr_0.001__seed_43__epoch_05,score_stratified,score_stratified_draw_1,1,0.001,43,5,e_vil_test1000,i2t.r10,0.948
score_stratified_draw_1__lr_0.001__seed_43__epoch_05,score_stratified,score_stratified_draw_1,1,0.001,43,5,e_vil_test1000,i2t.mean_rank,3.616
score_stratified_draw_1__lr_0.001__seed_43__epoch_05,score_stratified,score_stratified_draw_1,1,0.001,43,5,e_vil_test1000,i2t.median_rank,1.0
score_stratified_draw_1__lr_0.001__seed_43__epoch_05,score_stratified,score_stratified_draw_1,1,0.001,43,5,e_vil_test1000,t2i.r1,0.5094
score_stratified_draw_1__lr_0.001__seed_43__epoch_05,score_stratified,score_stratified_draw_1,1,0.001,43,5,e_vil_test1000,t2i.r5,0.78
score_stratified_draw_1__lr_0.001__seed_43__epoch_05,score_stratified,score_stratified_draw_1,1,0.001,43,5,e_vil_test1000,t2i.r10,0.86
score_stratified_draw_1__lr_0.001__seed_43__epoch_05,score_stratified,score_stratified_draw_1,1,0.001,43,5,e_vil_test1000,t2i.mean_rank,9.3782
score_stratified_draw_1__lr_0.001__seed_43__epoch_05,score_stratified,score_stratified_draw_1,1,0.001,43,5,e_vil_test1000,t2i.median_rank,1.0
score_stratified_draw_1__lr_0.001__seed_43__epoch_05,score_stratified,score_stratified_draw_1,1,0.001,43,5,e_vil_test1000,mean_bidirectional_r1,0.6132
score_stratified_draw_1__lr_0.001__seed_43__epoch_05,score_stratified,score_stratified_draw_1,1,0.001,43,5,sugarcrepe,positive1_accuracy,0.7978964185860737
score_stratified_draw_1__lr_0.001__seed_43__epoch_05,score_stratified,score_stratified_draw_1,1,0.001,43,5,sugarcrepe,accuracy,0.7978964185860737
score_stratified_draw_1__lr_0.001__seed_43__epoch_05,score_stratified,score_stratified_draw_1,1,0.001,43,5,sugarcrepe_pp,positive1_accuracy,0.7750683203699811
score_stratified_draw_1__lr_0.001__seed_43__epoch_05,score_stratified,score_stratified_draw_1,1,0.001,43,5,sugarcrepe_pp,positive2_accuracy,0.7111624973722934
score_stratified_draw_1__lr_0.001__seed_43__epoch_05,score_stratified,score_stratified_draw_1,1,0.001,43,5,sugarcrepe_pp,both_accuracy,0.6504099222198865
score_stratified_draw_1__lr_0.001__seed_43__epoch_05,score_stratified,score_stratified_draw_1,1,0.001,43,5,sugarcrepe_pp,accuracy,0.6504099222198865
score_stratified_draw_1__lr_0.001__seed_43__epoch_05,score_stratified,score_stratified_draw_1,1,0.001,43,5,visual_entailment,accuracy,0.7643928428565349
score_stratified_draw_1__lr_0.001__seed_43__epoch_10,score_stratified,score_stratified_draw_1,1,0.001,43,10,coco_karpathy,i2t.r1,0.37
score_stratified_draw_1__lr_0.001__seed_43__epoch_10,score_stratified,score_stratified_draw_1,1,0.001,43,10,coco_karpathy,i2t.r5,0.6232
score_stratified_draw_1__lr_0.001__seed_43__epoch_10,score_stratified,score_stratified_draw_1,1,0.001,43,10,coco_karpathy,i2t.r10,0.7288
score_stratified_draw_1__lr_0.001__seed_43__epoch_10,score_stratified,score_stratified_draw_1,1,0.001,43,10,coco_karpathy,i2t.mean_rank,20.6016
score_stratified_draw_1__lr_0.001__seed_43__epoch_10,score_stratified,score_stratified_draw_1,1,0.001,43,10,coco_karpathy,i2t.median_rank,3.0
score_stratified_draw_1__lr_0.001__seed_43__epoch_10,score_stratified,score_stratified_draw_1,1,0.001,43,10,coco_karpathy,t2i.r1,0.24164
score_stratified_draw_1__lr_0.001__seed_43__epoch_10,score_stratified,score_stratified_draw_1,1,0.001,43,10,coco_karpathy,t2i.r5,0.47516
score_stratified_draw_1__lr_0.001__seed_43__epoch_10,score_stratified,score_stratified_draw_1,1,0.001,43,10,coco_karpathy,t2i.r10,0.5934
score_stratified_draw_1__lr_0.001__seed_43__epoch_10,score_stratified,score_stratified_draw_1,1,0.001,43,10,coco_karpathy,t2i.mean_rank,40.59712
score_stratified_draw_1__lr_0.001__seed_43__epoch_10,score_stratified,score_stratified_draw_1,1,0.001,43,10,coco_karpathy,t2i.median_rank,6.0
score_stratified_draw_1__lr_0.001__seed_43__epoch_10,score_stratified,score_stratified_draw_1,1,0.001,43,10,coco_karpathy,mean_bidirectional_r1,0.30582
score_stratified_draw_1__lr_0.001__seed_43__epoch_10,score_stratified,score_stratified_draw_1,1,0.001,43,10,e_vil_test1000,i2t.r1,0.652
score_stratified_draw_1__lr_0.001__seed_43__epoch_10,score_stratified,score_stratified_draw_1,1,0.001,43,10,e_vil_test1000,i2t.r5,0.875
score_stratified_draw_1__lr_0.001__seed_43__epoch_10,score_stratified,score_stratified_draw_1,1,0.001,43,10,e_vil_test1000,i2t.r10,0.923
score_stratified_draw_1__lr_0.001__seed_43__epoch_10,score_stratified,score_stratified_draw_1,1,0.001,43,10,e_vil_test1000,i2t.mean_rank,4.967
score_stratified_draw_1__lr_0.001__seed_43__epoch_10,score_stratified,score_stratified_draw_1,1,0.001,43,10,e_vil_test1000,i2t.median_rank,1.0
score_stratified_draw_1__lr_0.001__seed_43__epoch_10,score_stratified,score_stratified_draw_1,1,0.001,43,10,e_vil_test1000,t2i.r1,0.484
score_stratified_draw_1__lr_0.001__seed_43__epoch_10,score_stratified,score_stratified_draw_1,1,0.001,43,10,e_vil_test1000,t2i.r5,0.7496
score_stratified_draw_1__lr_0.001__seed_43__epoch_10,score_stratified,score_stratified_draw_1,1,0.001,43,10,e_vil_test1000,t2i.r10,0.8344
score_stratified_draw_1__lr_0.001__seed_43__epoch_10,score_stratified,score_stratified_draw_1,1,0.001,43,10,e_vil_test1000,t2i.mean_rank,11.2538
score_stratified_draw_1__lr_0.001__seed_43__epoch_10,score_stratified,score_stratified_draw_1,1,0.001,43,10,e_vil_test1000,t2i.median_rank,2.0
score_stratified_draw_1__lr_0.001__seed_43__epoch_10,score_stratified,score_stratified_draw_1,1,0.001,43,10,e_vil_test1000,mean_bidirectional_r1,0.5680000000000001
score_stratified_draw_1__lr_0.001__seed_43__epoch_10,score_stratified,score_stratified_draw_1,1,0.001,43,10,sugarcrepe,positive1_accuracy,0.7956330714951405
score_stratified_draw_1__lr_0.001__seed_43__epoch_10,score_stratified,score_stratified_draw_1,1,0.001,43,10,sugarcrepe,accuracy,0.7956330714951405
score_stratified_draw_1__lr_0.001__seed_43__epoch_10,score_stratified,score_stratified_draw_1,1,0.001,43,10,sugarcrepe_pp,positive1_accuracy,0.7672903090182889
score_stratified_draw_1__lr_0.001__seed_43__epoch_10,score_stratified,score_stratified_draw_1,1,0.001,43,10,sugarcrepe_pp,positive2_accuracy,0.6886693294092916
score_stratified_draw_1__lr_0.001__seed_43__epoch_10,score_stratified,score_stratified_draw_1,1,0.001,43,10,sugarcrepe_pp,both_accuracy,0.629808702964053
score_stratified_draw_1__lr_0.001__seed_43__epoch_10,score_stratified,score_stratified_draw_1,1,0.001,43,10,sugarcrepe_pp,accuracy,0.629808702964053
score_stratified_draw_1__lr_0.001__seed_43__epoch_10,score_stratified,score_stratified_draw_1,1,0.001,43,10,visual_entailment,accuracy,0.7665023219025207
score_stratified_draw_2__lr_0.0001__seed_17__epoch_00,score_stratified,score_stratified_draw_2,2,0.0001,17,0,coco_karpathy,i2t.r1,0.5632
score_stratified_draw_2__lr_0.0001__seed_17__epoch_00,score_stratified,score_stratified_draw_2,2,0.0001,17,0,coco_karpathy,i2t.r5,0.7982
score_stratified_draw_2__lr_0.0001__seed_17__epoch_00,score_stratified,score_stratified_draw_2,2,0.0001,17,0,coco_karpathy,i2t.r10,0.8712
score_stratified_draw_2__lr_0.0001__seed_17__epoch_00,score_stratified,score_stratified_draw_2,2,0.0001,17,0,coco_karpathy,i2t.mean_rank,6.9402
score_stratified_draw_2__lr_0.0001__seed_17__epoch_00,score_stratified,score_stratified_draw_2,2,0.0001,17,0,coco_karpathy,i2t.median_rank,1.0
score_stratified_draw_2__lr_0.0001__seed_17__epoch_00,score_stratified,score_stratified_draw_2,2,0.0001,17,0,coco_karpathy,t2i.r1,0.39348
score_stratified_draw_2__lr_0.0001__seed_17__epoch_00,score_stratified,score_stratified_draw_2,2,0.0001,17,0,coco_karpathy,t2i.r5,0.65404
score_stratified_draw_2__lr_0.0001__seed_17__epoch_00,score_stratified,score_stratified_draw_2,2,0.0001,17,0,coco_karpathy,t2i.r10,0.7562
score_stratified_draw_2__lr_0.0001__seed_17__epoch_00,score_stratified,score_stratified_draw_2,2,0.0001,17,0,coco_karpathy,t2i.mean_rank,17.9344
score_stratified_draw_2__lr_0.0001__seed_17__epoch_00,score_stratified,score_stratified_draw_2,2,0.0001,17,0,coco_karpathy,t2i.median_rank,2.0
score_stratified_draw_2__lr_0.0001__seed_17__epoch_00,score_stratified,score_stratified_draw_2,2,0.0001,17,0,coco_karpathy,mean_bidirectional_r1,0.47834
score_stratified_draw_2__lr_0.0001__seed_17__epoch_00,score_stratified,score_stratified_draw_2,2,0.0001,17,0,e_vil_test1000,i2t.r1,0.845
score_stratified_draw_2__lr_0.0001__seed_17__epoch_00,score_stratified,score_stratified_draw_2,2,0.0001,17,0,e_vil_test1000,i2t.r5,0.96
score_stratified_draw_2__lr_0.0001__seed_17__epoch_00,score_stratified,score_stratified_draw_2,2,0.0001,17,0,e_vil_test1000,i2t.r10,0.985
score_stratified_draw_2__lr_0.0001__seed_17__epoch_00,score_stratified,score_stratified_draw_2,2,0.0001,17,0,e_vil_test1000,i2t.mean_rank,1.743
score_stratified_draw_2__lr_0.0001__seed_17__epoch_00,score_stratified,score_stratified_draw_2,2,0.0001,17,0,e_vil_test1000,i2t.median_rank,1.0
score_stratified_draw_2__lr_0.0001__seed_17__epoch_00,score_stratified,score_stratified_draw_2,2,0.0001,17,0,e_vil_test1000,t2i.r1,0.6976
score_stratified_draw_2__lr_0.0001__seed_17__epoch_00,score_stratified,score_stratified_draw_2,2,0.0001,17,0,e_vil_test1000,t2i.r5,0.8968
score_stratified_draw_2__lr_0.0001__seed_17__epoch_00,score_stratified,score_stratified_draw_2,2,0.0001,17,0,e_vil_test1000,t2i.r10,0.9376
score_stratified_draw_2__lr_0.0001__seed_17__epoch_00,score_stratified,score_stratified_draw_2,2,0.0001,17,0,e_vil_test1000,t2i.mean_rank,4.6174
score_stratified_draw_2__lr_0.0001__seed_17__epoch_00,score_stratified,score_stratified_draw_2,2,0.0001,17,0,e_vil_test1000,t2i.median_rank,1.0
score_stratified_draw_2__lr_0.0001__seed_17__epoch_00,score_stratified,score_stratified_draw_2,2,0.0001,17,0,e_vil_test1000,mean_bidirectional_r1,0.7713
score_stratified_draw_2__lr_0.0001__seed_17__epoch_00,score_stratified,score_stratified_draw_2,2,0.0001,17,0,sugarcrepe,positive1_accuracy,0.8121421914525363
score_stratified_draw_2__lr_0.0001__seed_17__epoch_00,score_stratified,score_stratified_draw_2,2,0.0001,17,0,sugarcrepe,accuracy,0.8121421914525363
score_stratified_draw_2__lr_0.0001__seed_17__epoch_00,score_stratified,score_stratified_draw_2,2,0.0001,17,0,sugarcrepe_pp,positive1_accuracy,0.7946184570107211
score_stratified_draw_2__lr_0.0001__seed_17__epoch_00,score_stratified,score_stratified_draw_2,2,0.0001,17,0,sugarcrepe_pp,positive2_accuracy,0.7500525541307547
score_stratified_draw_2__lr_0.0001__seed_17__epoch_00,score_stratified,score_stratified_draw_2,2,0.0001,17,0,sugarcrepe_pp,both_accuracy,0.6895101955013664
score_stratified_draw_2__lr_0.0001__seed_17__epoch_00,score_stratified,score_stratified_draw_2,2,0.0001,17,0,sugarcrepe_pp,accuracy,0.6895101955013664
score_stratified_draw_2__lr_0.0001__seed_17__epoch_00,score_stratified,score_stratified_draw_2,2,0.0001,17,0,visual_entailment,accuracy,0.7947273164639607
score_stratified_draw_2__lr_0.0001__seed_17__epoch_01,score_stratified,score_stratified_draw_2,2,0.0001,17,1,e_vil_test1000,i2t.r1,0.788
score_stratified_draw_2__lr_0.0001__seed_17__epoch_01,score_stratified,score_stratified_draw_2,2,0.0001,17,1,e_vil_test1000,i2t.r5,0.949
score_stratified_draw_2__lr_0.0001__seed_17__epoch_01,score_stratified,score_stratified_draw_2,2,0.0001,17,1,e_vil_test1000,i2t.r10,0.973
score_stratified_draw_2__lr_0.0001__seed_17__epoch_01,score_stratified,score_stratified_draw_2,2,0.0001,17,1,e_vil_test1000,i2t.mean_rank,2.085
score_stratified_draw_2__lr_0.0001__seed_17__epoch_01,score_stratified,score_stratified_draw_2,2,0.0001,17,1,e_vil_test1000,i2t.median_rank,1.0
score_stratified_draw_2__lr_0.0001__seed_17__epoch_01,score_stratified,score_stratified_draw_2,2,0.0001,17,1,e_vil_test1000,t2i.r1,0.7004
score_stratified_draw_2__lr_0.0001__seed_17__epoch_01,score_stratified,score_stratified_draw_2,2,0.0001,17,1,e_vil_test1000,t2i.r5,0.9058
score_stratified_draw_2__lr_0.0001__seed_17__epoch_01,score_stratified,score_stratified_draw_2,2,0.0001,17,1,e_vil_test1000,t2i.r10,0.946
score_stratified_draw_2__lr_0.0001__seed_17__epoch_01,score_stratified,score_stratified_draw_2,2,0.0001,17,1,e_vil_test1000,t2i.mean_rank,4.2888
score_stratified_draw_2__lr_0.0001__seed_17__epoch_01,score_stratified,score_stratified_draw_2,2,0.0001,17,1,e_vil_test1000,t2i.median_rank,1.0
score_stratified_draw_2__lr_0.0001__seed_17__epoch_01,score_stratified,score_stratified_draw_2,2,0.0001,17,1,e_vil_test1000,mean_bidirectional_r1,0.7442
score_stratified_draw_2__lr_0.0001__seed_17__epoch_01,score_stratified,score_stratified_draw_2,2,0.0001,17,1,sugarcrepe,positive1_accuracy,0.8486220210358142
score_stratified_draw_2__lr_0.0001__seed_17__epoch_01,score_stratified,score_stratified_draw_2,2,0.0001,17,1,sugarcrepe,accuracy,0.8486220210358142
score_stratified_draw_2__lr_0.0001__seed_17__epoch_01,score_stratified,score_stratified_draw_2,2,0.0001,17,1,sugarcrepe_pp,positive1_accuracy,0.8087029640529746
score_stratified_draw_2__lr_0.0001__seed_17__epoch_01,score_stratified,score_stratified_draw_2,2,0.0001,17,1,sugarcrepe_pp,positive2_accuracy,0.754887534160185
score_stratified_draw_2__lr_0.0001__seed_17__epoch_01,score_stratified,score_stratified_draw_2,2,0.0001,17,1,sugarcrepe_pp,both_accuracy,0.6968677738070213
score_stratified_draw_2__lr_0.0001__seed_17__epoch_01,score_stratified,score_stratified_draw_2,2,0.0001,17,1,sugarcrepe_pp,accuracy,0.6968677738070213
score_stratified_draw_2__lr_0.0001__seed_17__epoch_01,score_stratified,score_stratified_draw_2,2,0.0001,17,1,visual_entailment,accuracy,0.84223978601092
score_stratified_draw_2__lr_0.0001__seed_17__epoch_05,score_stratified,score_stratified_draw_2,2,0.0001,17,5,e_vil_test1000,i2t.r1,0.799
score_stratified_draw_2__lr_0.0001__seed_17__epoch_05,score_stratified,score_stratified_draw_2,2,0.0001,17,5,e_vil_test1000,i2t.r5,0.937
score_stratified_draw_2__lr_0.0001__seed_17__epoch_05,score_stratified,score_stratified_draw_2,2,0.0001,17,5,e_vil_test1000,i2t.r10,0.972
score_stratified_draw_2__lr_0.0001__seed_17__epoch_05,score_stratified,score_stratified_draw_2,2,0.0001,17,5,e_vil_test1000,i2t.mean_rank,2.144
score_stratified_draw_2__lr_0.0001__seed_17__epoch_05,score_stratified,score_stratified_draw_2,2,0.0001,17,5,e_vil_test1000,i2t.median_rank,1.0
score_stratified_draw_2__lr_0.0001__seed_17__epoch_05,score_stratified,score_stratified_draw_2,2,0.0001,17,5,e_vil_test1000,t2i.r1,0.671
score_stratified_draw_2__lr_0.0001__seed_17__epoch_05,score_stratified,score_stratified_draw_2,2,0.0001,17,5,e_vil_test1000,t2i.r5,0.8888
score_stratified_draw_2__lr_0.0001__seed_17__epoch_05,score_stratified,score_stratified_draw_2,2,0.0001,17,5,e_vil_test1000,t2i.r10,0.9334
score_stratified_draw_2__lr_0.0001__seed_17__epoch_05,score_stratified,score_stratified_draw_2,2,0.0001,17,5,e_vil_test1000,t2i.mean_rank,4.9512
score_stratified_draw_2__lr_0.0001__seed_17__epoch_05,score_stratified,score_stratified_draw_2,2,0.0001,17,5,e_vil_test1000,t2i.median_rank,1.0
score_stratified_draw_2__lr_0.0001__seed_17__epoch_05,score_stratified,score_stratified_draw_2,2,0.0001,17,5,e_vil_test1000,mean_bidirectional_r1,0.7350000000000001
score_stratified_draw_2__lr_0.0001__seed_17__epoch_05,score_stratified,score_stratified_draw_2,2,0.0001,17,5,sugarcrepe,positive1_accuracy,0.8382372520303555
score_stratified_draw_2__lr_0.0001__seed_17__epoch_05,score_stratified,score_stratified_draw_2,2,0.0001,17,5,sugarcrepe,accuracy,0.8382372520303555
score_stratified_draw_2__lr_0.0001__seed_17__epoch_05,score_stratified,score_stratified_draw_2,2,0.0001,17,5,sugarcrepe_pp,positive1_accuracy,0.8009249527012823
score_stratified_draw_2__lr_0.0001__seed_17__epoch_05,score_stratified,score_stratified_draw_2,2,0.0001,17,5,sugarcrepe_pp,positive2_accuracy,0.7168383434937986
score_stratified_draw_2__lr_0.0001__seed_17__epoch_05,score_stratified,score_stratified_draw_2,2,0.0001,17,5,sugarcrepe_pp,both_accuracy,0.6665965944923271
score_stratified_draw_2__lr_0.0001__seed_17__epoch_05,score_stratified,score_stratified_draw_2,2,0.0001,17,5,sugarcrepe_pp,accuracy,0.6665965944923271
score_stratified_draw_2__lr_0.0001__seed_17__epoch_05,score_stratified,score_stratified_draw_2,2,0.0001,17,5,visual_entailment,accuracy,0.8328115905073521
score_stratified_draw_2__lr_0.0001__seed_17__epoch_10,score_stratified,score_stratified_draw_2,2,0.0001,17,10,coco_karpathy,i2t.r1,0.501
score_stratified_draw_2__lr_0.0001__seed_17__epoch_10,score_stratified,score_stratified_draw_2,2,0.0001,17,10,coco_karpathy,i2t.r5,0.75
score_stratified_draw_2__lr_0.0001__seed_17__epoch_10,score_stratified,score_stratified_draw_2,2,0.0001,17,10,coco_karpathy,i2t.r10,0.8318
score_stratified_draw_2__lr_0.0001__seed_17__epoch_10,score_stratified,score_stratified_draw_2,2,0.0001,17,10,coco_karpathy,i2t.mean_rank,9.369
score_stratified_draw_2__lr_0.0001__seed_17__epoch_10,score_stratified,score_stratified_draw_2,2,0.0001,17,10,coco_karpathy,i2t.median_rank,1.0
score_stratified_draw_2__lr_0.0001__seed_17__epoch_10,score_stratified,score_stratified_draw_2,2,0.0001,17,10,coco_karpathy,t2i.r1,0.35504
score_stratified_draw_2__lr_0.0001__seed_17__epoch_10,score_stratified,score_stratified_draw_2,2,0.0001,17,10,coco_karpathy,t2i.r5,0.61816
score_stratified_draw_2__lr_0.0001__seed_17__epoch_10,score_stratified,score_stratified_draw_2,2,0.0001,17,10,coco_karpathy,t2i.r10,0.72276
score_stratified_draw_2__lr_0.0001__seed_17__epoch_10,score_stratified,score_stratified_draw_2,2,0.0001,17,10,coco_karpathy,t2i.mean_rank,20.28636
score_stratified_draw_2__lr_0.0001__seed_17__epoch_10,score_stratified,score_stratified_draw_2,2,0.0001,17,10,coco_karpathy,t2i.median_rank,3.0
score_stratified_draw_2__lr_0.0001__seed_17__epoch_10,score_stratified,score_stratified_draw_2,2,0.0001,17,10,coco_karpathy,mean_bidirectional_r1,0.42802
score_stratified_draw_2__lr_0.0001__seed_17__epoch_10,score_stratified,score_stratified_draw_2,2,0.0001,17,10,e_vil_test1000,i2t.r1,0.794
score_stratified_draw_2__lr_0.0001__seed_17__epoch_10,score_stratified,score_stratified_draw_2,2,0.0001,17,10,e_vil_test1000,i2t.r5,0.939
score_stratified_draw_2__lr_0.0001__seed_17__epoch_10,score_stratified,score_stratified_draw_2,2,0.0001,17,10,e_vil_test1000,i2t.r10,0.972
score_stratified_draw_2__lr_0.0001__seed_17__epoch_10,score_stratified,score_stratified_draw_2,2,0.0001,17,10,e_vil_test1000,i2t.mean_rank,2.168
score_stratified_draw_2__lr_0.0001__seed_17__epoch_10,score_stratified,score_stratified_draw_2,2,0.0001,17,10,e_vil_test1000,i2t.median_rank,1.0
score_stratified_draw_2__lr_0.0001__seed_17__epoch_10,score_stratified,score_stratified_draw_2,2,0.0001,17,10,e_vil_test1000,t2i.r1,0.6454
score_stratified_draw_2__lr_0.0001__seed_17__epoch_10,score_stratified,score_stratified_draw_2,2,0.0001,17,10,e_vil_test1000,t2i.r5,0.8724
score_stratified_draw_2__lr_0.0001__seed_17__epoch_10,score_stratified,score_stratified_draw_2,2,0.0001,17,10,e_vil_test1000,t2i.r10,0.9224
score_stratified_draw_2__lr_0.0001__seed_17__epoch_10,score_stratified,score_stratified_draw_2,2,0.0001,17,10,e_vil_test1000,t2i.mean_rank,5.597
score_stratified_draw_2__lr_0.0001__seed_17__epoch_10,score_stratified,score_stratified_draw_2,2,0.0001,17,10,e_vil_test1000,t2i.median_rank,1.0
score_stratified_draw_2__lr_0.0001__seed_17__epoch_10,score_stratified,score_stratified_draw_2,2,0.0001,17,10,e_vil_test1000,mean_bidirectional_r1,0.7197
score_stratified_draw_2__lr_0.0001__seed_17__epoch_10,score_stratified,score_stratified_draw_2,2,0.0001,17,10,sugarcrepe,positive1_accuracy,0.8263879643189987
score_stratified_draw_2__lr_0.0001__seed_17__epoch_10,score_stratified,score_stratified_draw_2,2,0.0001,17,10,sugarcrepe,accuracy,0.8263879643189987
score_stratified_draw_2__lr_0.0001__seed_17__epoch_10,score_stratified,score_stratified_draw_2,2,0.0001,17,10,sugarcrepe_pp,positive1_accuracy,0.7935673743956275
score_stratified_draw_2__lr_0.0001__seed_17__epoch_10,score_stratified,score_stratified_draw_2,2,0.0001,17,10,sugarcrepe_pp,positive2_accuracy,0.7105318478032373
score_stratified_draw_2__lr_0.0001__seed_17__epoch_10,score_stratified,score_stratified_draw_2,2,0.0001,17,10,sugarcrepe_pp,both_accuracy,0.6537733865881858
score_stratified_draw_2__lr_0.0001__seed_17__epoch_10,score_stratified,score_stratified_draw_2,2,0.0001,17,10,sugarcrepe_pp,accuracy,0.6537733865881858
score_stratified_draw_2__lr_0.0001__seed_17__epoch_10,score_stratified,score_stratified_draw_2,2,0.0001,17,10,visual_entailment,accuracy,0.8149214517753964
score_stratified_draw_2__lr_0.0001__seed_29__epoch_00,score_stratified,score_stratified_draw_2,2,0.0001,29,0,coco_karpathy,i2t.r1,0.5632
score_stratified_draw_2__lr_0.0001__seed_29__epoch_00,score_stratified,score_stratified_draw_2,2,0.0001,29,0,coco_karpathy,i2t.r5,0.7982
score_stratified_draw_2__lr_0.0001__seed_29__epoch_00,score_stratified,score_stratified_draw_2,2,0.0001,29,0,coco_karpathy,i2t.r10,0.8712
score_stratified_draw_2__lr_0.0001__seed_29__epoch_00,score_stratified,score_stratified_draw_2,2,0.0001,29,0,coco_karpathy,i2t.mean_rank,6.9402
score_stratified_draw_2__lr_0.0001__seed_29__epoch_00,score_stratified,score_stratified_draw_2,2,0.0001,29,0,coco_karpathy,i2t.median_rank,1.0
score_stratified_draw_2__lr_0.0001__seed_29__epoch_00,score_stratified,score_stratified_draw_2,2,0.0001,29,0,coco_karpathy,t2i.r1,0.39348
score_stratified_draw_2__lr_0.0001__seed_29__epoch_00,score_stratified,score_stratified_draw_2,2,0.0001,29,0,coco_karpathy,t2i.r5,0.65404
score_stratified_draw_2__lr_0.0001__seed_29__epoch_00,score_stratified,score_stratified_draw_2,2,0.0001,29,0,coco_karpathy,t2i.r10,0.7562
score_stratified_draw_2__lr_0.0001__seed_29__epoch_00,score_stratified,score_stratified_draw_2,2,0.0001,29,0,coco_karpathy,t2i.mean_rank,17.9344
score_stratified_draw_2__lr_0.0001__seed_29__epoch_00,score_stratified,score_stratified_draw_2,2,0.0001,29,0,coco_karpathy,t2i.median_rank,2.0
score_stratified_draw_2__lr_0.0001__seed_29__epoch_00,score_stratified,score_stratified_draw_2,2,0.0001,29,0,coco_karpathy,mean_bidirectional_r1,0.47834
score_stratified_draw_2__lr_0.0001__seed_29__epoch_00,score_stratified,score_stratified_draw_2,2,0.0001,29,0,e_vil_test1000,i2t.r1,0.845
score_stratified_draw_2__lr_0.0001__seed_29__epoch_00,score_stratified,score_stratified_draw_2,2,0.0001,29,0,e_vil_test1000,i2t.r5,0.96
score_stratified_draw_2__lr_0.0001__seed_29__epoch_00,score_stratified,score_stratified_draw_2,2,0.0001,29,0,e_vil_test1000,i2t.r10,0.985
score_stratified_draw_2__lr_0.0001__seed_29__epoch_00,score_stratified,score_stratified_draw_2,2,0.0001,29,0,e_vil_test1000,i2t.mean_rank,1.743
score_stratified_draw_2__lr_0.0001__seed_29__epoch_00,score_stratified,score_stratified_draw_2,2,0.0001,29,0,e_vil_test1000,i2t.median_rank,1.0
score_stratified_draw_2__lr_0.0001__seed_29__epoch_00,score_stratified,score_stratified_draw_2,2,0.0001,29,0,e_vil_test1000,t2i.r1,0.6976
score_stratified_draw_2__lr_0.0001__seed_29__epoch_00,score_stratified,score_stratified_draw_2,2,0.0001,29,0,e_vil_test1000,t2i.r5,0.8968
score_stratified_draw_2__lr_0.0001__seed_29__epoch_00,score_stratified,score_stratified_draw_2,2,0.0001,29,0,e_vil_test1000,t2i.r10,0.9376
score_stratified_draw_2__lr_0.0001__seed_29__epoch_00,score_stratified,score_stratified_draw_2,2,0.0001,29,0,e_vil_test1000,t2i.mean_rank,4.6174
score_stratified_draw_2__lr_0.0001__seed_29__epoch_00,score_stratified,score_stratified_draw_2,2,0.0001,29,0,e_vil_test1000,t2i.median_rank,1.0
score_stratified_draw_2__lr_0.0001__seed_29__epoch_00,score_stratified,score_stratified_draw_2,2,0.0001,29,0,e_vil_test1000,mean_bidirectional_r1,0.7713
score_stratified_draw_2__lr_0.0001__seed_29__epoch_00,score_stratified,score_stratified_draw_2,2,0.0001,29,0,sugarcrepe,positive1_accuracy,0.8121421914525363
score_stratified_draw_2__lr_0.0001__seed_29__epoch_00,score_stratified,score_stratified_draw_2,2,0.0001,29,0,sugarcrepe,accuracy,0.8121421914525363
score_stratified_draw_2__lr_0.0001__seed_29__epoch_00,score_stratified,score_stratified_draw_2,2,0.0001,29,0,sugarcrepe_pp,positive1_accuracy,0.7946184570107211
score_stratified_draw_2__lr_0.0001__seed_29__epoch_00,score_stratified,score_stratified_draw_2,2,0.0001,29,0,sugarcrepe_pp,positive2_accuracy,0.7500525541307547
score_stratified_draw_2__lr_0.0001__seed_29__epoch_00,score_stratified,score_stratified_draw_2,2,0.0001,29,0,sugarcrepe_pp,both_accuracy,0.6895101955013664
score_stratified_draw_2__lr_0.0001__seed_29__epoch_00,score_stratified,score_stratified_draw_2,2,0.0001,29,0,sugarcrepe_pp,accuracy,0.6895101955013664
score_stratified_draw_2__lr_0.0001__seed_29__epoch_00,score_stratified,score_stratified_draw_2,2,0.0001,29,0,visual_entailment,accuracy,0.7947273164639607
score_stratified_draw_2__lr_0.0001__seed_29__epoch_01,score_stratified,score_stratified_draw_2,2,0.0001,29,1,e_vil_test1000,i2t.r1,0.802
score_stratified_draw_2__lr_0.0001__seed_29__epoch_01,score_stratified,score_stratified_draw_2,2,0.0001,29,1,e_vil_test1000,i2t.r5,0.95
score_stratified_draw_2__lr_0.0001__seed_29__epoch_01,score_stratified,score_stratified_draw_2,2,0.0001,29,1,e_vil_test1000,i2t.r10,0.974
score_stratified_draw_2__lr_0.0001__seed_29__epoch_01,score_stratified,score_stratified_draw_2,2,0.0001,29,1,e_vil_test1000,i2t.mean_rank,2.029
score_stratified_draw_2__lr_0.0001__seed_29__epoch_01,score_stratified,score_stratified_draw_2,2,0.0001,29,1,e_vil_test1000,i2t.median_rank,1.0
score_stratified_draw_2__lr_0.0001__seed_29__epoch_01,score_stratified,score_stratified_draw_2,2,0.0001,29,1,e_vil_test1000,t2i.r1,0.7004
score_stratified_draw_2__lr_0.0001__seed_29__epoch_01,score_stratified,score_stratified_draw_2,2,0.0001,29,1,e_vil_test1000,t2i.r5,0.9046
score_stratified_draw_2__lr_0.0001__seed_29__epoch_01,score_stratified,score_stratified_draw_2,2,0.0001,29,1,e_vil_test1000,t2i.r10,0.946
score_stratified_draw_2__lr_0.0001__seed_29__epoch_01,score_stratified,score_stratified_draw_2,2,0.0001,29,1,e_vil_test1000,t2i.mean_rank,4.2842
score_stratified_draw_2__lr_0.0001__seed_29__epoch_01,score_stratified,score_stratified_draw_2,2,0.0001,29,1,e_vil_test1000,t2i.median_rank,1.0
score_stratified_draw_2__lr_0.0001__seed_29__epoch_01,score_stratified,score_stratified_draw_2,2,0.0001,29,1,e_vil_test1000,mean_bidirectional_r1,0.7512000000000001
score_stratified_draw_2__lr_0.0001__seed_29__epoch_01,score_stratified,score_stratified_draw_2,2,0.0001,29,1,sugarcrepe,positive1_accuracy,0.8443616029822927
score_stratified_draw_2__lr_0.0001__seed_29__epoch_01,score_stratified,score_stratified_draw_2,2,0.0001,29,1,sugarcrepe,accuracy,0.8443616029822927
score_stratified_draw_2__lr_0.0001__seed_29__epoch_01,score_stratified,score_stratified_draw_2,2,0.0001,29,1,sugarcrepe_pp,positive1_accuracy,0.8089131805759933
score_stratified_draw_2__lr_0.0001__seed_29__epoch_01,score_stratified,score_stratified_draw_2,2,0.0001,29,1,sugarcrepe_pp,positive2_accuracy,0.7559386167752785
score_stratified_draw_2__lr_0.0001__seed_29__epoch_01,score_stratified,score_stratified_draw_2,2,0.0001,29,1,sugarcrepe_pp,both_accuracy,0.697708639899096
score_stratified_draw_2__lr_0.0001__seed_29__epoch_01,score_stratified,score_stratified_draw_2,2,0.0001,29,1,sugarcrepe_pp,accuracy,0.697708639899096
score_stratified_draw_2__lr_0.0001__seed_29__epoch_01,score_stratified,score_stratified_draw_2,2,0.0001,29,1,visual_entailment,accuracy,0.8408129575776012
score_stratified_draw_2__lr_0.0001__seed_29__epoch_05,score_stratified,score_stratified_draw_2,2,0.0001,29,5,e_vil_test1000,i2t.r1,0.803
score_stratified_draw_2__lr_0.0001__seed_29__epoch_05,score_stratified,score_stratified_draw_2,2,0.0001,29,5,e_vil_test1000,i2t.r5,0.939
score_stratified_draw_2__lr_0.0001__seed_29__epoch_05,score_stratified,score_stratified_draw_2,2,0.0001,29,5,e_vil_test1000,i2t.r10,0.976
score_stratified_draw_2__lr_0.0001__seed_29__epoch_05,score_stratified,score_stratified_draw_2,2,0.0001,29,5,e_vil_test1000,i2t.mean_rank,2.14
score_stratified_draw_2__lr_0.0001__seed_29__epoch_05,score_stratified,score_stratified_draw_2,2,0.0001,29,5,e_vil_test1000,i2t.median_rank,1.0
score_stratified_draw_2__lr_0.0001__seed_29__epoch_05,score_stratified,score_stratified_draw_2,2,0.0001,29,5,e_vil_test1000,t2i.r1,0.666
score_stratified_draw_2__lr_0.0001__seed_29__epoch_05,score_stratified,score_stratified_draw_2,2,0.0001,29,5,e_vil_test1000,t2i.r5,0.8884
score_stratified_draw_2__lr_0.0001__seed_29__epoch_05,score_stratified,score_stratified_draw_2,2,0.0001,29,5,e_vil_test1000,t2i.r10,0.934
score_stratified_draw_2__lr_0.0001__seed_29__epoch_05,score_stratified,score_stratified_draw_2,2,0.0001,29,5,e_vil_test1000,t2i.mean_rank,4.9402
score_stratified_draw_2__lr_0.0001__seed_29__epoch_05,score_stratified,score_stratified_draw_2,2,0.0001,29,5,e_vil_test1000,t2i.median_rank,1.0
score_stratified_draw_2__lr_0.0001__seed_29__epoch_05,score_stratified,score_stratified_draw_2,2,0.0001,29,5,e_vil_test1000,mean_bidirectional_r1,0.7345
score_stratified_draw_2__lr_0.0001__seed_29__epoch_05,score_stratified,score_stratified_draw_2,2,0.0001,29,5,sugarcrepe,positive1_accuracy,0.83690587138863
score_stratified_draw_2__lr_0.0001__seed_29__epoch_05,score_stratified,score_stratified_draw_2,2,0.0001,29,5,sugarcrepe,accuracy,0.83690587138863
score_stratified_draw_2__lr_0.0001__seed_29__epoch_05,score_stratified,score_stratified_draw_2,2,0.0001,29,5,sugarcrepe_pp,positive1_accuracy,0.8021862518393946
score_stratified_draw_2__lr_0.0001__seed_29__epoch_05,score_stratified,score_stratified_draw_2,2,0.0001,29,5,sugarcrepe_pp,positive2_accuracy,0.7189405087239857
score_stratified_draw_2__lr_0.0001__seed_29__epoch_05,score_stratified,score_stratified_draw_2,2,0.0001,29,5,sugarcrepe_pp,both_accuracy,0.6672272440613832
score_stratified_draw_2__lr_0.0001__seed_29__epoch_05,score_stratified,score_stratified_draw_2,2,0.0001,29,5,sugarcrepe_pp,accuracy,0.6672272440613832
score_stratified_draw_2__lr_0.0001__seed_29__epoch_05,score_stratified,score_stratified_draw_2,2,0.0001,29,5,visual_entailment,accuracy,0.8316156549463031
score_stratified_draw_2__lr_0.0001__seed_29__epoch_10,score_stratified,score_stratified_draw_2,2,0.0001,29,10,coco_karpathy,i2t.r1,0.5014
score_stratified_draw_2__lr_0.0001__seed_29__epoch_10,score_stratified,score_stratified_draw_2,2,0.0001,29,10,coco_karpathy,i2t.r5,0.7514
score_stratified_draw_2__lr_0.0001__seed_29__epoch_10,score_stratified,score_stratified_draw_2,2,0.0001,29,10,coco_karpathy,i2t.r10,0.8338
score_stratified_draw_2__lr_0.0001__seed_29__epoch_10,score_stratified,score_stratified_draw_2,2,0.0001,29,10,coco_karpathy,i2t.mean_rank,9.0952
score_stratified_draw_2__lr_0.0001__seed_29__epoch_10,score_stratified,score_stratified_draw_2,2,0.0001,29,10,coco_karpathy,i2t.median_rank,1.0
score_stratified_draw_2__lr_0.0001__seed_29__epoch_10,score_stratified,score_stratified_draw_2,2,0.0001,29,10,coco_karpathy,t2i.r1,0.35616
score_stratified_draw_2__lr_0.0001__seed_29__epoch_10,score_stratified,score_stratified_draw_2,2,0.0001,29,10,coco_karpathy,t2i.r5,0.61588
score_stratified_draw_2__lr_0.0001__seed_29__epoch_10,score_stratified,score_stratified_draw_2,2,0.0001,29,10,coco_karpathy,t2i.r10,0.7222
score_stratified_draw_2__lr_0.0001__seed_29__epoch_10,score_stratified,score_stratified_draw_2,2,0.0001,29,10,coco_karpathy,t2i.mean_rank,20.41228
score_stratified_draw_2__lr_0.0001__seed_29__epoch_10,score_stratified,score_stratified_draw_2,2,0.0001,29,10,coco_karpathy,t2i.median_rank,3.0
score_stratified_draw_2__lr_0.0001__seed_29__epoch_10,score_stratified,score_stratified_draw_2,2,0.0001,29,10,coco_karpathy,mean_bidirectional_r1,0.42877999999999994
score_stratified_draw_2__lr_0.0001__seed_29__epoch_10,score_stratified,score_stratified_draw_2,2,0.0001,29,10,e_vil_test1000,i2t.r1,0.799
score_stratified_draw_2__lr_0.0001__seed_29__epoch_10,score_stratified,score_stratified_draw_2,2,0.0001,29,10,e_vil_test1000,i2t.r5,0.941
score_stratified_draw_2__lr_0.0001__seed_29__epoch_10,score_stratified,score_stratified_draw_2,2,0.0001,29,10,e_vil_test1000,i2t.r10,0.971
score_stratified_draw_2__lr_0.0001__seed_29__epoch_10,score_stratified,score_stratified_draw_2,2,0.0001,29,10,e_vil_test1000,i2t.mean_rank,2.193
score_stratified_draw_2__lr_0.0001__seed_29__epoch_10,score_stratified,score_stratified_draw_2,2,0.0001,29,10,e_vil_test1000,i2t.median_rank,1.0
score_stratified_draw_2__lr_0.0001__seed_29__epoch_10,score_stratified,score_stratified_draw_2,2,0.0001,29,10,e_vil_test1000,t2i.r1,0.6454
score_stratified_draw_2__lr_0.0001__seed_29__epoch_10,score_stratified,score_stratified_draw_2,2,0.0001,29,10,e_vil_test1000,t2i.r5,0.872
score_stratified_draw_2__lr_0.0001__seed_29__epoch_10,score_stratified,score_stratified_draw_2,2,0.0001,29,10,e_vil_test1000,t2i.r10,0.9228
score_stratified_draw_2__lr_0.0001__seed_29__epoch_10,score_stratified,score_stratified_draw_2,2,0.0001,29,10,e_vil_test1000,t2i.mean_rank,5.5942
score_stratified_draw_2__lr_0.0001__seed_29__epoch_10,score_stratified,score_stratified_draw_2,2,0.0001,29,10,e_vil_test1000,t2i.median_rank,1.0
score_stratified_draw_2__lr_0.0001__seed_29__epoch_10,score_stratified,score_stratified_draw_2,2,0.0001,29,10,e_vil_test1000,mean_bidirectional_r1,0.7222
score_stratified_draw_2__lr_0.0001__seed_29__epoch_10,score_stratified,score_stratified_draw_2,2,0.0001,29,10,sugarcrepe,positive1_accuracy,0.8293170017307948
score_stratified_draw_2__lr_0.0001__seed_29__epoch_10,score_stratified,score_stratified_draw_2,2,0.0001,29,10,sugarcrepe,accuracy,0.8293170017307948
score_stratified_draw_2__lr_0.0001__seed_29__epoch_10,score_stratified,score_stratified_draw_2,2,0.0001,29,10,sugarcrepe_pp,positive1_accuracy,0.7971410552869456
score_stratified_draw_2__lr_0.0001__seed_29__epoch_10,score_stratified,score_stratified_draw_2,2,0.0001,29,10,sugarcrepe_pp,positive2_accuracy,0.7126340130334244
score_stratified_draw_2__lr_0.0001__seed_29__epoch_10,score_stratified,score_stratified_draw_2,2,0.0001,29,10,sugarcrepe_pp,both_accuracy,0.6556653352953542
score_stratified_draw_2__lr_0.0001__seed_29__epoch_10,score_stratified,score_stratified_draw_2,2,0.0001,29,10,sugarcrepe_pp,accuracy,0.6556653352953542
score_stratified_draw_2__lr_0.0001__seed_29__epoch_10,score_stratified,score_stratified_draw_2,2,0.0001,29,10,visual_entailment,accuracy,0.8123587176635272
score_stratified_draw_2__lr_0.0001__seed_43__epoch_00,score_stratified,score_stratified_draw_2,2,0.0001,43,0,coco_karpathy,i2t.r1,0.5632
score_stratified_draw_2__lr_0.0001__seed_43__epoch_00,score_stratified,score_stratified_draw_2,2,0.0001,43,0,coco_karpathy,i2t.r5,0.7982
score_stratified_draw_2__lr_0.0001__seed_43__epoch_00,score_stratified,score_stratified_draw_2,2,0.0001,43,0,coco_karpathy,i2t.r10,0.8712
score_stratified_draw_2__lr_0.0001__seed_43__epoch_00,score_stratified,score_stratified_draw_2,2,0.0001,43,0,coco_karpathy,i2t.mean_rank,6.9402
score_stratified_draw_2__lr_0.0001__seed_43__epoch_00,score_stratified,score_stratified_draw_2,2,0.0001,43,0,coco_karpathy,i2t.median_rank,1.0
score_stratified_draw_2__lr_0.0001__seed_43__epoch_00,score_stratified,score_stratified_draw_2,2,0.0001,43,0,coco_karpathy,t2i.r1,0.39348
score_stratified_draw_2__lr_0.0001__seed_43__epoch_00,score_stratified,score_stratified_draw_2,2,0.0001,43,0,coco_karpathy,t2i.r5,0.65404
score_stratified_draw_2__lr_0.0001__seed_43__epoch_00,score_stratified,score_stratified_draw_2,2,0.0001,43,0,coco_karpathy,t2i.r10,0.7562
score_stratified_draw_2__lr_0.0001__seed_43__epoch_00,score_stratified,score_stratified_draw_2,2,0.0001,43,0,coco_karpathy,t2i.mean_rank,17.9344
score_stratified_draw_2__lr_0.0001__seed_43__epoch_00,score_stratified,score_stratified_draw_2,2,0.0001,43,0,coco_karpathy,t2i.median_rank,2.0
score_stratified_draw_2__lr_0.0001__seed_43__epoch_00,score_stratified,score_stratified_draw_2,2,0.0001,43,0,coco_karpathy,mean_bidirectional_r1,0.47834
score_stratified_draw_2__lr_0.0001__seed_43__epoch_00,score_stratified,score_stratified_draw_2,2,0.0001,43,0,e_vil_test1000,i2t.r1,0.845
score_stratified_draw_2__lr_0.0001__seed_43__epoch_00,score_stratified,score_stratified_draw_2,2,0.0001,43,0,e_vil_test1000,i2t.r5,0.96
score_stratified_draw_2__lr_0.0001__seed_43__epoch_00,score_stratified,score_stratified_draw_2,2,0.0001,43,0,e_vil_test1000,i2t.r10,0.985
score_stratified_draw_2__lr_0.0001__seed_43__epoch_00,score_stratified,score_stratified_draw_2,2,0.0001,43,0,e_vil_test1000,i2t.mean_rank,1.743
score_stratified_draw_2__lr_0.0001__seed_43__epoch_00,score_stratified,score_stratified_draw_2,2,0.0001,43,0,e_vil_test1000,i2t.median_rank,1.0
score_stratified_draw_2__lr_0.0001__seed_43__epoch_00,score_stratified,score_stratified_draw_2,2,0.0001,43,0,e_vil_test1000,t2i.r1,0.6976
score_stratified_draw_2__lr_0.0001__seed_43__epoch_00,score_stratified,score_stratified_draw_2,2,0.0001,43,0,e_vil_test1000,t2i.r5,0.8968
score_stratified_draw_2__lr_0.0001__seed_43__epoch_00,score_stratified,score_stratified_draw_2,2,0.0001,43,0,e_vil_test1000,t2i.r10,0.9376
score_stratified_draw_2__lr_0.0001__seed_43__epoch_00,score_stratified,score_stratified_draw_2,2,0.0001,43,0,e_vil_test1000,t2i.mean_rank,4.6174
score_stratified_draw_2__lr_0.0001__seed_43__epoch_00,score_stratified,score_stratified_draw_2,2,0.0001,43,0,e_vil_test1000,t2i.median_rank,1.0
score_stratified_draw_2__lr_0.0001__seed_43__epoch_00,score_stratified,score_stratified_draw_2,2,0.0001,43,0,e_vil_test1000,mean_bidirectional_r1,0.7713
score_stratified_draw_2__lr_0.0001__seed_43__epoch_00,score_stratified,score_stratified_draw_2,2,0.0001,43,0,sugarcrepe,positive1_accuracy,0.8121421914525363
score_stratified_draw_2__lr_0.0001__seed_43__epoch_00,score_stratified,score_stratified_draw_2,2,0.0001,43,0,sugarcrepe,accuracy,0.8121421914525363
score_stratified_draw_2__lr_0.0001__seed_43__epoch_00,score_stratified,score_stratified_draw_2,2,0.0001,43,0,sugarcrepe_pp,positive1_accuracy,0.7946184570107211
score_stratified_draw_2__lr_0.0001__seed_43__epoch_00,score_stratified,score_stratified_draw_2,2,0.0001,43,0,sugarcrepe_pp,positive2_accuracy,0.7500525541307547
score_stratified_draw_2__lr_0.0001__seed_43__epoch_00,score_stratified,score_stratified_draw_2,2,0.0001,43,0,sugarcrepe_pp,both_accuracy,0.6895101955013664
score_stratified_draw_2__lr_0.0001__seed_43__epoch_00,score_stratified,score_stratified_draw_2,2,0.0001,43,0,sugarcrepe_pp,accuracy,0.6895101955013664
score_stratified_draw_2__lr_0.0001__seed_43__epoch_00,score_stratified,score_stratified_draw_2,2,0.0001,43,0,visual_entailment,accuracy,0.7947273164639607
score_stratified_draw_2__lr_0.0001__seed_43__epoch_01,score_stratified,score_stratified_draw_2,2,0.0001,43,1,e_vil_test1000,i2t.r1,0.795
score_stratified_draw_2__lr_0.0001__seed_43__epoch_01,score_stratified,score_stratified_draw_2,2,0.0001,43,1,e_vil_test1000,i2t.r5,0.949
score_stratified_draw_2__lr_0.0001__seed_43__epoch_01,score_stratified,score_stratified_draw_2,2,0.0001,43,1,e_vil_test1000,i2t.r10,0.973
score_stratified_draw_2__lr_0.0001__seed_43__epoch_01,score_stratified,score_stratified_draw_2,2,0.0001,43,1,e_vil_test1000,i2t.mean_rank,2.097
score_stratified_draw_2__lr_0.0001__seed_43__epoch_01,score_stratified,score_stratified_draw_2,2,0.0001,43,1,e_vil_test1000,i2t.median_rank,1.0
score_stratified_draw_2__lr_0.0001__seed_43__epoch_01,score_stratified,score_stratified_draw_2,2,0.0001,43,1,e_vil_test1000,t2i.r1,0.7018
score_stratified_draw_2__lr_0.0001__seed_43__epoch_01,score_stratified,score_stratified_draw_2,2,0.0001,43,1,e_vil_test1000,t2i.r5,0.905
score_stratified_draw_2__lr_0.0001__seed_43__epoch_01,score_stratified,score_stratified_draw_2,2,0.0001,43,1,e_vil_test1000,t2i.r10,0.9454
score_stratified_draw_2__lr_0.0001__seed_43__epoch_01,score_stratified,score_stratified_draw_2,2,0.0001,43,1,e_vil_test1000,t2i.mean_rank,4.2642
score_stratified_draw_2__lr_0.0001__seed_43__epoch_01,score_stratified,score_stratified_draw_2,2,0.0001,43,1,e_vil_test1000,t2i.median_rank,1.0
score_stratified_draw_2__lr_0.0001__seed_43__epoch_01,score_stratified,score_stratified_draw_2,2,0.0001,43,1,e_vil_test1000,mean_bidirectional_r1,0.7484
score_stratified_draw_2__lr_0.0001__seed_43__epoch_01,score_stratified,score_stratified_draw_2,2,0.0001,43,1,sugarcrepe,positive1_accuracy,0.846891226201571
score_stratified_draw_2__lr_0.0001__seed_43__epoch_01,score_stratified,score_stratified_draw_2,2,0.0001,43,1,sugarcrepe,accuracy,0.846891226201571
score_stratified_draw_2__lr_0.0001__seed_43__epoch_01,score_stratified,score_stratified_draw_2,2,0.0001,43,1,sugarcrepe_pp,positive1_accuracy,0.8078620979608997
score_stratified_draw_2__lr_0.0001__seed_43__epoch_01,score_stratified,score_stratified_draw_2,2,0.0001,43,1,sugarcrepe_pp,positive2_accuracy,0.7584612150515031
score_stratified_draw_2__lr_0.0001__seed_43__epoch_01,score_stratified,score_stratified_draw_2,2,0.0001,43,1,sugarcrepe_pp,both_accuracy,0.6991801555602271
score_stratified_draw_2__lr_0.0001__seed_43__epoch_01,score_stratified,score_stratified_draw_2,2,0.0001,43,1,sugarcrepe_pp,accuracy,0.6991801555602271
score_stratified_draw_2__lr_0.0001__seed_43__epoch_01,score_stratified,score_stratified_draw_2,2,0.0001,43,1,visual_entailment,accuracy,0.8429941764579272
score_stratified_draw_2__lr_0.0001__seed_43__epoch_05,score_stratified,score_stratified_draw_2,2,0.0001,43,5,e_vil_test1000,i2t.r1,0.795
score_stratified_draw_2__lr_0.0001__seed_43__epoch_05,score_stratified,score_stratified_draw_2,2,0.0001,43,5,e_vil_test1000,i2t.r5,0.938
score_stratified_draw_2__lr_0.0001__seed_43__epoch_05,score_stratified,score_stratified_draw_2,2,0.0001,43,5,e_vil_test1000,i2t.r10,0.97
score_stratified_draw_2__lr_0.0001__seed_43__epoch_05,score_stratified,score_stratified_draw_2,2,0.0001,43,5,e_vil_test1000,i2t.mean_rank,2.165
score_stratified_draw_2__lr_0.0001__seed_43__epoch_05,score_stratified,score_stratified_draw_2,2,0.0001,43,5,e_vil_test1000,i2t.median_rank,1.0
score_stratified_draw_2__lr_0.0001__seed_43__epoch_05,score_stratified,score_stratified_draw_2,2,0.0001,43,5,e_vil_test1000,t2i.r1,0.6706
score_stratified_draw_2__lr_0.0001__seed_43__epoch_05,score_stratified,score_stratified_draw_2,2,0.0001,43,5,e_vil_test1000,t2i.r5,0.89
score_stratified_draw_2__lr_0.0001__seed_43__epoch_05,score_stratified,score_stratified_draw_2,2,0.0001,43,5,e_vil_test1000,t2i.r10,0.934
score_stratified_draw_2__lr_0.0001__seed_43__epoch_05,score_stratified,score_stratified_draw_2,2,0.0001,43,5,e_vil_test1000,t2i.mean_rank,4.9682
score_stratified_draw_2__lr_0.0001__seed_43__epoch_05,score_stratified,score_stratified_draw_2,2,0.0001,43,5,e_vil_test1000,t2i.median_rank,1.0
score_stratified_draw_2__lr_0.0001__seed_43__epoch_05,score_stratified,score_stratified_draw_2,2,0.0001,43,5,e_vil_test1000,mean_bidirectional_r1,0.7328
score_stratified_draw_2__lr_0.0001__seed_43__epoch_05,score_stratified,score_stratified_draw_2,2,0.0001,43,5,sugarcrepe,positive1_accuracy,0.8363733191319398
score_stratified_draw_2__lr_0.0001__seed_43__epoch_05,score_stratified,score_stratified_draw_2,2,0.0001,43,5,sugarcrepe,accuracy,0.8363733191319398
score_stratified_draw_2__lr_0.0001__seed_43__epoch_05,score_stratified,score_stratified_draw_2,2,0.0001,43,5,sugarcrepe_pp,positive1_accuracy,0.8005045196552449
score_stratified_draw_2__lr_0.0001__seed_43__epoch_05,score_stratified,score_stratified_draw_2,2,0.0001,43,5,sugarcrepe_pp,positive2_accuracy,0.7227244061383225
score_stratified_draw_2__lr_0.0001__seed_43__epoch_05,score_stratified,score_stratified_draw_2,2,0.0001,43,5,sugarcrepe_pp,both_accuracy,0.6682783266764768
score_stratified_draw_2__lr_0.0001__seed_43__epoch_05,score_stratified,score_stratified_draw_2,2,0.0001,43,5,sugarcrepe_pp,accuracy,0.6682783266764768
score_stratified_draw_2__lr_0.0001__seed_43__epoch_05,score_stratified,score_stratified_draw_2,2,0.0001,43,5,visual_entailment,accuracy,0.8289793164674301
score_stratified_draw_2__lr_0.0001__seed_43__epoch_10,score_stratified,score_stratified_draw_2,2,0.0001,43,10,coco_karpathy,i2t.r1,0.4988
score_stratified_draw_2__lr_0.0001__seed_43__epoch_10,score_stratified,score_stratified_draw_2,2,0.0001,43,10,coco_karpathy,i2t.r5,0.7494
score_stratified_draw_2__lr_0.0001__seed_43__epoch_10,score_stratified,score_stratified_draw_2,2,0.0001,43,10,coco_karpathy,i2t.r10,0.8324
score_stratified_draw_2__lr_0.0001__seed_43__epoch_10,score_stratified,score_stratified_draw_2,2,0.0001,43,10,coco_karpathy,i2t.mean_rank,9.2406
score_stratified_draw_2__lr_0.0001__seed_43__epoch_10,score_stratified,score_stratified_draw_2,2,0.0001,43,10,coco_karpathy,i2t.median_rank,2.0
score_stratified_draw_2__lr_0.0001__seed_43__epoch_10,score_stratified,score_stratified_draw_2,2,0.0001,43,10,coco_karpathy,t2i.r1,0.3546
score_stratified_draw_2__lr_0.0001__seed_43__epoch_10,score_stratified,score_stratified_draw_2,2,0.0001,43,10,coco_karpathy,t2i.r5,0.61596
score_stratified_draw_2__lr_0.0001__seed_43__epoch_10,score_stratified,score_stratified_draw_2,2,0.0001,43,10,coco_karpathy,t2i.r10,0.72308
score_stratified_draw_2__lr_0.0001__seed_43__epoch_10,score_stratified,score_stratified_draw_2,2,0.0001,43,10,coco_karpathy,t2i.mean_rank,20.39772
score_stratified_draw_2__lr_0.0001__seed_43__epoch_10,score_stratified,score_stratified_draw_2,2,0.0001,43,10,coco_karpathy,t2i.median_rank,3.0
score_stratified_draw_2__lr_0.0001__seed_43__epoch_10,score_stratified,score_stratified_draw_2,2,0.0001,43,10,coco_karpathy,mean_bidirectional_r1,0.4267
score_stratified_draw_2__lr_0.0001__seed_43__epoch_10,score_stratified,score_stratified_draw_2,2,0.0001,43,10,e_vil_test1000,i2t.r1,0.795
score_stratified_draw_2__lr_0.0001__seed_43__epoch_10,score_stratified,score_stratified_draw_2,2,0.0001,43,10,e_vil_test1000,i2t.r5,0.939
score_stratified_draw_2__lr_0.0001__seed_43__epoch_10,score_stratified,score_stratified_draw_2,2,0.0001,43,10,e_vil_test1000,i2t.r10,0.968
score_stratified_draw_2__lr_0.0001__seed_43__epoch_10,score_stratified,score_stratified_draw_2,2,0.0001,43,10,e_vil_test1000,i2t.mean_rank,2.322
score_stratified_draw_2__lr_0.0001__seed_43__epoch_10,score_stratified,score_stratified_draw_2,2,0.0001,43,10,e_vil_test1000,i2t.median_rank,1.0
score_stratified_draw_2__lr_0.0001__seed_43__epoch_10,score_stratified,score_stratified_draw_2,2,0.0001,43,10,e_vil_test1000,t2i.r1,0.6434
score_stratified_draw_2__lr_0.0001__seed_43__epoch_10,score_stratified,score_stratified_draw_2,2,0.0001,43,10,e_vil_test1000,t2i.r5,0.8716
score_stratified_draw_2__lr_0.0001__seed_43__epoch_10,score_stratified,score_stratified_draw_2,2,0.0001,43,10,e_vil_test1000,t2i.r10,0.9206
score_stratified_draw_2__lr_0.0001__seed_43__epoch_10,score_stratified,score_stratified_draw_2,2,0.0001,43,10,e_vil_test1000,t2i.mean_rank,5.6622
score_stratified_draw_2__lr_0.0001__seed_43__epoch_10,score_stratified,score_stratified_draw_2,2,0.0001,43,10,e_vil_test1000,t2i.median_rank,1.0
score_stratified_draw_2__lr_0.0001__seed_43__epoch_10,score_stratified,score_stratified_draw_2,2,0.0001,43,10,e_vil_test1000,mean_bidirectional_r1,0.7192000000000001
score_stratified_draw_2__lr_0.0001__seed_43__epoch_10,score_stratified,score_stratified_draw_2,2,0.0001,43,10,sugarcrepe,positive1_accuracy,0.8294501397949674
score_stratified_draw_2__lr_0.0001__seed_43__epoch_10,score_stratified,score_stratified_draw_2,2,0.0001,43,10,sugarcrepe,accuracy,0.8294501397949674
score_stratified_draw_2__lr_0.0001__seed_43__epoch_10,score_stratified,score_stratified_draw_2,2,0.0001,43,10,sugarcrepe_pp,positive1_accuracy,0.7969308387639269
score_stratified_draw_2__lr_0.0001__seed_43__epoch_10,score_stratified,score_stratified_draw_2,2,0.0001,43,10,sugarcrepe_pp,positive2_accuracy,0.7141055286945553
score_stratified_draw_2__lr_0.0001__seed_43__epoch_10,score_stratified,score_stratified_draw_2,2,0.0001,43,10,sugarcrepe_pp,both_accuracy,0.6575572840025226
score_stratified_draw_2__lr_0.0001__seed_43__epoch_10,score_stratified,score_stratified_draw_2,2,0.0001,43,10,sugarcrepe_pp,accuracy,0.6575572840025226
score_stratified_draw_2__lr_0.0001__seed_43__epoch_10,score_stratified,score_stratified_draw_2,2,0.0001,43,10,visual_entailment,accuracy,0.8138024701780557
score_stratified_draw_2__lr_0.0003__seed_17__epoch_01,score_stratified,score_stratified_draw_2,2,0.0003,17,1,e_vil_test1000,i2t.r1,0.776
score_stratified_draw_2__lr_0.0003__seed_17__epoch_01,score_stratified,score_stratified_draw_2,2,0.0003,17,1,e_vil_test1000,i2t.r5,0.945
score_stratified_draw_2__lr_0.0003__seed_17__epoch_01,score_stratified,score_stratified_draw_2,2,0.0003,17,1,e_vil_test1000,i2t.r10,0.967
score_stratified_draw_2__lr_0.0003__seed_17__epoch_01,score_stratified,score_stratified_draw_2,2,0.0003,17,1,e_vil_test1000,i2t.mean_rank,2.249
score_stratified_draw_2__lr_0.0003__seed_17__epoch_01,score_stratified,score_stratified_draw_2,2,0.0003,17,1,e_vil_test1000,i2t.median_rank,1.0
score_stratified_draw_2__lr_0.0003__seed_17__epoch_01,score_stratified,score_stratified_draw_2,2,0.0003,17,1,e_vil_test1000,t2i.r1,0.6628
score_stratified_draw_2__lr_0.0003__seed_17__epoch_01,score_stratified,score_stratified_draw_2,2,0.0003,17,1,e_vil_test1000,t2i.r5,0.8886
score_stratified_draw_2__lr_0.0003__seed_17__epoch_01,score_stratified,score_stratified_draw_2,2,0.0003,17,1,e_vil_test1000,t2i.r10,0.9338
score_stratified_draw_2__lr_0.0003__seed_17__epoch_01,score_stratified,score_stratified_draw_2,2,0.0003,17,1,e_vil_test1000,t2i.mean_rank,4.839
score_stratified_draw_2__lr_0.0003__seed_17__epoch_01,score_stratified,score_stratified_draw_2,2,0.0003,17,1,e_vil_test1000,t2i.median_rank,1.0
score_stratified_draw_2__lr_0.0003__seed_17__epoch_01,score_stratified,score_stratified_draw_2,2,0.0003,17,1,e_vil_test1000,mean_bidirectional_r1,0.7194
score_stratified_draw_2__lr_0.0003__seed_17__epoch_01,score_stratified,score_stratified_draw_2,2,0.0003,17,1,sugarcrepe,positive1_accuracy,0.8367727333244575
score_stratified_draw_2__lr_0.0003__seed_17__epoch_01,score_stratified,score_stratified_draw_2,2,0.0003,17,1,sugarcrepe,accuracy,0.8367727333244575
score_stratified_draw_2__lr_0.0003__seed_17__epoch_01,score_stratified,score_stratified_draw_2,2,0.0003,17,1,sugarcrepe_pp,positive1_accuracy,0.7950388900567584
score_stratified_draw_2__lr_0.0003__seed_17__epoch_01,score_stratified,score_stratified_draw_2,2,0.0003,17,1,sugarcrepe_pp,positive2_accuracy,0.7307126340130334
score_stratified_draw_2__lr_0.0003__seed_17__epoch_01,score_stratified,score_stratified_draw_2,2,0.0003,17,1,sugarcrepe_pp,both_accuracy,0.6754256884591129
score_stratified_draw_2__lr_0.0003__seed_17__epoch_01,score_stratified,score_stratified_draw_2,2,0.0003,17,1,sugarcrepe_pp,accuracy,0.6754256884591129
score_stratified_draw_2__lr_0.0003__seed_17__epoch_01,score_stratified,score_stratified_draw_2,2,0.0003,17,1,visual_entailment,accuracy,0.8346548572961288
score_stratified_draw_2__lr_0.0003__seed_17__epoch_05,score_stratified,score_stratified_draw_2,2,0.0003,17,5,e_vil_test1000,i2t.r1,0.793
score_stratified_draw_2__lr_0.0003__seed_17__epoch_05,score_stratified,score_stratified_draw_2,2,0.0003,17,5,e_vil_test1000,i2t.r5,0.936
score_stratified_draw_2__lr_0.0003__seed_17__epoch_05,score_stratified,score_stratified_draw_2,2,0.0003,17,5,e_vil_test1000,i2t.r10,0.967
score_stratified_draw_2__lr_0.0003__seed_17__epoch_05,score_stratified,score_stratified_draw_2,2,0.0003,17,5,e_vil_test1000,i2t.mean_rank,2.344
score_stratified_draw_2__lr_0.0003__seed_17__epoch_05,score_stratified,score_stratified_draw_2,2,0.0003,17,5,e_vil_test1000,i2t.median_rank,1.0
score_stratified_draw_2__lr_0.0003__seed_17__epoch_05,score_stratified,score_stratified_draw_2,2,0.0003,17,5,e_vil_test1000,t2i.r1,0.6086
score_stratified_draw_2__lr_0.0003__seed_17__epoch_05,score_stratified,score_stratified_draw_2,2,0.0003,17,5,e_vil_test1000,t2i.r5,0.8478
score_stratified_draw_2__lr_0.0003__seed_17__epoch_05,score_stratified,score_stratified_draw_2,2,0.0003,17,5,e_vil_test1000,t2i.r10,0.9046
score_stratified_draw_2__lr_0.0003__seed_17__epoch_05,score_stratified,score_stratified_draw_2,2,0.0003,17,5,e_vil_test1000,t2i.mean_rank,6.281
score_stratified_draw_2__lr_0.0003__seed_17__epoch_05,score_stratified,score_stratified_draw_2,2,0.0003,17,5,e_vil_test1000,t2i.median_rank,1.0
score_stratified_draw_2__lr_0.0003__seed_17__epoch_05,score_stratified,score_stratified_draw_2,2,0.0003,17,5,e_vil_test1000,mean_bidirectional_r1,0.7008000000000001
score_stratified_draw_2__lr_0.0003__seed_17__epoch_05,score_stratified,score_stratified_draw_2,2,0.0003,17,5,sugarcrepe,positive1_accuracy,0.8205298894954067
score_stratified_draw_2__lr_0.0003__seed_17__epoch_05,score_stratified,score_stratified_draw_2,2,0.0003,17,5,sugarcrepe,accuracy,0.8205298894954067
score_stratified_draw_2__lr_0.0003__seed_17__epoch_05,score_stratified,score_stratified_draw_2,2,0.0003,17,5,sugarcrepe_pp,positive1_accuracy,0.7929367248265714
score_stratified_draw_2__lr_0.0003__seed_17__epoch_05,score_stratified,score_stratified_draw_2,2,0.0003,17,5,sugarcrepe_pp,positive2_accuracy,0.7059070842968257
score_stratified_draw_2__lr_0.0003__seed_17__epoch_05,score_stratified,score_stratified_draw_2,2,0.0003,17,5,sugarcrepe_pp,both_accuracy,0.649989489173849
score_stratified_draw_2__lr_0.0003__seed_17__epoch_05,score_stratified,score_stratified_draw_2,2,0.0003,17,5,sugarcrepe_pp,accuracy,0.649989489173849
score_stratified_draw_2__lr_0.0003__seed_17__epoch_05,score_stratified,score_stratified_draw_2,2,0.0003,17,5,visual_entailment,accuracy,0.7998523892336202
score_stratified_draw_2__lr_0.0003__seed_17__epoch_07,score_stratified,score_stratified_draw_2,2,0.0003,17,7,coco_karpathy,i2t.r1,0.4836
score_stratified_draw_2__lr_0.0003__seed_17__epoch_07,score_stratified,score_stratified_draw_2,2,0.0003,17,7,coco_karpathy,i2t.r5,0.7318
score_stratified_draw_2__lr_0.0003__seed_17__epoch_07,score_stratified,score_stratified_draw_2,2,0.0003,17,7,coco_karpathy,i2t.r10,0.8164
score_stratified_draw_2__lr_0.0003__seed_17__epoch_07,score_stratified,score_stratified_draw_2,2,0.0003,17,7,coco_karpathy,i2t.mean_rank,10.6958
score_stratified_draw_2__lr_0.0003__seed_17__epoch_07,score_stratified,score_stratified_draw_2,2,0.0003,17,7,coco_karpathy,i2t.median_rank,2.0
score_stratified_draw_2__lr_0.0003__seed_17__epoch_07,score_stratified,score_stratified_draw_2,2,0.0003,17,7,coco_karpathy,t2i.r1,0.33708
score_stratified_draw_2__lr_0.0003__seed_17__epoch_07,score_stratified,score_stratified_draw_2,2,0.0003,17,7,coco_karpathy,t2i.r5,0.59064
score_stratified_draw_2__lr_0.0003__seed_17__epoch_07,score_stratified,score_stratified_draw_2,2,0.0003,17,7,coco_karpathy,t2i.r10,0.69924
score_stratified_draw_2__lr_0.0003__seed_17__epoch_07,score_stratified,score_stratified_draw_2,2,0.0003,17,7,coco_karpathy,t2i.mean_rank,23.57244
score_stratified_draw_2__lr_0.0003__seed_17__epoch_07,score_stratified,score_stratified_draw_2,2,0.0003,17,7,coco_karpathy,t2i.median_rank,3.0
score_stratified_draw_2__lr_0.0003__seed_17__epoch_07,score_stratified,score_stratified_draw_2,2,0.0003,17,7,coco_karpathy,mean_bidirectional_r1,0.41034
score_stratified_draw_2__lr_0.0003__seed_17__epoch_07,score_stratified,score_stratified_draw_2,2,0.0003,17,7,e_vil_test1000,i2t.r1,0.783
score_stratified_draw_2__lr_0.0003__seed_17__epoch_07,score_stratified,score_stratified_draw_2,2,0.0003,17,7,e_vil_test1000,i2t.r5,0.923
score_stratified_draw_2__lr_0.0003__seed_17__epoch_07,score_stratified,score_stratified_draw_2,2,0.0003,17,7,e_vil_test1000,i2t.r10,0.967
score_stratified_draw_2__lr_0.0003__seed_17__epoch_07,score_stratified,score_stratified_draw_2,2,0.0003,17,7,e_vil_test1000,i2t.mean_rank,2.656
score_stratified_draw_2__lr_0.0003__seed_17__epoch_07,score_stratified,score_stratified_draw_2,2,0.0003,17,7,e_vil_test1000,i2t.median_rank,1.0
score_stratified_draw_2__lr_0.0003__seed_17__epoch_07,score_stratified,score_stratified_draw_2,2,0.0003,17,7,e_vil_test1000,t2i.r1,0.6084
score_stratified_draw_2__lr_0.0003__seed_17__epoch_07,score_stratified,score_stratified_draw_2,2,0.0003,17,7,e_vil_test1000,t2i.r5,0.845
score_stratified_draw_2__lr_0.0003__seed_17__epoch_07,score_stratified,score_stratified_draw_2,2,0.0003,17,7,e_vil_test1000,t2i.r10,0.9048
score_stratified_draw_2__lr_0.0003__seed_17__epoch_07,score_stratified,score_stratified_draw_2,2,0.0003,17,7,e_vil_test1000,t2i.mean_rank,6.8908
score_stratified_draw_2__lr_0.0003__seed_17__epoch_07,score_stratified,score_stratified_draw_2,2,0.0003,17,7,e_vil_test1000,t2i.median_rank,1.0
score_stratified_draw_2__lr_0.0003__seed_17__epoch_07,score_stratified,score_stratified_draw_2,2,0.0003,17,7,e_vil_test1000,mean_bidirectional_r1,0.6957
score_stratified_draw_2__lr_0.0003__seed_17__epoch_07,score_stratified,score_stratified_draw_2,2,0.0003,17,7,sugarcrepe,positive1_accuracy,0.8209293036879244
score_stratified_draw_2__lr_0.0003__seed_17__epoch_07,score_stratified,score_stratified_draw_2,2,0.0003,17,7,sugarcrepe,accuracy,0.8209293036879244
score_stratified_draw_2__lr_0.0003__seed_17__epoch_07,score_stratified,score_stratified_draw_2,2,0.0003,17,7,sugarcrepe_pp,positive1_accuracy,0.7920958587344965
score_stratified_draw_2__lr_0.0003__seed_17__epoch_07,score_stratified,score_stratified_draw_2,2,0.0003,17,7,sugarcrepe_pp,positive2_accuracy,0.7035947025436199
score_stratified_draw_2__lr_0.0003__seed_17__epoch_07,score_stratified,score_stratified_draw_2,2,0.0003,17,7,sugarcrepe_pp,both_accuracy,0.649989489173849
score_stratified_draw_2__lr_0.0003__seed_17__epoch_07,score_stratified,score_stratified_draw_2,2,0.0003,17,7,sugarcrepe_pp,accuracy,0.649989489173849
score_stratified_draw_2__lr_0.0003__seed_17__epoch_07,score_stratified,score_stratified_draw_2,2,0.0003,17,7,visual_entailment,accuracy,0.8011228099649478
score_stratified_draw_2__lr_0.0003__seed_17__epoch_10,score_stratified,score_stratified_draw_2,2,0.0003,17,10,coco_karpathy,i2t.r1,0.455
score_stratified_draw_2__lr_0.0003__seed_17__epoch_10,score_stratified,score_stratified_draw_2,2,0.0003,17,10,coco_karpathy,i2t.r5,0.7046
score_stratified_draw_2__lr_0.0003__seed_17__epoch_10,score_stratified,score_stratified_draw_2,2,0.0003,17,10,coco_karpathy,i2t.r10,0.7908
score_stratified_draw_2__lr_0.0003__seed_17__epoch_10,score_stratified,score_stratified_draw_2,2,0.0003,17,10,coco_karpathy,i2t.mean_rank,12.6926
score_stratified_draw_2__lr_0.0003__seed_17__epoch_10,score_stratified,score_stratified_draw_2,2,0.0003,17,10,coco_karpathy,i2t.median_rank,2.0
score_stratified_draw_2__lr_0.0003__seed_17__epoch_10,score_stratified,score_stratified_draw_2,2,0.0003,17,10,coco_karpathy,t2i.r1,0.31184
score_stratified_draw_2__lr_0.0003__seed_17__epoch_10,score_stratified,score_stratified_draw_2,2,0.0003,17,10,coco_karpathy,t2i.r5,0.565
score_stratified_draw_2__lr_0.0003__seed_17__epoch_10,score_stratified,score_stratified_draw_2,2,0.0003,17,10,coco_karpathy,t2i.r10,0.67488
score_stratified_draw_2__lr_0.0003__seed_17__epoch_10,score_stratified,score_stratified_draw_2,2,0.0003,17,10,coco_karpathy,t2i.mean_rank,26.26688
score_stratified_draw_2__lr_0.0003__seed_17__epoch_10,score_stratified,score_stratified_draw_2,2,0.0003,17,10,coco_karpathy,t2i.median_rank,4.0
score_stratified_draw_2__lr_0.0003__seed_17__epoch_10,score_stratified,score_stratified_draw_2,2,0.0003,17,10,coco_karpathy,mean_bidirectional_r1,0.38342
score_stratified_draw_2__lr_0.0003__seed_17__epoch_10,score_stratified,score_stratified_draw_2,2,0.0003,17,10,e_vil_test1000,i2t.r1,0.748
score_stratified_draw_2__lr_0.0003__seed_17__epoch_10,score_stratified,score_stratified_draw_2,2,0.0003,17,10,e_vil_test1000,i2t.r5,0.908
score_stratified_draw_2__lr_0.0003__seed_17__epoch_10,score_stratified,score_stratified_draw_2,2,0.0003,17,10,e_vil_test1000,i2t.r10,0.956
score_stratified_draw_2__lr_0.0003__seed_17__epoch_10,score_stratified,score_stratified_draw_2,2,0.0003,17,10,e_vil_test1000,i2t.mean_rank,2.917
score_stratified_draw_2__lr_0.0003__seed_17__epoch_10,score_stratified,score_stratified_draw_2,2,0.0003,17,10,e_vil_test1000,i2t.median_rank,1.0
score_stratified_draw_2__lr_0.0003__seed_17__epoch_10,score_stratified,score_stratified_draw_2,2,0.0003,17,10,e_vil_test1000,t2i.r1,0.576
score_stratified_draw_2__lr_0.0003__seed_17__epoch_10,score_stratified,score_stratified_draw_2,2,0.0003,17,10,e_vil_test1000,t2i.r5,0.8156
score_stratified_draw_2__lr_0.0003__seed_17__epoch_10,score_stratified,score_stratified_draw_2,2,0.0003,17,10,e_vil_test1000,t2i.r10,0.884
score_stratified_draw_2__lr_0.0003__seed_17__epoch_10,score_stratified,score_stratified_draw_2,2,0.0003,17,10,e_vil_test1000,t2i.mean_rank,8.383
score_stratified_draw_2__lr_0.0003__seed_17__epoch_10,score_stratified,score_stratified_draw_2,2,0.0003,17,10,e_vil_test1000,t2i.median_rank,1.0
score_stratified_draw_2__lr_0.0003__seed_17__epoch_10,score_stratified,score_stratified_draw_2,2,0.0003,17,10,e_vil_test1000,mean_bidirectional_r1,0.6619999999999999
score_stratified_draw_2__lr_0.0003__seed_17__epoch_10,score_stratified,score_stratified_draw_2,2,0.0003,17,10,sugarcrepe,positive1_accuracy,0.8150712288643324
score_stratified_draw_2__lr_0.0003__seed_17__epoch_10,score_stratified,score_stratified_draw_2,2,0.0003,17,10,sugarcrepe,accuracy,0.8150712288643324
score_stratified_draw_2__lr_0.0003__seed_17__epoch_10,score_stratified,score_stratified_draw_2,2,0.0003,17,10,sugarcrepe_pp,positive1_accuracy,0.7813748160605424
score_stratified_draw_2__lr_0.0003__seed_17__epoch_10,score_stratified,score_stratified_draw_2,2,0.0003,17,10,sugarcrepe_pp,positive2_accuracy,0.6922430103006096
score_stratified_draw_2__lr_0.0003__seed_17__epoch_10,score_stratified,score_stratified_draw_2,2,0.0003,17,10,sugarcrepe_pp,both_accuracy,0.6352743325625394
score_stratified_draw_2__lr_0.0003__seed_17__epoch_10,score_stratified,score_stratified_draw_2,2,0.0003,17,10,sugarcrepe_pp,accuracy,0.6352743325625394
score_stratified_draw_2__lr_0.0003__seed_17__epoch_10,score_stratified,score_stratified_draw_2,2,0.0003,17,10,visual_entailment,accuracy,0.7847898087463352
score_stratified_draw_2__lr_0.0003__seed_29__epoch_00,score_stratified,score_stratified_draw_2,2,0.0003,29,0,coco_karpathy,i2t.r1,0.5632
score_stratified_draw_2__lr_0.0003__seed_29__epoch_00,score_stratified,score_stratified_draw_2,2,0.0003,29,0,coco_karpathy,i2t.r5,0.7982
score_stratified_draw_2__lr_0.0003__seed_29__epoch_00,score_stratified,score_stratified_draw_2,2,0.0003,29,0,coco_karpathy,i2t.r10,0.8712
score_stratified_draw_2__lr_0.0003__seed_29__epoch_00,score_stratified,score_stratified_draw_2,2,0.0003,29,0,coco_karpathy,i2t.mean_rank,6.9402
score_stratified_draw_2__lr_0.0003__seed_29__epoch_00,score_stratified,score_stratified_draw_2,2,0.0003,29,0,coco_karpathy,i2t.median_rank,1.0
score_stratified_draw_2__lr_0.0003__seed_29__epoch_00,score_stratified,score_stratified_draw_2,2,0.0003,29,0,coco_karpathy,t2i.r1,0.39348
score_stratified_draw_2__lr_0.0003__seed_29__epoch_00,score_stratified,score_stratified_draw_2,2,0.0003,29,0,coco_karpathy,t2i.r5,0.65404
score_stratified_draw_2__lr_0.0003__seed_29__epoch_00,score_stratified,score_stratified_draw_2,2,0.0003,29,0,coco_karpathy,t2i.r10,0.7562
score_stratified_draw_2__lr_0.0003__seed_29__epoch_00,score_stratified,score_stratified_draw_2,2,0.0003,29,0,coco_karpathy,t2i.mean_rank,17.9344
score_stratified_draw_2__lr_0.0003__seed_29__epoch_00,score_stratified,score_stratified_draw_2,2,0.0003,29,0,coco_karpathy,t2i.median_rank,2.0
score_stratified_draw_2__lr_0.0003__seed_29__epoch_00,score_stratified,score_stratified_draw_2,2,0.0003,29,0,coco_karpathy,mean_bidirectional_r1,0.47834
score_stratified_draw_2__lr_0.0003__seed_29__epoch_00,score_stratified,score_stratified_draw_2,2,0.0003,29,0,e_vil_test1000,i2t.r1,0.845
score_stratified_draw_2__lr_0.0003__seed_29__epoch_00,score_stratified,score_stratified_draw_2,2,0.0003,29,0,e_vil_test1000,i2t.r5,0.96
score_stratified_draw_2__lr_0.0003__seed_29__epoch_00,score_stratified,score_stratified_draw_2,2,0.0003,29,0,e_vil_test1000,i2t.r10,0.985
score_stratified_draw_2__lr_0.0003__seed_29__epoch_00,score_stratified,score_stratified_draw_2,2,0.0003,29,0,e_vil_test1000,i2t.mean_rank,1.743
score_stratified_draw_2__lr_0.0003__seed_29__epoch_00,score_stratified,score_stratified_draw_2,2,0.0003,29,0,e_vil_test1000,i2t.median_rank,1.0
score_stratified_draw_2__lr_0.0003__seed_29__epoch_00,score_stratified,score_stratified_draw_2,2,0.0003,29,0,e_vil_test1000,t2i.r1,0.6976
score_stratified_draw_2__lr_0.0003__seed_29__epoch_00,score_stratified,score_stratified_draw_2,2,0.0003,29,0,e_vil_test1000,t2i.r5,0.8968
score_stratified_draw_2__lr_0.0003__seed_29__epoch_00,score_stratified,score_stratified_draw_2,2,0.0003,29,0,e_vil_test1000,t2i.r10,0.9376
score_stratified_draw_2__lr_0.0003__seed_29__epoch_00,score_stratified,score_stratified_draw_2,2,0.0003,29,0,e_vil_test1000,t2i.mean_rank,4.6174
score_stratified_draw_2__lr_0.0003__seed_29__epoch_00,score_stratified,score_stratified_draw_2,2,0.0003,29,0,e_vil_test1000,t2i.median_rank,1.0
score_stratified_draw_2__lr_0.0003__seed_29__epoch_00,score_stratified,score_stratified_draw_2,2,0.0003,29,0,e_vil_test1000,mean_bidirectional_r1,0.7713
score_stratified_draw_2__lr_0.0003__seed_29__epoch_00,score_stratified,score_stratified_draw_2,2,0.0003,29,0,sugarcrepe,positive1_accuracy,0.8121421914525363
score_stratified_draw_2__lr_0.0003__seed_29__epoch_00,score_stratified,score_stratified_draw_2,2,0.0003,29,0,sugarcrepe,accuracy,0.8121421914525363
score_stratified_draw_2__lr_0.0003__seed_29__epoch_00,score_stratified,score_stratified_draw_2,2,0.0003,29,0,sugarcrepe_pp,positive1_accuracy,0.7946184570107211
score_stratified_draw_2__lr_0.0003__seed_29__epoch_00,score_stratified,score_stratified_draw_2,2,0.0003,29,0,sugarcrepe_pp,positive2_accuracy,0.7500525541307547
score_stratified_draw_2__lr_0.0003__seed_29__epoch_00,score_stratified,score_stratified_draw_2,2,0.0003,29,0,sugarcrepe_pp,both_accuracy,0.6895101955013664
score_stratified_draw_2__lr_0.0003__seed_29__epoch_00,score_stratified,score_stratified_draw_2,2,0.0003,29,0,sugarcrepe_pp,accuracy,0.6895101955013664
score_stratified_draw_2__lr_0.0003__seed_29__epoch_00,score_stratified,score_stratified_draw_2,2,0.0003,29,0,visual_entailment,accuracy,0.7947273164639607
score_stratified_draw_2__lr_0.0003__seed_29__epoch_01,score_stratified,score_stratified_draw_2,2,0.0003,29,1,e_vil_test1000,i2t.r1,0.783
score_stratified_draw_2__lr_0.0003__seed_29__epoch_01,score_stratified,score_stratified_draw_2,2,0.0003,29,1,e_vil_test1000,i2t.r5,0.943
score_stratified_draw_2__lr_0.0003__seed_29__epoch_01,score_stratified,score_stratified_draw_2,2,0.0003,29,1,e_vil_test1000,i2t.r10,0.968
score_stratified_draw_2__lr_0.0003__seed_29__epoch_01,score_stratified,score_stratified_draw_2,2,0.0003,29,1,e_vil_test1000,i2t.mean_rank,2.231
score_stratified_draw_2__lr_0.0003__seed_29__epoch_01,score_stratified,score_stratified_draw_2,2,0.0003,29,1,e_vil_test1000,i2t.median_rank,1.0
score_stratified_draw_2__lr_0.0003__seed_29__epoch_01,score_stratified,score_stratified_draw_2,2,0.0003,29,1,e_vil_test1000,t2i.r1,0.6704
score_stratified_draw_2__lr_0.0003__seed_29__epoch_01,score_stratified,score_stratified_draw_2,2,0.0003,29,1,e_vil_test1000,t2i.r5,0.8932
score_stratified_draw_2__lr_0.0003__seed_29__epoch_01,score_stratified,score_stratified_draw_2,2,0.0003,29,1,e_vil_test1000,t2i.r10,0.9382
score_stratified_draw_2__lr_0.0003__seed_29__epoch_01,score_stratified,score_stratified_draw_2,2,0.0003,29,1,e_vil_test1000,t2i.mean_rank,4.8502
score_stratified_draw_2__lr_0.0003__seed_29__epoch_01,score_stratified,score_stratified_draw_2,2,0.0003,29,1,e_vil_test1000,t2i.median_rank,1.0
score_stratified_draw_2__lr_0.0003__seed_29__epoch_01,score_stratified,score_stratified_draw_2,2,0.0003,29,1,e_vil_test1000,mean_bidirectional_r1,0.7267
score_stratified_draw_2__lr_0.0003__seed_29__epoch_01,score_stratified,score_stratified_draw_2,2,0.0003,29,1,sugarcrepe,positive1_accuracy,0.8415657036346692
score_stratified_draw_2__lr_0.0003__seed_29__epoch_01,score_stratified,score_stratified_draw_2,2,0.0003,29,1,sugarcrepe,accuracy,0.8415657036346692
score_stratified_draw_2__lr_0.0003__seed_29__epoch_01,score_stratified,score_stratified_draw_2,2,0.0003,29,1,sugarcrepe_pp,positive1_accuracy,0.8019760353163758
score_stratified_draw_2__lr_0.0003__seed_29__epoch_01,score_stratified,score_stratified_draw_2,2,0.0003,29,1,sugarcrepe_pp,positive2_accuracy,0.7254572209375657
score_stratified_draw_2__lr_0.0003__seed_29__epoch_01,score_stratified,score_stratified_draw_2,2,0.0003,29,1,sugarcrepe_pp,both_accuracy,0.6762665545511877
score_stratified_draw_2__lr_0.0003__seed_29__epoch_01,score_stratified,score_stratified_draw_2,2,0.0003,29,1,sugarcrepe_pp,accuracy,0.6762665545511877
score_stratified_draw_2__lr_0.0003__seed_29__epoch_01,score_stratified,score_stratified_draw_2,2,0.0003,29,1,visual_entailment,accuracy,0.8392455608275503
score_stratified_draw_2__lr_0.0003__seed_29__epoch_05,score_stratified,score_stratified_draw_2,2,0.0003,29,5,e_vil_test1000,i2t.r1,0.8
score_stratified_draw_2__lr_0.0003__seed_29__epoch_05,score_stratified,score_stratified_draw_2,2,0.0003,29,5,e_vil_test1000,i2t.r5,0.932
score_stratified_draw_2__lr_0.0003__seed_29__epoch_05,score_stratified,score_stratified_draw_2,2,0.0003,29,5,e_vil_test1000,i2t.r10,0.964
score_stratified_draw_2__lr_0.0003__seed_29__epoch_05,score_stratified,score_stratified_draw_2,2,0.0003,29,5,e_vil_test1000,i2t.mean_rank,2.417
score_stratified_draw_2__lr_0.0003__seed_29__epoch_05,score_stratified,score_stratified_draw_2,2,0.0003,29,5,e_vil_test1000,i2t.median_rank,1.0
score_stratified_draw_2__lr_0.0003__seed_29__epoch_05,score_stratified,score_stratified_draw_2,2,0.0003,29,5,e_vil_test1000,t2i.r1,0.6164
score_stratified_draw_2__lr_0.0003__seed_29__epoch_05,score_stratified,score_stratified_draw_2,2,0.0003,29,5,e_vil_test1000,t2i.r5,0.8568
score_stratified_draw_2__lr_0.0003__seed_29__epoch_05,score_stratified,score_stratified_draw_2,2,0.0003,29,5,e_vil_test1000,t2i.r10,0.9132
score_stratified_draw_2__lr_0.0003__seed_29__epoch_05,score_stratified,score_stratified_draw_2,2,0.0003,29,5,e_vil_test1000,t2i.mean_rank,6.4692
score_stratified_draw_2__lr_0.0003__seed_29__epoch_05,score_stratified,score_stratified_draw_2,2,0.0003,29,5,e_vil_test1000,t2i.median_rank,1.0
score_stratified_draw_2__lr_0.0003__seed_29__epoch_05,score_stratified,score_stratified_draw_2,2,0.0003,29,5,e_vil_test1000,mean_bidirectional_r1,0.7081999999999999
score_stratified_draw_2__lr_0.0003__seed_29__epoch_05,score_stratified,score_stratified_draw_2,2,0.0003,29,5,sugarcrepe,positive1_accuracy,0.8271867927040341
score_stratified_draw_2__lr_0.0003__seed_29__epoch_05,score_stratified,score_stratified_draw_2,2,0.0003,29,5,sugarcrepe,accuracy,0.8271867927040341
score_stratified_draw_2__lr_0.0003__seed_29__epoch_05,score_stratified,score_stratified_draw_2,2,0.0003,29,5,sugarcrepe_pp,positive1_accuracy,0.7939878074416649
score_stratified_draw_2__lr_0.0003__seed_29__epoch_05,score_stratified,score_stratified_draw_2,2,0.0003,29,5,sugarcrepe_pp,positive2_accuracy,0.7084296825730503
score_stratified_draw_2__lr_0.0003__seed_29__epoch_05,score_stratified,score_stratified_draw_2,2,0.0003,29,5,sugarcrepe_pp,both_accuracy,0.6537733865881858
score_stratified_draw_2__lr_0.0003__seed_29__epoch_05,score_stratified,score_stratified_draw_2,2,0.0003,29,5,sugarcrepe_pp,accuracy,0.6537733865881858
score_stratified_draw_2__lr_0.0003__seed_29__epoch_05,score_stratified,score_stratified_draw_2,2,0.0003,29,5,visual_entailment,accuracy,0.8036540581870026
score_stratified_draw_2__lr_0.0003__seed_29__epoch_10,score_stratified,score_stratified_draw_2,2,0.0003,29,10,coco_karpathy,i2t.r1,0.4582
score_stratified_draw_2__lr_0.0003__seed_29__epoch_10,score_stratified,score_stratified_draw_2,2,0.0003,29,10,coco_karpathy,i2t.r5,0.7042
score_stratified_draw_2__lr_0.0003__seed_29__epoch_10,score_stratified,score_stratified_draw_2,2,0.0003,29,10,coco_karpathy,i2t.r10,0.7952
score_stratified_draw_2__lr_0.0003__seed_29__epoch_10,score_stratified,score_stratified_draw_2,2,0.0003,29,10,coco_karpathy,i2t.mean_rank,12.583
score_stratified_draw_2__lr_0.0003__seed_29__epoch_10,score_stratified,score_stratified_draw_2,2,0.0003,29,10,coco_karpathy,i2t.median_rank,2.0
score_stratified_draw_2__lr_0.0003__seed_29__epoch_10,score_stratified,score_stratified_draw_2,2,0.0003,29,10,coco_karpathy,t2i.r1,0.30964
score_stratified_draw_2__lr_0.0003__seed_29__epoch_10,score_stratified,score_stratified_draw_2,2,0.0003,29,10,coco_karpathy,t2i.r5,0.561
score_stratified_draw_2__lr_0.0003__seed_29__epoch_10,score_stratified,score_stratified_draw_2,2,0.0003,29,10,coco_karpathy,t2i.r10,0.6734
score_stratified_draw_2__lr_0.0003__seed_29__epoch_10,score_stratified,score_stratified_draw_2,2,0.0003,29,10,coco_karpathy,t2i.mean_rank,26.78552
score_stratified_draw_2__lr_0.0003__seed_29__epoch_10,score_stratified,score_stratified_draw_2,2,0.0003,29,10,coco_karpathy,t2i.median_rank,4.0
score_stratified_draw_2__lr_0.0003__seed_29__epoch_10,score_stratified,score_stratified_draw_2,2,0.0003,29,10,coco_karpathy,mean_bidirectional_r1,0.38392000000000004
score_stratified_draw_2__lr_0.0003__seed_29__epoch_10,score_stratified,score_stratified_draw_2,2,0.0003,29,10,e_vil_test1000,i2t.r1,0.743
score_stratified_draw_2__lr_0.0003__seed_29__epoch_10,score_stratified,score_stratified_draw_2,2,0.0003,29,10,e_vil_test1000,i2t.r5,0.914
score_stratified_draw_2__lr_0.0003__seed_29__epoch_10,score_stratified,score_stratified_draw_2,2,0.0003,29,10,e_vil_test1000,i2t.r10,0.956
score_stratified_draw_2__lr_0.0003__seed_29__epoch_10,score_stratified,score_stratified_draw_2,2,0.0003,29,10,e_vil_test1000,i2t.mean_rank,3.04
score_stratified_draw_2__lr_0.0003__seed_29__epoch_10,score_stratified,score_stratified_draw_2,2,0.0003,29,10,e_vil_test1000,i2t.median_rank,1.0
score_stratified_draw_2__lr_0.0003__seed_29__epoch_10,score_stratified,score_stratified_draw_2,2,0.0003,29,10,e_vil_test1000,t2i.r1,0.5764
score_stratified_draw_2__lr_0.0003__seed_29__epoch_10,score_stratified,score_stratified_draw_2,2,0.0003,29,10,e_vil_test1000,t2i.r5,0.82
score_stratified_draw_2__lr_0.0003__seed_29__epoch_10,score_stratified,score_stratified_draw_2,2,0.0003,29,10,e_vil_test1000,t2i.r10,0.8836
score_stratified_draw_2__lr_0.0003__seed_29__epoch_10,score_stratified,score_stratified_draw_2,2,0.0003,29,10,e_vil_test1000,t2i.mean_rank,8.4078
score_stratified_draw_2__lr_0.0003__seed_29__epoch_10,score_stratified,score_stratified_draw_2,2,0.0003,29,10,e_vil_test1000,t2i.median_rank,1.0
score_stratified_draw_2__lr_0.0003__seed_29__epoch_10,score_stratified,score_stratified_draw_2,2,0.0003,29,10,e_vil_test1000,mean_bidirectional_r1,0.6597
score_stratified_draw_2__lr_0.0003__seed_29__epoch_10,score_stratified,score_stratified_draw_2,2,0.0003,29,10,sugarcrepe,positive1_accuracy,0.812541605645054
score_stratified_draw_2__lr_0.0003__seed_29__epoch_10,score_stratified,score_stratified_draw_2,2,0.0003,29,10,sugarcrepe,accuracy,0.812541605645054
score_stratified_draw_2__lr_0.0003__seed_29__epoch_10,score_stratified,score_stratified_draw_2,2,0.0003,29,10,sugarcrepe_pp,positive1_accuracy,0.7832667647677107
score_stratified_draw_2__lr_0.0003__seed_29__epoch_10,score_stratified,score_stratified_draw_2,2,0.0003,29,10,sugarcrepe_pp,positive2_accuracy,0.6916123607315535
score_stratified_draw_2__lr_0.0003__seed_29__epoch_10,score_stratified,score_stratified_draw_2,2,0.0003,29,10,sugarcrepe_pp,both_accuracy,0.6371662812697078
score_stratified_draw_2__lr_0.0003__seed_29__epoch_10,score_stratified,score_stratified_draw_2,2,0.0003,29,10,sugarcrepe_pp,accuracy,0.6371662812697078
score_stratified_draw_2__lr_0.0003__seed_29__epoch_10,score_stratified,score_stratified_draw_2,2,0.0003,29,10,visual_entailment,accuracy,0.7814094633422362
score_stratified_draw_2__lr_0.0003__seed_43__epoch_00,score_stratified,score_stratified_draw_2,2,0.0003,43,0,coco_karpathy,i2t.r1,0.5632
score_stratified_draw_2__lr_0.0003__seed_43__epoch_00,score_stratified,score_stratified_draw_2,2,0.0003,43,0,coco_karpathy,i2t.r5,0.7982
score_stratified_draw_2__lr_0.0003__seed_43__epoch_00,score_stratified,score_stratified_draw_2,2,0.0003,43,0,coco_karpathy,i2t.r10,0.8712
score_stratified_draw_2__lr_0.0003__seed_43__epoch_00,score_stratified,score_stratified_draw_2,2,0.0003,43,0,coco_karpathy,i2t.mean_rank,6.9402
score_stratified_draw_2__lr_0.0003__seed_43__epoch_00,score_stratified,score_stratified_draw_2,2,0.0003,43,0,coco_karpathy,i2t.median_rank,1.0
score_stratified_draw_2__lr_0.0003__seed_43__epoch_00,score_stratified,score_stratified_draw_2,2,0.0003,43,0,coco_karpathy,t2i.r1,0.39348
score_stratified_draw_2__lr_0.0003__seed_43__epoch_00,score_stratified,score_stratified_draw_2,2,0.0003,43,0,coco_karpathy,t2i.r5,0.65404
score_stratified_draw_2__lr_0.0003__seed_43__epoch_00,score_stratified,score_stratified_draw_2,2,0.0003,43,0,coco_karpathy,t2i.r10,0.7562
score_stratified_draw_2__lr_0.0003__seed_43__epoch_00,score_stratified,score_stratified_draw_2,2,0.0003,43,0,coco_karpathy,t2i.mean_rank,17.9344
score_stratified_draw_2__lr_0.0003__seed_43__epoch_00,score_stratified,score_stratified_draw_2,2,0.0003,43,0,coco_karpathy,t2i.median_rank,2.0
score_stratified_draw_2__lr_0.0003__seed_43__epoch_00,score_stratified,score_stratified_draw_2,2,0.0003,43,0,coco_karpathy,mean_bidirectional_r1,0.47834
score_stratified_draw_2__lr_0.0003__seed_43__epoch_00,score_stratified,score_stratified_draw_2,2,0.0003,43,0,e_vil_test1000,i2t.r1,0.845
score_stratified_draw_2__lr_0.0003__seed_43__epoch_00,score_stratified,score_stratified_draw_2,2,0.0003,43,0,e_vil_test1000,i2t.r5,0.96
score_stratified_draw_2__lr_0.0003__seed_43__epoch_00,score_stratified,score_stratified_draw_2,2,0.0003,43,0,e_vil_test1000,i2t.r10,0.985
score_stratified_draw_2__lr_0.0003__seed_43__epoch_00,score_stratified,score_stratified_draw_2,2,0.0003,43,0,e_vil_test1000,i2t.mean_rank,1.743
score_stratified_draw_2__lr_0.0003__seed_43__epoch_00,score_stratified,score_stratified_draw_2,2,0.0003,43,0,e_vil_test1000,i2t.median_rank,1.0
score_stratified_draw_2__lr_0.0003__seed_43__epoch_00,score_stratified,score_stratified_draw_2,2,0.0003,43,0,e_vil_test1000,t2i.r1,0.6976
score_stratified_draw_2__lr_0.0003__seed_43__epoch_00,score_stratified,score_stratified_draw_2,2,0.0003,43,0,e_vil_test1000,t2i.r5,0.8968
score_stratified_draw_2__lr_0.0003__seed_43__epoch_00,score_stratified,score_stratified_draw_2,2,0.0003,43,0,e_vil_test1000,t2i.r10,0.9376
score_stratified_draw_2__lr_0.0003__seed_43__epoch_00,score_stratified,score_stratified_draw_2,2,0.0003,43,0,e_vil_test1000,t2i.mean_rank,4.6174
score_stratified_draw_2__lr_0.0003__seed_43__epoch_00,score_stratified,score_stratified_draw_2,2,0.0003,43,0,e_vil_test1000,t2i.median_rank,1.0
score_stratified_draw_2__lr_0.0003__seed_43__epoch_00,score_stratified,score_stratified_draw_2,2,0.0003,43,0,e_vil_test1000,mean_bidirectional_r1,0.7713
score_stratified_draw_2__lr_0.0003__seed_43__epoch_00,score_stratified,score_stratified_draw_2,2,0.0003,43,0,sugarcrepe,positive1_accuracy,0.8121421914525363
score_stratified_draw_2__lr_0.0003__seed_43__epoch_00,score_stratified,score_stratified_draw_2,2,0.0003,43,0,sugarcrepe,accuracy,0.8121421914525363
score_stratified_draw_2__lr_0.0003__seed_43__epoch_00,score_stratified,score_stratified_draw_2,2,0.0003,43,0,sugarcrepe_pp,positive1_accuracy,0.7946184570107211
score_stratified_draw_2__lr_0.0003__seed_43__epoch_00,score_stratified,score_stratified_draw_2,2,0.0003,43,0,sugarcrepe_pp,positive2_accuracy,0.7500525541307547
score_stratified_draw_2__lr_0.0003__seed_43__epoch_00,score_stratified,score_stratified_draw_2,2,0.0003,43,0,sugarcrepe_pp,both_accuracy,0.6895101955013664
score_stratified_draw_2__lr_0.0003__seed_43__epoch_00,score_stratified,score_stratified_draw_2,2,0.0003,43,0,sugarcrepe_pp,accuracy,0.6895101955013664
score_stratified_draw_2__lr_0.0003__seed_43__epoch_00,score_stratified,score_stratified_draw_2,2,0.0003,43,0,visual_entailment,accuracy,0.7947273164639607
score_stratified_draw_2__lr_0.0003__seed_43__epoch_01,score_stratified,score_stratified_draw_2,2,0.0003,43,1,e_vil_test1000,i2t.r1,0.773
score_stratified_draw_2__lr_0.0003__seed_43__epoch_01,score_stratified,score_stratified_draw_2,2,0.0003,43,1,e_vil_test1000,i2t.r5,0.936
score_stratified_draw_2__lr_0.0003__seed_43__epoch_01,score_stratified,score_stratified_draw_2,2,0.0003,43,1,e_vil_test1000,i2t.r10,0.969
score_stratified_draw_2__lr_0.0003__seed_43__epoch_01,score_stratified,score_stratified_draw_2,2,0.0003,43,1,e_vil_test1000,i2t.mean_rank,2.352
score_stratified_draw_2__lr_0.0003__seed_43__epoch_01,score_stratified,score_stratified_draw_2,2,0.0003,43,1,e_vil_test1000,i2t.median_rank,1.0
score_stratified_draw_2__lr_0.0003__seed_43__epoch_01,score_stratified,score_stratified_draw_2,2,0.0003,43,1,e_vil_test1000,t2i.r1,0.6764
score_stratified_draw_2__lr_0.0003__seed_43__epoch_01,score_stratified,score_stratified_draw_2,2,0.0003,43,1,e_vil_test1000,t2i.r5,0.8962
score_stratified_draw_2__lr_0.0003__seed_43__epoch_01,score_stratified,score_stratified_draw_2,2,0.0003,43,1,e_vil_test1000,t2i.r10,0.9386
score_stratified_draw_2__lr_0.0003__seed_43__epoch_01,score_stratified,score_stratified_draw_2,2,0.0003,43,1,e_vil_test1000,t2i.mean_rank,4.6432
score_stratified_draw_2__lr_0.0003__seed_43__epoch_01,score_stratified,score_stratified_draw_2,2,0.0003,43,1,e_vil_test1000,t2i.median_rank,1.0
score_stratified_draw_2__lr_0.0003__seed_43__epoch_01,score_stratified,score_stratified_draw_2,2,0.0003,43,1,e_vil_test1000,mean_bidirectional_r1,0.7247
score_stratified_draw_2__lr_0.0003__seed_43__epoch_01,score_stratified,score_stratified_draw_2,2,0.0003,43,1,sugarcrepe,positive1_accuracy,0.8363733191319398
score_stratified_draw_2__lr_0.0003__seed_43__epoch_01,score_stratified,score_stratified_draw_2,2,0.0003,43,1,sugarcrepe,accuracy,0.8363733191319398
score_stratified_draw_2__lr_0.0003__seed_43__epoch_01,score_stratified,score_stratified_draw_2,2,0.0003,43,1,sugarcrepe_pp,positive1_accuracy,0.7927265083035526
score_stratified_draw_2__lr_0.0003__seed_43__epoch_01,score_stratified,score_stratified_draw_2,2,0.0003,43,1,sugarcrepe_pp,positive2_accuracy,0.7361782636115198
score_stratified_draw_2__lr_0.0003__seed_43__epoch_01,score_stratified,score_stratified_draw_2,2,0.0003,43,1,sugarcrepe_pp,both_accuracy,0.6750052554130754
score_stratified_draw_2__lr_0.0003__seed_43__epoch_01,score_stratified,score_stratified_draw_2,2,0.0003,43,1,sugarcrepe_pp,accuracy,0.6750052554130754
score_stratified_draw_2__lr_0.0003__seed_43__epoch_01,score_stratified,score_stratified_draw_2,2,0.0003,43,1,visual_entailment,accuracy,0.8398733669940915
score_stratified_draw_2__lr_0.0003__seed_43__epoch_05,score_stratified,score_stratified_draw_2,2,0.0003,43,5,e_vil_test1000,i2t.r1,0.796
score_stratified_draw_2__lr_0.0003__seed_43__epoch_05,score_stratified,score_stratified_draw_2,2,0.0003,43,5,e_vil_test1000,i2t.r5,0.936
score_stratified_draw_2__lr_0.0003__seed_43__epoch_05,score_stratified,score_stratified_draw_2,2,0.0003,43,5,e_vil_test1000,i2t.r10,0.968
score_stratified_draw_2__lr_0.0003__seed_43__epoch_05,score_stratified,score_stratified_draw_2,2,0.0003,43,5,e_vil_test1000,i2t.mean_rank,2.363
score_stratified_draw_2__lr_0.0003__seed_43__epoch_05,score_stratified,score_stratified_draw_2,2,0.0003,43,5,e_vil_test1000,i2t.median_rank,1.0
score_stratified_draw_2__lr_0.0003__seed_43__epoch_05,score_stratified,score_stratified_draw_2,2,0.0003,43,5,e_vil_test1000,t2i.r1,0.618
score_stratified_draw_2__lr_0.0003__seed_43__epoch_05,score_stratified,score_stratified_draw_2,2,0.0003,43,5,e_vil_test1000,t2i.r5,0.8532
score_stratified_draw_2__lr_0.0003__seed_43__epoch_05,score_stratified,score_stratified_draw_2,2,0.0003,43,5,e_vil_test1000,t2i.r10,0.9084
score_stratified_draw_2__lr_0.0003__seed_43__epoch_05,score_stratified,score_stratified_draw_2,2,0.0003,43,5,e_vil_test1000,t2i.mean_rank,6.4926
score_stratified_draw_2__lr_0.0003__seed_43__epoch_05,score_stratified,score_stratified_draw_2,2,0.0003,43,5,e_vil_test1000,t2i.median_rank,1.0
score_stratified_draw_2__lr_0.0003__seed_43__epoch_05,score_stratified,score_stratified_draw_2,2,0.0003,43,5,e_vil_test1000,mean_bidirectional_r1,0.7070000000000001
score_stratified_draw_2__lr_0.0003__seed_43__epoch_05,score_stratified,score_stratified_draw_2,2,0.0003,43,5,sugarcrepe,positive1_accuracy,0.8253228598056185
score_stratified_draw_2__lr_0.0003__seed_43__epoch_05,score_stratified,score_stratified_draw_2,2,0.0003,43,5,sugarcrepe,accuracy,0.8253228598056185
score_stratified_draw_2__lr_0.0003__seed_43__epoch_05,score_stratified,score_stratified_draw_2,2,0.0003,43,5,sugarcrepe_pp,positive1_accuracy,0.792516291780534
score_stratified_draw_2__lr_0.0003__seed_43__epoch_05,score_stratified,score_stratified_draw_2,2,0.0003,43,5,sugarcrepe_pp,positive2_accuracy,0.708639899096069
score_stratified_draw_2__lr_0.0003__seed_43__epoch_05,score_stratified,score_stratified_draw_2,2,0.0003,43,5,sugarcrepe_pp,both_accuracy,0.6527223039730923
score_stratified_draw_2__lr_0.0003__seed_43__epoch_05,score_stratified,score_stratified_draw_2,2,0.0003,43,5,sugarcrepe_pp,accuracy,0.6527223039730923
score_stratified_draw_2__lr_0.0003__seed_43__epoch_05,score_stratified,score_stratified_draw_2,2,0.0003,43,5,visual_entailment,accuracy,0.8113469448779282
score_stratified_draw_2__lr_0.0003__seed_43__epoch_10,score_stratified,score_stratified_draw_2,2,0.0003,43,10,coco_karpathy,i2t.r1,0.4568
score_stratified_draw_2__lr_0.0003__seed_43__epoch_10,score_stratified,score_stratified_draw_2,2,0.0003,43,10,coco_karpathy,i2t.r5,0.704
score_stratified_draw_2__lr_0.0003__seed_43__epoch_10,score_stratified,score_stratified_draw_2,2,0.0003,43,10,coco_karpathy,i2t.r10,0.7994
score_stratified_draw_2__lr_0.0003__seed_43__epoch_10,score_stratified,score_stratified_draw_2,2,0.0003,43,10,coco_karpathy,i2t.mean_rank,12.2582
score_stratified_draw_2__lr_0.0003__seed_43__epoch_10,score_stratified,score_stratified_draw_2,2,0.0003,43,10,coco_karpathy,i2t.median_rank,2.0
score_stratified_draw_2__lr_0.0003__seed_43__epoch_10,score_stratified,score_stratified_draw_2,2,0.0003,43,10,coco_karpathy,t2i.r1,0.31296
score_stratified_draw_2__lr_0.0003__seed_43__epoch_10,score_stratified,score_stratified_draw_2,2,0.0003,43,10,coco_karpathy,t2i.r5,0.56624
score_stratified_draw_2__lr_0.0003__seed_43__epoch_10,score_stratified,score_stratified_draw_2,2,0.0003,43,10,coco_karpathy,t2i.r10,0.67676
score_stratified_draw_2__lr_0.0003__seed_43__epoch_10,score_stratified,score_stratified_draw_2,2,0.0003,43,10,coco_karpathy,t2i.mean_rank,26.0816
score_stratified_draw_2__lr_0.0003__seed_43__epoch_10,score_stratified,score_stratified_draw_2,2,0.0003,43,10,coco_karpathy,t2i.median_rank,4.0
score_stratified_draw_2__lr_0.0003__seed_43__epoch_10,score_stratified,score_stratified_draw_2,2,0.0003,43,10,coco_karpathy,mean_bidirectional_r1,0.38488
score_stratified_draw_2__lr_0.0003__seed_43__epoch_10,score_stratified,score_stratified_draw_2,2,0.0003,43,10,e_vil_test1000,i2t.r1,0.763
score_stratified_draw_2__lr_0.0003__seed_43__epoch_10,score_stratified,score_stratified_draw_2,2,0.0003,43,10,e_vil_test1000,i2t.r5,0.917
score_stratified_draw_2__lr_0.0003__seed_43__epoch_10,score_stratified,score_stratified_draw_2,2,0.0003,43,10,e_vil_test1000,i2t.r10,0.958
score_stratified_draw_2__lr_0.0003__seed_43__epoch_10,score_stratified,score_stratified_draw_2,2,0.0003,43,10,e_vil_test1000,i2t.mean_rank,3.0
score_stratified_draw_2__lr_0.0003__seed_43__epoch_10,score_stratified,score_stratified_draw_2,2,0.0003,43,10,e_vil_test1000,i2t.median_rank,1.0
score_stratified_draw_2__lr_0.0003__seed_43__epoch_10,score_stratified,score_stratified_draw_2,2,0.0003,43,10,e_vil_test1000,t2i.r1,0.5746
score_stratified_draw_2__lr_0.0003__seed_43__epoch_10,score_stratified,score_stratified_draw_2,2,0.0003,43,10,e_vil_test1000,t2i.r5,0.8192
score_stratified_draw_2__lr_0.0003__seed_43__epoch_10,score_stratified,score_stratified_draw_2,2,0.0003,43,10,e_vil_test1000,t2i.r10,0.8842
score_stratified_draw_2__lr_0.0003__seed_43__epoch_10,score_stratified,score_stratified_draw_2,2,0.0003,43,10,e_vil_test1000,t2i.mean_rank,8.407
score_stratified_draw_2__lr_0.0003__seed_43__epoch_10,score_stratified,score_stratified_draw_2,2,0.0003,43,10,e_vil_test1000,t2i.median_rank,1.0
score_stratified_draw_2__lr_0.0003__seed_43__epoch_10,score_stratified,score_stratified_draw_2,2,0.0003,43,10,e_vil_test1000,mean_bidirectional_r1,0.6688000000000001
score_stratified_draw_2__lr_0.0003__seed_43__epoch_10,score_stratified,score_stratified_draw_2,2,0.0003,43,10,sugarcrepe,positive1_accuracy,0.814272400479297
score_stratified_draw_2__lr_0.0003__seed_43__epoch_10,score_stratified,score_stratified_draw_2,2,0.0003,43,10,sugarcrepe,accuracy,0.814272400479297
score_stratified_draw_2__lr_0.0003__seed_43__epoch_10,score_stratified,score_stratified_draw_2,2,0.0003,43,10,sugarcrepe_pp,positive1_accuracy,0.7828463317216733
score_stratified_draw_2__lr_0.0003__seed_43__epoch_10,score_stratified,score_stratified_draw_2,2,0.0003,43,10,sugarcrepe_pp,positive2_accuracy,0.694134959007778
score_stratified_draw_2__lr_0.0003__seed_43__epoch_10,score_stratified,score_stratified_draw_2,2,0.0003,43,10,sugarcrepe_pp,both_accuracy,0.6371662812697078
score_stratified_draw_2__lr_0.0003__seed_43__epoch_10,score_stratified,score_stratified_draw_2,2,0.0003,43,10,sugarcrepe_pp,accuracy,0.6371662812697078
score_stratified_draw_2__lr_0.0003__seed_43__epoch_10,score_stratified,score_stratified_draw_2,2,0.0003,43,10,visual_entailment,accuracy,0.786035697437249
score_stratified_draw_2__lr_0.001__seed_17__epoch_01,score_stratified,score_stratified_draw_2,2,0.001,17,1,e_vil_test1000,i2t.r1,0.735
score_stratified_draw_2__lr_0.001__seed_17__epoch_01,score_stratified,score_stratified_draw_2,2,0.001,17,1,e_vil_test1000,i2t.r5,0.913
score_stratified_draw_2__lr_0.001__seed_17__epoch_01,score_stratified,score_stratified_draw_2,2,0.001,17,1,e_vil_test1000,i2t.r10,0.952
score_stratified_draw_2__lr_0.001__seed_17__epoch_01,score_stratified,score_stratified_draw_2,2,0.001,17,1,e_vil_test1000,i2t.mean_rank,3.242
score_stratified_draw_2__lr_0.001__seed_17__epoch_01,score_stratified,score_stratified_draw_2,2,0.001,17,1,e_vil_test1000,i2t.median_rank,1.0
score_stratified_draw_2__lr_0.001__seed_17__epoch_01,score_stratified,score_stratified_draw_2,2,0.001,17,1,e_vil_test1000,t2i.r1,0.4218
score_stratified_draw_2__lr_0.001__seed_17__epoch_01,score_stratified,score_stratified_draw_2,2,0.001,17,1,e_vil_test1000,t2i.r5,0.7032
score_stratified_draw_2__lr_0.001__seed_17__epoch_01,score_stratified,score_stratified_draw_2,2,0.001,17,1,e_vil_test1000,t2i.r10,0.7952
score_stratified_draw_2__lr_0.001__seed_17__epoch_01,score_stratified,score_stratified_draw_2,2,0.001,17,1,e_vil_test1000,t2i.mean_rank,14.5438
score_stratified_draw_2__lr_0.001__seed_17__epoch_01,score_stratified,score_stratified_draw_2,2,0.001,17,1,e_vil_test1000,t2i.median_rank,2.0
score_stratified_draw_2__lr_0.001__seed_17__epoch_01,score_stratified,score_stratified_draw_2,2,0.001,17,1,e_vil_test1000,mean_bidirectional_r1,0.5784
score_stratified_draw_2__lr_0.001__seed_17__epoch_01,score_stratified,score_stratified_draw_2,2,0.001,17,1,sugarcrepe,positive1_accuracy,0.794301690853415
score_stratified_draw_2__lr_0.001__seed_17__epoch_01,score_stratified,score_stratified_draw_2,2,0.001,17,1,sugarcrepe,accuracy,0.794301690853415
score_stratified_draw_2__lr_0.001__seed_17__epoch_01,score_stratified,score_stratified_draw_2,2,0.001,17,1,sugarcrepe_pp,positive1_accuracy,0.7782215682152617
score_stratified_draw_2__lr_0.001__seed_17__epoch_01,score_stratified,score_stratified_draw_2,2,0.001,17,1,sugarcrepe_pp,positive2_accuracy,0.7096909817111625
score_stratified_draw_2__lr_0.001__seed_17__epoch_01,score_stratified,score_stratified_draw_2,2,0.001,17,1,sugarcrepe_pp,both_accuracy,0.6472566743746059
score_stratified_draw_2__lr_0.001__seed_17__epoch_01,score_stratified,score_stratified_draw_2,2,0.001,17,1,sugarcrepe_pp,accuracy,0.6472566743746059
score_stratified_draw_2__lr_0.001__seed_17__epoch_01,score_stratified,score_stratified_draw_2,2,0.001,17,1,visual_entailment,accuracy,0.7857924563467842
score_stratified_draw_2__lr_0.001__seed_17__epoch_05,score_stratified,score_stratified_draw_2,2,0.001,17,5,e_vil_test1000,i2t.r1,0.704
score_stratified_draw_2__lr_0.001__seed_17__epoch_05,score_stratified,score_stratified_draw_2,2,0.001,17,5,e_vil_test1000,i2t.r5,0.89
score_stratified_draw_2__lr_0.001__seed_17__epoch_05,score_stratified,score_stratified_draw_2,2,0.001,17,5,e_vil_test1000,i2t.r10,0.935
score_stratified_draw_2__lr_0.001__seed_17__epoch_05,score_stratified,score_stratified_draw_2,2,0.001,17,5,e_vil_test1000,i2t.mean_rank,4.161
score_stratified_draw_2__lr_0.001__seed_17__epoch_05,score_stratified,score_stratified_draw_2,2,0.001,17,5,e_vil_test1000,i2t.median_rank,1.0
score_stratified_draw_2__lr_0.001__seed_17__epoch_05,score_stratified,score_stratified_draw_2,2,0.001,17,5,e_vil_test1000,t2i.r1,0.5064
score_stratified_draw_2__lr_0.001__seed_17__epoch_05,score_stratified,score_stratified_draw_2,2,0.001,17,5,e_vil_test1000,t2i.r5,0.769
score_stratified_draw_2__lr_0.001__seed_17__epoch_05,score_stratified,score_stratified_draw_2,2,0.001,17,5,e_vil_test1000,t2i.r10,0.8502
score_stratified_draw_2__lr_0.001__seed_17__epoch_05,score_stratified,score_stratified_draw_2,2,0.001,17,5,e_vil_test1000,t2i.mean_rank,9.2744
score_stratified_draw_2__lr_0.001__seed_17__epoch_05,score_stratified,score_stratified_draw_2,2,0.001,17,5,e_vil_test1000,t2i.median_rank,1.0
score_stratified_draw_2__lr_0.001__seed_17__epoch_05,score_stratified,score_stratified_draw_2,2,0.001,17,5,e_vil_test1000,mean_bidirectional_r1,0.6052
score_stratified_draw_2__lr_0.001__seed_17__epoch_05,score_stratified,score_stratified_draw_2,2,0.001,17,5,sugarcrepe,positive1_accuracy,0.7973638663293836
score_stratified_draw_2__lr_0.001__seed_17__epoch_05,score_stratified,score_stratified_draw_2,2,0.001,17,5,sugarcrepe,accuracy,0.7973638663293836
score_stratified_draw_2__lr_0.001__seed_17__epoch_05,score_stratified,score_stratified_draw_2,2,0.001,17,5,sugarcrepe_pp,positive1_accuracy,0.7698129072945133
score_stratified_draw_2__lr_0.001__seed_17__epoch_05,score_stratified,score_stratified_draw_2,2,0.001,17,5,sugarcrepe_pp,positive2_accuracy,0.7012823207904141
score_stratified_draw_2__lr_0.001__seed_17__epoch_05,score_stratified,score_stratified_draw_2,2,0.001,17,5,sugarcrepe_pp,both_accuracy,0.6403195291149885
score_stratified_draw_2__lr_0.001__seed_17__epoch_05,score_stratified,score_stratified_draw_2,2,0.001,17,5,sugarcrepe_pp,accuracy,0.6403195291149885
score_stratified_draw_2__lr_0.001__seed_17__epoch_05,score_stratified,score_stratified_draw_2,2,0.001,17,5,visual_entailment,accuracy,0.7769278035880922
score_stratified_draw_2__lr_0.001__seed_17__epoch_10,score_stratified,score_stratified_draw_2,2,0.001,17,10,coco_karpathy,i2t.r1,0.3626
score_stratified_draw_2__lr_0.001__seed_17__epoch_10,score_stratified,score_stratified_draw_2,2,0.001,17,10,coco_karpathy,i2t.r5,0.6162
score_stratified_draw_2__lr_0.001__seed_17__epoch_10,score_stratified,score_stratified_draw_2,2,0.001,17,10,coco_karpathy,i2t.r10,0.7202
score_stratified_draw_2__lr_0.001__seed_17__epoch_10,score_stratified,score_stratified_draw_2,2,0.001,17,10,coco_karpathy,i2t.mean_rank,21.4154
score_stratified_draw_2__lr_0.001__seed_17__epoch_10,score_stratified,score_stratified_draw_2,2,0.001,17,10,coco_karpathy,i2t.median_rank,3.0
score_stratified_draw_2__lr_0.001__seed_17__epoch_10,score_stratified,score_stratified_draw_2,2,0.001,17,10,coco_karpathy,t2i.r1,0.23564
score_stratified_draw_2__lr_0.001__seed_17__epoch_10,score_stratified,score_stratified_draw_2,2,0.001,17,10,coco_karpathy,t2i.r5,0.46488
score_stratified_draw_2__lr_0.001__seed_17__epoch_10,score_stratified,score_stratified_draw_2,2,0.001,17,10,coco_karpathy,t2i.r10,0.5828
score_stratified_draw_2__lr_0.001__seed_17__epoch_10,score_stratified,score_stratified_draw_2,2,0.001,17,10,coco_karpathy,t2i.mean_rank,41.63228
score_stratified_draw_2__lr_0.001__seed_17__epoch_10,score_stratified,score_stratified_draw_2,2,0.001,17,10,coco_karpathy,t2i.median_rank,7.0
score_stratified_draw_2__lr_0.001__seed_17__epoch_10,score_stratified,score_stratified_draw_2,2,0.001,17,10,coco_karpathy,mean_bidirectional_r1,0.29912
score_stratified_draw_2__lr_0.001__seed_17__epoch_10,score_stratified,score_stratified_draw_2,2,0.001,17,10,e_vil_test1000,i2t.r1,0.637
score_stratified_draw_2__lr_0.001__seed_17__epoch_10,score_stratified,score_stratified_draw_2,2,0.001,17,10,e_vil_test1000,i2t.r5,0.87
score_stratified_draw_2__lr_0.001__seed_17__epoch_10,score_stratified,score_stratified_draw_2,2,0.001,17,10,e_vil_test1000,i2t.r10,0.926
score_stratified_draw_2__lr_0.001__seed_17__epoch_10,score_stratified,score_stratified_draw_2,2,0.001,17,10,e_vil_test1000,i2t.mean_rank,5.404
score_stratified_draw_2__lr_0.001__seed_17__epoch_10,score_stratified,score_stratified_draw_2,2,0.001,17,10,e_vil_test1000,i2t.median_rank,1.0
score_stratified_draw_2__lr_0.001__seed_17__epoch_10,score_stratified,score_stratified_draw_2,2,0.001,17,10,e_vil_test1000,t2i.r1,0.476
score_stratified_draw_2__lr_0.001__seed_17__epoch_10,score_stratified,score_stratified_draw_2,2,0.001,17,10,e_vil_test1000,t2i.r5,0.7418
score_stratified_draw_2__lr_0.001__seed_17__epoch_10,score_stratified,score_stratified_draw_2,2,0.001,17,10,e_vil_test1000,t2i.r10,0.8268
score_stratified_draw_2__lr_0.001__seed_17__epoch_10,score_stratified,score_stratified_draw_2,2,0.001,17,10,e_vil_test1000,t2i.mean_rank,11.9848
score_stratified_draw_2__lr_0.001__seed_17__epoch_10,score_stratified,score_stratified_draw_2,2,0.001,17,10,e_vil_test1000,t2i.median_rank,2.0
score_stratified_draw_2__lr_0.001__seed_17__epoch_10,score_stratified,score_stratified_draw_2,2,0.001,17,10,e_vil_test1000,mean_bidirectional_r1,0.5565
score_stratified_draw_2__lr_0.001__seed_17__epoch_10,score_stratified,score_stratified_draw_2,2,0.001,17,10,sugarcrepe,positive1_accuracy,0.7905738250565837
score_stratified_draw_2__lr_0.001__seed_17__epoch_10,score_stratified,score_stratified_draw_2,2,0.001,17,10,sugarcrepe,accuracy,0.7905738250565837
score_stratified_draw_2__lr_0.001__seed_17__epoch_10,score_stratified,score_stratified_draw_2,2,0.001,17,10,sugarcrepe_pp,positive1_accuracy,0.763506411603952
score_stratified_draw_2__lr_0.001__seed_17__epoch_10,score_stratified,score_stratified_draw_2,2,0.001,17,10,sugarcrepe_pp,positive2_accuracy,0.6655455118772335
score_stratified_draw_2__lr_0.001__seed_17__epoch_10,score_stratified,score_stratified_draw_2,2,0.001,17,10,sugarcrepe_pp,both_accuracy,0.6104687828463318
score_stratified_draw_2__lr_0.001__seed_17__epoch_10,score_stratified,score_stratified_draw_2,2,0.001,17,10,sugarcrepe_pp,accuracy,0.6104687828463318
score_stratified_draw_2__lr_0.001__seed_17__epoch_10,score_stratified,score_stratified_draw_2,2,0.001,17,10,visual_entailment,accuracy,0.7658590797157572
score_stratified_draw_2__lr_0.001__seed_29__epoch_01,score_stratified,score_stratified_draw_2,2,0.001,29,1,e_vil_test1000,i2t.r1,0.71
score_stratified_draw_2__lr_0.001__seed_29__epoch_01,score_stratified,score_stratified_draw_2,2,0.001,29,1,e_vil_test1000,i2t.r5,0.9
score_stratified_draw_2__lr_0.001__seed_29__epoch_01,score_stratified,score_stratified_draw_2,2,0.001,29,1,e_vil_test1000,i2t.r10,0.941
score_stratified_draw_2__lr_0.001__seed_29__epoch_01,score_stratified,score_stratified_draw_2,2,0.001,29,1,e_vil_test1000,i2t.mean_rank,3.406
score_stratified_draw_2__lr_0.001__seed_29__epoch_01,score_stratified,score_stratified_draw_2,2,0.001,29,1,e_vil_test1000,i2t.median_rank,1.0
score_stratified_draw_2__lr_0.001__seed_29__epoch_01,score_stratified,score_stratified_draw_2,2,0.001,29,1,e_vil_test1000,t2i.r1,0.4234
score_stratified_draw_2__lr_0.001__seed_29__epoch_01,score_stratified,score_stratified_draw_2,2,0.001,29,1,e_vil_test1000,t2i.r5,0.6838
score_stratified_draw_2__lr_0.001__seed_29__epoch_01,score_stratified,score_stratified_draw_2,2,0.001,29,1,e_vil_test1000,t2i.r10,0.7772
score_stratified_draw_2__lr_0.001__seed_29__epoch_01,score_stratified,score_stratified_draw_2,2,0.001,29,1,e_vil_test1000,t2i.mean_rank,16.3328
score_stratified_draw_2__lr_0.001__seed_29__epoch_01,score_stratified,score_stratified_draw_2,2,0.001,29,1,e_vil_test1000,t2i.median_rank,2.0
score_stratified_draw_2__lr_0.001__seed_29__epoch_01,score_stratified,score_stratified_draw_2,2,0.001,29,1,e_vil_test1000,mean_bidirectional_r1,0.5667
score_stratified_draw_2__lr_0.001__seed_29__epoch_01,score_stratified,score_stratified_draw_2,2,0.001,29,1,sugarcrepe,positive1_accuracy,0.8134735720942617
score_stratified_draw_2__lr_0.001__seed_29__epoch_01,score_stratified,score_stratified_draw_2,2,0.001,29,1,sugarcrepe,accuracy,0.8134735720942617
score_stratified_draw_2__lr_0.001__seed_29__epoch_01,score_stratified,score_stratified_draw_2,2,0.001,29,1,sugarcrepe_pp,positive1_accuracy,0.7809543830145049
score_stratified_draw_2__lr_0.001__seed_29__epoch_01,score_stratified,score_stratified_draw_2,2,0.001,29,1,sugarcrepe_pp,positive2_accuracy,0.6804708850115619
score_stratified_draw_2__lr_0.001__seed_29__epoch_01,score_stratified,score_stratified_draw_2,2,0.001,29,1,sugarcrepe_pp,both_accuracy,0.6243430733655665
score_stratified_draw_2__lr_0.001__seed_29__epoch_01,score_stratified,score_stratified_draw_2,2,0.001,29,1,sugarcrepe_pp,accuracy,0.6243430733655665
score_stratified_draw_2__lr_0.001__seed_29__epoch_01,score_stratified,score_stratified_draw_2,2,0.001,29,1,visual_entailment,accuracy,0.8082184543845414
score_stratified_draw_2__lr_0.001__seed_29__epoch_05,score_stratified,score_stratified_draw_2,2,0.001,29,5,e_vil_test1000,i2t.r1,0.706
score_stratified_draw_2__lr_0.001__seed_29__epoch_05,score_stratified,score_stratified_draw_2,2,0.001,29,5,e_vil_test1000,i2t.r5,0.905
score_stratified_draw_2__lr_0.001__seed_29__epoch_05,score_stratified,score_stratified_draw_2,2,0.001,29,5,e_vil_test1000,i2t.r10,0.941
score_stratified_draw_2__lr_0.001__seed_29__epoch_05,score_stratified,score_stratified_draw_2,2,0.001,29,5,e_vil_test1000,i2t.mean_rank,3.912
score_stratified_draw_2__lr_0.001__seed_29__epoch_05,score_stratified,score_stratified_draw_2,2,0.001,29,5,e_vil_test1000,i2t.median_rank,1.0
score_stratified_draw_2__lr_0.001__seed_29__epoch_05,score_stratified,score_stratified_draw_2,2,0.001,29,5,e_vil_test1000,t2i.r1,0.527
score_stratified_draw_2__lr_0.001__seed_29__epoch_05,score_stratified,score_stratified_draw_2,2,0.001,29,5,e_vil_test1000,t2i.r5,0.7896
score_stratified_draw_2__lr_0.001__seed_29__epoch_05,score_stratified,score_stratified_draw_2,2,0.001,29,5,e_vil_test1000,t2i.r10,0.8566
score_stratified_draw_2__lr_0.001__seed_29__epoch_05,score_stratified,score_stratified_draw_2,2,0.001,29,5,e_vil_test1000,t2i.mean_rank,10.0432
score_stratified_draw_2__lr_0.001__seed_29__epoch_05,score_stratified,score_stratified_draw_2,2,0.001,29,5,e_vil_test1000,t2i.median_rank,1.0
score_stratified_draw_2__lr_0.001__seed_29__epoch_05,score_stratified,score_stratified_draw_2,2,0.001,29,5,e_vil_test1000,mean_bidirectional_r1,0.6165
score_stratified_draw_2__lr_0.001__seed_29__epoch_05,score_stratified,score_stratified_draw_2,2,0.001,29,5,sugarcrepe,positive1_accuracy,0.7996272134203168
score_stratified_draw_2__lr_0.001__seed_29__epoch_05,score_stratified,score_stratified_draw_2,2,0.001,29,5,sugarcrepe,accuracy,0.7996272134203168
score_stratified_draw_2__lr_0.001__seed_29__epoch_05,score_stratified,score_stratified_draw_2,2,0.001,29,5,sugarcrepe_pp,positive1_accuracy,0.7677107420643262
score_stratified_draw_2__lr_0.001__seed_29__epoch_05,score_stratified,score_stratified_draw_2,2,0.001,29,5,sugarcrepe_pp,positive2_accuracy,0.7101114147572
score_stratified_draw_2__lr_0.001__seed_29__epoch_05,score_stratified,score_stratified_draw_2,2,0.001,29,5,sugarcrepe_pp,both_accuracy,0.6497792726508304
score_stratified_draw_2__lr_0.001__seed_29__epoch_05,score_stratified,score_stratified_draw_2,2,0.001,29,5,sugarcrepe_pp,accuracy,0.6497792726508304
score_stratified_draw_2__lr_0.001__seed_29__epoch_05,score_stratified,score_stratified_draw_2,2,0.001,29,5,visual_entailment,accuracy,0.7793854367299649
score_stratified_draw_2__lr_0.001__seed_29__epoch_10,score_stratified,score_stratified_draw_2,2,0.001,29,10,coco_karpathy,i2t.r1,0.373
score_stratified_draw_2__lr_0.001__seed_29__epoch_10,score_stratified,score_stratified_draw_2,2,0.001,29,10,coco_karpathy,i2t.r5,0.6268
score_stratified_draw_2__lr_0.001__seed_29__epoch_10,score_stratified,score_stratified_draw_2,2,0.001,29,10,coco_karpathy,i2t.r10,0.7334
score_stratified_draw_2__lr_0.001__seed_29__epoch_10,score_stratified,score_stratified_draw_2,2,0.001,29,10,coco_karpathy,i2t.mean_rank,19.681
score_stratified_draw_2__lr_0.001__seed_29__epoch_10,score_stratified,score_stratified_draw_2,2,0.001,29,10,coco_karpathy,i2t.median_rank,3.0
score_stratified_draw_2__lr_0.001__seed_29__epoch_10,score_stratified,score_stratified_draw_2,2,0.001,29,10,coco_karpathy,t2i.r1,0.23812
score_stratified_draw_2__lr_0.001__seed_29__epoch_10,score_stratified,score_stratified_draw_2,2,0.001,29,10,coco_karpathy,t2i.r5,0.47176
score_stratified_draw_2__lr_0.001__seed_29__epoch_10,score_stratified,score_stratified_draw_2,2,0.001,29,10,coco_karpathy,t2i.r10,0.58524
score_stratified_draw_2__lr_0.001__seed_29__epoch_10,score_stratified,score_stratified_draw_2,2,0.001,29,10,coco_karpathy,t2i.mean_rank,40.58328
score_stratified_draw_2__lr_0.001__seed_29__epoch_10,score_stratified,score_stratified_draw_2,2,0.001,29,10,coco_karpathy,t2i.median_rank,6.0
score_stratified_draw_2__lr_0.001__seed_29__epoch_10,score_stratified,score_stratified_draw_2,2,0.001,29,10,coco_karpathy,mean_bidirectional_r1,0.30556
score_stratified_draw_2__lr_0.001__seed_29__epoch_10,score_stratified,score_stratified_draw_2,2,0.001,29,10,e_vil_test1000,i2t.r1,0.663
score_stratified_draw_2__lr_0.001__seed_29__epoch_10,score_stratified,score_stratified_draw_2,2,0.001,29,10,e_vil_test1000,i2t.r5,0.873
score_stratified_draw_2__lr_0.001__seed_29__epoch_10,score_stratified,score_stratified_draw_2,2,0.001,29,10,e_vil_test1000,i2t.r10,0.922
score_stratified_draw_2__lr_0.001__seed_29__epoch_10,score_stratified,score_stratified_draw_2,2,0.001,29,10,e_vil_test1000,i2t.mean_rank,5.023
score_stratified_draw_2__lr_0.001__seed_29__epoch_10,score_stratified,score_stratified_draw_2,2,0.001,29,10,e_vil_test1000,i2t.median_rank,1.0
score_stratified_draw_2__lr_0.001__seed_29__epoch_10,score_stratified,score_stratified_draw_2,2,0.001,29,10,e_vil_test1000,t2i.r1,0.487
score_stratified_draw_2__lr_0.001__seed_29__epoch_10,score_stratified,score_stratified_draw_2,2,0.001,29,10,e_vil_test1000,t2i.r5,0.749
score_stratified_draw_2__lr_0.001__seed_29__epoch_10,score_stratified,score_stratified_draw_2,2,0.001,29,10,e_vil_test1000,t2i.r10,0.8284
score_stratified_draw_2__lr_0.001__seed_29__epoch_10,score_stratified,score_stratified_draw_2,2,0.001,29,10,e_vil_test1000,t2i.mean_rank,12.43
score_stratified_draw_2__lr_0.001__seed_29__epoch_10,score_stratified,score_stratified_draw_2,2,0.001,29,10,e_vil_test1000,t2i.median_rank,2.0
score_stratified_draw_2__lr_0.001__seed_29__epoch_10,score_stratified,score_stratified_draw_2,2,0.001,29,10,e_vil_test1000,mean_bidirectional_r1,0.575
score_stratified_draw_2__lr_0.001__seed_29__epoch_10,score_stratified,score_stratified_draw_2,2,0.001,29,10,sugarcrepe,positive1_accuracy,0.7795233657302623
score_stratified_draw_2__lr_0.001__seed_29__epoch_10,score_stratified,score_stratified_draw_2,2,0.001,29,10,sugarcrepe,accuracy,0.7795233657302623
score_stratified_draw_2__lr_0.001__seed_29__epoch_10,score_stratified,score_stratified_draw_2,2,0.001,29,10,sugarcrepe_pp,positive1_accuracy,0.7582509985284843
score_stratified_draw_2__lr_0.001__seed_29__epoch_10,score_stratified,score_stratified_draw_2,2,0.001,29,10,sugarcrepe_pp,positive2_accuracy,0.6834139163338239
score_stratified_draw_2__lr_0.001__seed_29__epoch_10,score_stratified,score_stratified_draw_2,2,0.001,29,10,sugarcrepe_pp,both_accuracy,0.6209796089972672
score_stratified_draw_2__lr_0.001__seed_29__epoch_10,score_stratified,score_stratified_draw_2,2,0.001,29,10,sugarcrepe_pp,accuracy,0.6209796089972672
score_stratified_draw_2__lr_0.001__seed_29__epoch_10,score_stratified,score_stratified_draw_2,2,0.001,29,10,visual_entailment,accuracy,0.761823421079662
score_stratified_draw_2__lr_0.001__seed_43__epoch_01,score_stratified,score_stratified_draw_2,2,0.001,43,1,e_vil_test1000,i2t.r1,0.72
score_stratified_draw_2__lr_0.001__seed_43__epoch_01,score_stratified,score_stratified_draw_2,2,0.001,43,1,e_vil_test1000,i2t.r5,0.896
score_stratified_draw_2__lr_0.001__seed_43__epoch_01,score_stratified,score_stratified_draw_2,2,0.001,43,1,e_vil_test1000,i2t.r10,0.951
score_stratified_draw_2__lr_0.001__seed_43__epoch_01,score_stratified,score_stratified_draw_2,2,0.001,43,1,e_vil_test1000,i2t.mean_rank,4.211
score_stratified_draw_2__lr_0.001__seed_43__epoch_01,score_stratified,score_stratified_draw_2,2,0.001,43,1,e_vil_test1000,i2t.median_rank,1.0
score_stratified_draw_2__lr_0.001__seed_43__epoch_01,score_stratified,score_stratified_draw_2,2,0.001,43,1,e_vil_test1000,t2i.r1,0.45
score_stratified_draw_2__lr_0.001__seed_43__epoch_01,score_stratified,score_stratified_draw_2,2,0.001,43,1,e_vil_test1000,t2i.r5,0.7192
score_stratified_draw_2__lr_0.001__seed_43__epoch_01,score_stratified,score_stratified_draw_2,2,0.001,43,1,e_vil_test1000,t2i.r10,0.798
score_stratified_draw_2__lr_0.001__seed_43__epoch_01,score_stratified,score_stratified_draw_2,2,0.001,43,1,e_vil_test1000,t2i.mean_rank,13.224
score_stratified_draw_2__lr_0.001__seed_43__epoch_01,score_stratified,score_stratified_draw_2,2,0.001,43,1,e_vil_test1000,t2i.median_rank,2.0
score_stratified_draw_2__lr_0.001__seed_43__epoch_01,score_stratified,score_stratified_draw_2,2,0.001,43,1,e_vil_test1000,mean_bidirectional_r1,0.585
score_stratified_draw_2__lr_0.001__seed_43__epoch_01,score_stratified,score_stratified_draw_2,2,0.001,43,1,sugarcrepe,positive1_accuracy,0.8081480495273599
score_stratified_draw_2__lr_0.001__seed_43__epoch_01,score_stratified,score_stratified_draw_2,2,0.001,43,1,sugarcrepe,accuracy,0.8081480495273599
score_stratified_draw_2__lr_0.001__seed_43__epoch_01,score_stratified,score_stratified_draw_2,2,0.001,43,1,sugarcrepe_pp,positive1_accuracy,0.7691822577254572
score_stratified_draw_2__lr_0.001__seed_43__epoch_01,score_stratified,score_stratified_draw_2,2,0.001,43,1,sugarcrepe_pp,positive2_accuracy,0.7061173008198445
score_stratified_draw_2__lr_0.001__seed_43__epoch_01,score_stratified,score_stratified_draw_2,2,0.001,43,1,sugarcrepe_pp,both_accuracy,0.6422114778221568
score_stratified_draw_2__lr_0.001__seed_43__epoch_01,score_stratified,score_stratified_draw_2,2,0.001,43,1,sugarcrepe_pp,accuracy,0.6422114778221568
score_stratified_draw_2__lr_0.001__seed_43__epoch_01,score_stratified,score_stratified_draw_2,2,0.001,43,1,visual_entailment,accuracy,0.7978270852357643
score_stratified_draw_2__lr_0.001__seed_43__epoch_05,score_stratified,score_stratified_draw_2,2,0.001,43,5,e_vil_test1000,i2t.r1,0.72
score_stratified_draw_2__lr_0.001__seed_43__epoch_05,score_stratified,score_stratified_draw_2,2,0.001,43,5,e_vil_test1000,i2t.r5,0.905
score_stratified_draw_2__lr_0.001__seed_43__epoch_05,score_stratified,score_stratified_draw_2,2,0.001,43,5,e_vil_test1000,i2t.r10,0.945
score_stratified_draw_2__lr_0.001__seed_43__epoch_05,score_stratified,score_stratified_draw_2,2,0.001,43,5,e_vil_test1000,i2t.mean_rank,4.028
score_stratified_draw_2__lr_0.001__seed_43__epoch_05,score_stratified,score_stratified_draw_2,2,0.001,43,5,e_vil_test1000,i2t.median_rank,1.0
score_stratified_draw_2__lr_0.001__seed_43__epoch_05,score_stratified,score_stratified_draw_2,2,0.001,43,5,e_vil_test1000,t2i.r1,0.5178
score_stratified_draw_2__lr_0.001__seed_43__epoch_05,score_stratified,score_stratified_draw_2,2,0.001,43,5,e_vil_test1000,t2i.r5,0.7782
score_stratified_draw_2__lr_0.001__seed_43__epoch_05,score_stratified,score_stratified_draw_2,2,0.001,43,5,e_vil_test1000,t2i.r10,0.855
score_stratified_draw_2__lr_0.001__seed_43__epoch_05,score_stratified,score_stratified_draw_2,2,0.001,43,5,e_vil_test1000,t2i.mean_rank,9.5742
score_stratified_draw_2__lr_0.001__seed_43__epoch_05,score_stratified,score_stratified_draw_2,2,0.001,43,5,e_vil_test1000,t2i.median_rank,1.0
score_stratified_draw_2__lr_0.001__seed_43__epoch_05,score_stratified,score_stratified_draw_2,2,0.001,43,5,e_vil_test1000,mean_bidirectional_r1,0.6189
score_stratified_draw_2__lr_0.001__seed_43__epoch_05,score_stratified,score_stratified_draw_2,2,0.001,43,5,sugarcrepe,positive1_accuracy,0.7927040340833444
score_stratified_draw_2__lr_0.001__seed_43__epoch_05,score_stratified,score_stratified_draw_2,2,0.001,43,5,sugarcrepe,accuracy,0.7927040340833444
score_stratified_draw_2__lr_0.001__seed_43__epoch_05,score_stratified,score_stratified_draw_2,2,0.001,43,5,sugarcrepe_pp,positive1_accuracy,0.7681311751103637
score_stratified_draw_2__lr_0.001__seed_43__epoch_05,score_stratified,score_stratified_draw_2,2,0.001,43,5,sugarcrepe_pp,positive2_accuracy,0.6964473407609838
score_stratified_draw_2__lr_0.001__seed_43__epoch_05,score_stratified,score_stratified_draw_2,2,0.001,43,5,sugarcrepe_pp,both_accuracy,0.6361151986546143
score_stratified_draw_2__lr_0.001__seed_43__epoch_05,score_stratified,score_stratified_draw_2,2,0.001,43,5,sugarcrepe_pp,accuracy,0.6361151986546143
score_stratified_draw_2__lr_0.001__seed_43__epoch_05,score_stratified,score_stratified_draw_2,2,0.001,43,5,visual_entailment,accuracy,0.7721174357343503
score_stratified_draw_2__lr_0.001__seed_43__epoch_10,score_stratified,score_stratified_draw_2,2,0.001,43,10,coco_karpathy,i2t.r1,0.3502
score_stratified_draw_2__lr_0.001__seed_43__epoch_10,score_stratified,score_stratified_draw_2,2,0.001,43,10,coco_karpathy,i2t.r5,0.6058
score_stratified_draw_2__lr_0.001__seed_43__epoch_10,score_stratified,score_stratified_draw_2,2,0.001,43,10,coco_karpathy,i2t.r10,0.7168
score_stratified_draw_2__lr_0.001__seed_43__epoch_10,score_stratified,score_stratified_draw_2,2,0.001,43,10,coco_karpathy,i2t.mean_rank,20.2364
score_stratified_draw_2__lr_0.001__seed_43__epoch_10,score_stratified,score_stratified_draw_2,2,0.001,43,10,coco_karpathy,i2t.median_rank,3.0
score_stratified_draw_2__lr_0.001__seed_43__epoch_10,score_stratified,score_stratified_draw_2,2,0.001,43,10,coco_karpathy,t2i.r1,0.2402
score_stratified_draw_2__lr_0.001__seed_43__epoch_10,score_stratified,score_stratified_draw_2,2,0.001,43,10,coco_karpathy,t2i.r5,0.47376
score_stratified_draw_2__lr_0.001__seed_43__epoch_10,score_stratified,score_stratified_draw_2,2,0.001,43,10,coco_karpathy,t2i.r10,0.5916
score_stratified_draw_2__lr_0.001__seed_43__epoch_10,score_stratified,score_stratified_draw_2,2,0.001,43,10,coco_karpathy,t2i.mean_rank,40.50256
score_stratified_draw_2__lr_0.001__seed_43__epoch_10,score_stratified,score_stratified_draw_2,2,0.001,43,10,coco_karpathy,t2i.median_rank,6.0
score_stratified_draw_2__lr_0.001__seed_43__epoch_10,score_stratified,score_stratified_draw_2,2,0.001,43,10,coco_karpathy,mean_bidirectional_r1,0.2952
score_stratified_draw_2__lr_0.001__seed_43__epoch_10,score_stratified,score_stratified_draw_2,2,0.001,43,10,e_vil_test1000,i2t.r1,0.651
score_stratified_draw_2__lr_0.001__seed_43__epoch_10,score_stratified,score_stratified_draw_2,2,0.001,43,10,e_vil_test1000,i2t.r5,0.867
score_stratified_draw_2__lr_0.001__seed_43__epoch_10,score_stratified,score_stratified_draw_2,2,0.001,43,10,e_vil_test1000,i2t.r10,0.92
score_stratified_draw_2__lr_0.001__seed_43__epoch_10,score_stratified,score_stratified_draw_2,2,0.001,43,10,e_vil_test1000,i2t.mean_rank,5.814
score_stratified_draw_2__lr_0.001__seed_43__epoch_10,score_stratified,score_stratified_draw_2,2,0.001,43,10,e_vil_test1000,i2t.median_rank,1.0
score_stratified_draw_2__lr_0.001__seed_43__epoch_10,score_stratified,score_stratified_draw_2,2,0.001,43,10,e_vil_test1000,t2i.r1,0.4824
score_stratified_draw_2__lr_0.001__seed_43__epoch_10,score_stratified,score_stratified_draw_2,2,0.001,43,10,e_vil_test1000,t2i.r5,0.7372
score_stratified_draw_2__lr_0.001__seed_43__epoch_10,score_stratified,score_stratified_draw_2,2,0.001,43,10,e_vil_test1000,t2i.r10,0.8214
score_stratified_draw_2__lr_0.001__seed_43__epoch_10,score_stratified,score_stratified_draw_2,2,0.001,43,10,e_vil_test1000,t2i.mean_rank,13.177
score_stratified_draw_2__lr_0.001__seed_43__epoch_10,score_stratified,score_stratified_draw_2,2,0.001,43,10,e_vil_test1000,t2i.median_rank,2.0
score_stratified_draw_2__lr_0.001__seed_43__epoch_10,score_stratified,score_stratified_draw_2,2,0.001,43,10,e_vil_test1000,mean_bidirectional_r1,0.5667
score_stratified_draw_2__lr_0.001__seed_43__epoch_10,score_stratified,score_stratified_draw_2,2,0.001,43,10,sugarcrepe,positive1_accuracy,0.7911063773132738
score_stratified_draw_2__lr_0.001__seed_43__epoch_10,score_stratified,score_stratified_draw_2,2,0.001,43,10,sugarcrepe,accuracy,0.7911063773132738
score_stratified_draw_2__lr_0.001__seed_43__epoch_10,score_stratified,score_stratified_draw_2,2,0.001,43,10,sugarcrepe_pp,positive1_accuracy,0.7637166281269708
score_stratified_draw_2__lr_0.001__seed_43__epoch_10,score_stratified,score_stratified_draw_2,2,0.001,43,10,sugarcrepe_pp,positive2_accuracy,0.6798402354425058
score_stratified_draw_2__lr_0.001__seed_43__epoch_10,score_stratified,score_stratified_draw_2,2,0.001,43,10,sugarcrepe_pp,both_accuracy,0.6214000420433046
score_stratified_draw_2__lr_0.001__seed_43__epoch_10,score_stratified,score_stratified_draw_2,2,0.001,43,10,sugarcrepe_pp,accuracy,0.6214000420433046
score_stratified_draw_2__lr_0.001__seed_43__epoch_10,score_stratified,score_stratified_draw_2,2,0.001,43,10,visual_entailment,accuracy,0.7685670160297592
source__lr_0.0001__seed_17__epoch_01,source,source,,0.0001,17,1,coco_karpathy,i2t.r1,0.5628
source__lr_0.0001__seed_17__epoch_01,source,source,,0.0001,17,1,coco_karpathy,i2t.r5,0.8
source__lr_0.0001__seed_17__epoch_01,source,source,,0.0001,17,1,coco_karpathy,i2t.r10,0.8692
source__lr_0.0001__seed_17__epoch_01,source,source,,0.0001,17,1,coco_karpathy,i2t.mean_rank,7.2566
source__lr_0.0001__seed_17__epoch_01,source,source,,0.0001,17,1,coco_karpathy,i2t.median_rank,1.0
source__lr_0.0001__seed_17__epoch_01,source,source,,0.0001,17,1,coco_karpathy,t2i.r1,0.39652
source__lr_0.0001__seed_17__epoch_01,source,source,,0.0001,17,1,coco_karpathy,t2i.r5,0.65768
source__lr_0.0001__seed_17__epoch_01,source,source,,0.0001,17,1,coco_karpathy,t2i.r10,0.7592
source__lr_0.0001__seed_17__epoch_01,source,source,,0.0001,17,1,coco_karpathy,t2i.mean_rank,17.51824
source__lr_0.0001__seed_17__epoch_01,source,source,,0.0001,17,1,coco_karpathy,t2i.median_rank,2.0
source__lr_0.0001__seed_17__epoch_01,source,source,,0.0001,17,1,coco_karpathy,mean_bidirectional_r1,0.47966
source__lr_0.0001__seed_17__epoch_01,source,source,,0.0001,17,1,e_vil_test1000,i2t.r1,0.849
source__lr_0.0001__seed_17__epoch_01,source,source,,0.0001,17,1,e_vil_test1000,i2t.r5,0.956
source__lr_0.0001__seed_17__epoch_01,source,source,,0.0001,17,1,e_vil_test1000,i2t.r10,0.983
source__lr_0.0001__seed_17__epoch_01,source,source,,0.0001,17,1,e_vil_test1000,i2t.mean_rank,1.854
source__lr_0.0001__seed_17__epoch_01,source,source,,0.0001,17,1,e_vil_test1000,i2t.median_rank,1.0
source__lr_0.0001__seed_17__epoch_01,source,source,,0.0001,17,1,e_vil_test1000,t2i.r1,0.6968
source__lr_0.0001__seed_17__epoch_01,source,source,,0.0001,17,1,e_vil_test1000,t2i.r5,0.9032
source__lr_0.0001__seed_17__epoch_01,source,source,,0.0001,17,1,e_vil_test1000,t2i.r10,0.944
source__lr_0.0001__seed_17__epoch_01,source,source,,0.0001,17,1,e_vil_test1000,t2i.mean_rank,4.3248
source__lr_0.0001__seed_17__epoch_01,source,source,,0.0001,17,1,e_vil_test1000,t2i.median_rank,1.0
source__lr_0.0001__seed_17__epoch_01,source,source,,0.0001,17,1,e_vil_test1000,mean_bidirectional_r1,0.7728999999999999
source__lr_0.0001__seed_17__epoch_01,source,source,,0.0001,17,1,sugarcrepe,positive1_accuracy,0.8343762481693516
source__lr_0.0001__seed_17__epoch_01,source,source,,0.0001,17,1,sugarcrepe,accuracy,0.8343762481693516
source__lr_0.0001__seed_17__epoch_01,source,source,,0.0001,17,1,sugarcrepe_pp,positive1_accuracy,0.8093336136220307
source__lr_0.0001__seed_17__epoch_01,source,source,,0.0001,17,1,sugarcrepe_pp,positive2_accuracy,0.7286104687828463
source__lr_0.0001__seed_17__epoch_01,source,source,,0.0001,17,1,sugarcrepe_pp,both_accuracy,0.6764767710742065
source__lr_0.0001__seed_17__epoch_01,source,source,,0.0001,17,1,sugarcrepe_pp,accuracy,0.6764767710742065
source__lr_0.0001__seed_17__epoch_01,source,source,,0.0001,17,1,visual_entailment,accuracy,0.8134782160321418
source__lr_0.0001__seed_17__epoch_05,source,source,,0.0001,17,5,e_vil_test1000,i2t.r1,0.845
source__lr_0.0001__seed_17__epoch_05,source,source,,0.0001,17,5,e_vil_test1000,i2t.r5,0.96
source__lr_0.0001__seed_17__epoch_05,source,source,,0.0001,17,5,e_vil_test1000,i2t.r10,0.978
source__lr_0.0001__seed_17__epoch_05,source,source,,0.0001,17,5,e_vil_test1000,i2t.mean_rank,1.929
source__lr_0.0001__seed_17__epoch_05,source,source,,0.0001,17,5,e_vil_test1000,i2t.median_rank,1.0
source__lr_0.0001__seed_17__epoch_05,source,source,,0.0001,17,5,e_vil_test1000,t2i.r1,0.6786
source__lr_0.0001__seed_17__epoch_05,source,source,,0.0001,17,5,e_vil_test1000,t2i.r5,0.8964
source__lr_0.0001__seed_17__epoch_05,source,source,,0.0001,17,5,e_vil_test1000,t2i.r10,0.9402
source__lr_0.0001__seed_17__epoch_05,source,source,,0.0001,17,5,e_vil_test1000,t2i.mean_rank,4.6522
source__lr_0.0001__seed_17__epoch_05,source,source,,0.0001,17,5,e_vil_test1000,t2i.median_rank,1.0
source__lr_0.0001__seed_17__epoch_05,source,source,,0.0001,17,5,e_vil_test1000,mean_bidirectional_r1,0.7618
source__lr_0.0001__seed_17__epoch_05,source,source,,0.0001,17,5,sugarcrepe,positive1_accuracy,0.8191985088536813
source__lr_0.0001__seed_17__epoch_05,source,source,,0.0001,17,5,sugarcrepe,accuracy,0.8191985088536813
source__lr_0.0001__seed_17__epoch_05,source,source,,0.0001,17,5,sugarcrepe_pp,positive1_accuracy,0.8028169014084507
source__lr_0.0001__seed_17__epoch_05,source,source,,0.0001,17,5,sugarcrepe_pp,positive2_accuracy,0.7019129703594702
source__lr_0.0001__seed_17__epoch_05,source,source,,0.0001,17,5,sugarcrepe_pp,both_accuracy,0.6552449022493168
source__lr_0.0001__seed_17__epoch_05,source,source,,0.0001,17,5,sugarcrepe_pp,accuracy,0.6552449022493168
source__lr_0.0001__seed_17__epoch_05,source,source,,0.0001,17,5,visual_entailment,accuracy,0.7989227545477826
source__lr_0.0001__seed_17__epoch_10,source,source,,0.0001,17,10,coco_karpathy,i2t.r1,0.5398
source__lr_0.0001__seed_17__epoch_10,source,source,,0.0001,17,10,coco_karpathy,i2t.r5,0.7716
source__lr_0.0001__seed_17__epoch_10,source,source,,0.0001,17,10,coco_karpathy,i2t.r10,0.8532
source__lr_0.0001__seed_17__epoch_10,source,source,,0.0001,17,10,coco_karpathy,i2t.mean_rank,8.1328
source__lr_0.0001__seed_17__epoch_10,source,source,,0.0001,17,10,coco_karpathy,i2t.median_rank,1.0
source__lr_0.0001__seed_17__epoch_10,source,source,,0.0001,17,10,coco_karpathy,t2i.r1,0.36952
source__lr_0.0001__seed_17__epoch_10,source,source,,0.0001,17,10,coco_karpathy,t2i.r5,0.633
source__lr_0.0001__seed_17__epoch_10,source,source,,0.0001,17,10,coco_karpathy,t2i.r10,0.73512
source__lr_0.0001__seed_17__epoch_10,source,source,,0.0001,17,10,coco_karpathy,t2i.mean_rank,19.23696
source__lr_0.0001__seed_17__epoch_10,source,source,,0.0001,17,10,coco_karpathy,t2i.median_rank,3.0
source__lr_0.0001__seed_17__epoch_10,source,source,,0.0001,17,10,coco_karpathy,mean_bidirectional_r1,0.45465999999999995
source__lr_0.0001__seed_17__epoch_10,source,source,,0.0001,17,10,e_vil_test1000,i2t.r1,0.849
source__lr_0.0001__seed_17__epoch_10,source,source,,0.0001,17,10,e_vil_test1000,i2t.r5,0.957
source__lr_0.0001__seed_17__epoch_10,source,source,,0.0001,17,10,e_vil_test1000,i2t.r10,0.978
source__lr_0.0001__seed_17__epoch_10,source,source,,0.0001,17,10,e_vil_test1000,i2t.mean_rank,1.942
source__lr_0.0001__seed_17__epoch_10,source,source,,0.0001,17,10,e_vil_test1000,i2t.median_rank,1.0
source__lr_0.0001__seed_17__epoch_10,source,source,,0.0001,17,10,e_vil_test1000,t2i.r1,0.6574
source__lr_0.0001__seed_17__epoch_10,source,source,,0.0001,17,10,e_vil_test1000,t2i.r5,0.8944
source__lr_0.0001__seed_17__epoch_10,source,source,,0.0001,17,10,e_vil_test1000,t2i.r10,0.9348
source__lr_0.0001__seed_17__epoch_10,source,source,,0.0001,17,10,e_vil_test1000,t2i.mean_rank,5.0956
source__lr_0.0001__seed_17__epoch_10,source,source,,0.0001,17,10,e_vil_test1000,t2i.median_rank,1.0
source__lr_0.0001__seed_17__epoch_10,source,source,,0.0001,17,10,e_vil_test1000,mean_bidirectional_r1,0.7532
source__lr_0.0001__seed_17__epoch_10,source,source,,0.0001,17,10,sugarcrepe,positive1_accuracy,0.810145120489948
source__lr_0.0001__seed_17__epoch_10,source,source,,0.0001,17,10,sugarcrepe,accuracy,0.810145120489948
source__lr_0.0001__seed_17__epoch_10,source,source,,0.0001,17,10,sugarcrepe_pp,positive1_accuracy,0.7988227874710953
source__lr_0.0001__seed_17__epoch_10,source,source,,0.0001,17,10,sugarcrepe_pp,positive2_accuracy,0.687618246794198
source__lr_0.0001__seed_17__epoch_10,source,source,,0.0001,17,10,sugarcrepe_pp,both_accuracy,0.6392684464998949
source__lr_0.0001__seed_17__epoch_10,source,source,,0.0001,17,10,sugarcrepe_pp,accuracy,0.6392684464998949
source__lr_0.0001__seed_17__epoch_10,source,source,,0.0001,17,10,visual_entailment,accuracy,0.779936612284363
source__lr_0.0001__seed_29__epoch_01,source,source,,0.0001,29,1,coco_karpathy,i2t.r1,0.5602
source__lr_0.0001__seed_29__epoch_01,source,source,,0.0001,29,1,coco_karpathy,i2t.r5,0.7996
source__lr_0.0001__seed_29__epoch_01,source,source,,0.0001,29,1,coco_karpathy,i2t.r10,0.869
source__lr_0.0001__seed_29__epoch_01,source,source,,0.0001,29,1,coco_karpathy,i2t.mean_rank,7.244
source__lr_0.0001__seed_29__epoch_01,source,source,,0.0001,29,1,coco_karpathy,i2t.median_rank,1.0
source__lr_0.0001__seed_29__epoch_01,source,source,,0.0001,29,1,coco_karpathy,t2i.r1,0.39456
source__lr_0.0001__seed_29__epoch_01,source,source,,0.0001,29,1,coco_karpathy,t2i.r5,0.65776
source__lr_0.0001__seed_29__epoch_01,source,source,,0.0001,29,1,coco_karpathy,t2i.r10,0.7596
source__lr_0.0001__seed_29__epoch_01,source,source,,0.0001,29,1,coco_karpathy,t2i.mean_rank,17.52904
source__lr_0.0001__seed_29__epoch_01,source,source,,0.0001,29,1,coco_karpathy,t2i.median_rank,2.0
source__lr_0.0001__seed_29__epoch_01,source,source,,0.0001,29,1,coco_karpathy,mean_bidirectional_r1,0.47738
source__lr_0.0001__seed_29__epoch_01,source,source,,0.0001,29,1,e_vil_test1000,i2t.r1,0.85
source__lr_0.0001__seed_29__epoch_01,source,source,,0.0001,29,1,e_vil_test1000,i2t.r5,0.956
source__lr_0.0001__seed_29__epoch_01,source,source,,0.0001,29,1,e_vil_test1000,i2t.r10,0.98
source__lr_0.0001__seed_29__epoch_01,source,source,,0.0001,29,1,e_vil_test1000,i2t.mean_rank,1.832
source__lr_0.0001__seed_29__epoch_01,source,source,,0.0001,29,1,e_vil_test1000,i2t.median_rank,1.0
source__lr_0.0001__seed_29__epoch_01,source,source,,0.0001,29,1,e_vil_test1000,t2i.r1,0.6974
source__lr_0.0001__seed_29__epoch_01,source,source,,0.0001,29,1,e_vil_test1000,t2i.r5,0.9028
source__lr_0.0001__seed_29__epoch_01,source,source,,0.0001,29,1,e_vil_test1000,t2i.r10,0.9436
source__lr_0.0001__seed_29__epoch_01,source,source,,0.0001,29,1,e_vil_test1000,t2i.mean_rank,4.3744
source__lr_0.0001__seed_29__epoch_01,source,source,,0.0001,29,1,e_vil_test1000,t2i.median_rank,1.0
source__lr_0.0001__seed_29__epoch_01,source,source,,0.0001,29,1,e_vil_test1000,mean_bidirectional_r1,0.7737
source__lr_0.0001__seed_29__epoch_01,source,source,,0.0001,29,1,sugarcrepe,positive1_accuracy,0.834243110105179
source__lr_0.0001__seed_29__epoch_01,source,source,,0.0001,29,1,sugarcrepe,accuracy,0.834243110105179
source__lr_0.0001__seed_29__epoch_01,source,source,,0.0001,29,1,sugarcrepe_pp,positive1_accuracy,0.8095438301450494
source__lr_0.0001__seed_29__epoch_01,source,source,,0.0001,29,1,sugarcrepe_pp,positive2_accuracy,0.7319739331511457
source__lr_0.0001__seed_29__epoch_01,source,source,,0.0001,29,1,sugarcrepe_pp,both_accuracy,0.6808913180575993
source__lr_0.0001__seed_29__epoch_01,source,source,,0.0001,29,1,sugarcrepe_pp,accuracy,0.6808913180575993
source__lr_0.0001__seed_29__epoch_01,source,source,,0.0001,29,1,visual_entailment,accuracy,0.8108819729489444
source__lr_0.0001__seed_29__epoch_02,source,source,,0.0001,29,2,coco_karpathy,i2t.r1,0.5604
source__lr_0.0001__seed_29__epoch_02,source,source,,0.0001,29,2,coco_karpathy,i2t.r5,0.795
source__lr_0.0001__seed_29__epoch_02,source,source,,0.0001,29,2,coco_karpathy,i2t.r10,0.8698
source__lr_0.0001__seed_29__epoch_02,source,source,,0.0001,29,2,coco_karpathy,i2t.mean_rank,7.3966
source__lr_0.0001__seed_29__epoch_02,source,source,,0.0001,29,2,coco_karpathy,i2t.median_rank,1.0
source__lr_0.0001__seed_29__epoch_02,source,source,,0.0001,29,2,coco_karpathy,t2i.r1,0.396
source__lr_0.0001__seed_29__epoch_02,source,source,,0.0001,29,2,coco_karpathy,t2i.r5,0.65748
source__lr_0.0001__seed_29__epoch_02,source,source,,0.0001,29,2,coco_karpathy,t2i.r10,0.7598
source__lr_0.0001__seed_29__epoch_02,source,source,,0.0001,29,2,coco_karpathy,t2i.mean_rank,17.40432
source__lr_0.0001__seed_29__epoch_02,source,source,,0.0001,29,2,coco_karpathy,t2i.median_rank,2.0
source__lr_0.0001__seed_29__epoch_02,source,source,,0.0001,29,2,coco_karpathy,mean_bidirectional_r1,0.4782
source__lr_0.0001__seed_29__epoch_02,source,source,,0.0001,29,2,e_vil_test1000,i2t.r1,0.849
source__lr_0.0001__seed_29__epoch_02,source,source,,0.0001,29,2,e_vil_test1000,i2t.r5,0.958
source__lr_0.0001__seed_29__epoch_02,source,source,,0.0001,29,2,e_vil_test1000,i2t.r10,0.979
source__lr_0.0001__seed_29__epoch_02,source,source,,0.0001,29,2,e_vil_test1000,i2t.mean_rank,1.862
source__lr_0.0001__seed_29__epoch_02,source,source,,0.0001,29,2,e_vil_test1000,i2t.median_rank,1.0
source__lr_0.0001__seed_29__epoch_02,source,source,,0.0001,29,2,e_vil_test1000,t2i.r1,0.6964
source__lr_0.0001__seed_29__epoch_02,source,source,,0.0001,29,2,e_vil_test1000,t2i.r5,0.905
source__lr_0.0001__seed_29__epoch_02,source,source,,0.0001,29,2,e_vil_test1000,t2i.r10,0.944
source__lr_0.0001__seed_29__epoch_02,source,source,,0.0001,29,2,e_vil_test1000,t2i.mean_rank,4.3608
source__lr_0.0001__seed_29__epoch_02,source,source,,0.0001,29,2,e_vil_test1000,t2i.median_rank,1.0
source__lr_0.0001__seed_29__epoch_02,source,source,,0.0001,29,2,e_vil_test1000,mean_bidirectional_r1,0.7726999999999999
source__lr_0.0001__seed_29__epoch_02,source,source,,0.0001,29,2,sugarcrepe,positive1_accuracy,0.8329117294634536
source__lr_0.0001__seed_29__epoch_02,source,source,,0.0001,29,2,sugarcrepe,accuracy,0.8329117294634536
source__lr_0.0001__seed_29__epoch_02,source,source,,0.0001,29,2,sugarcrepe_pp,positive1_accuracy,0.8097540466680682
source__lr_0.0001__seed_29__epoch_02,source,source,,0.0001,29,2,sugarcrepe_pp,positive2_accuracy,0.7189405087239857
source__lr_0.0001__seed_29__epoch_02,source,source,,0.0001,29,2,sugarcrepe_pp,both_accuracy,0.6705907084296826
source__lr_0.0001__seed_29__epoch_02,source,source,,0.0001,29,2,sugarcrepe_pp,accuracy,0.6705907084296826
source__lr_0.0001__seed_29__epoch_02,source,source,,0.0001,29,2,visual_entailment,accuracy,0.8096223993382656
source__lr_0.0001__seed_29__epoch_05,source,source,,0.0001,29,5,e_vil_test1000,i2t.r1,0.837
source__lr_0.0001__seed_29__epoch_05,source,source,,0.0001,29,5,e_vil_test1000,i2t.r5,0.966
source__lr_0.0001__seed_29__epoch_05,source,source,,0.0001,29,5,e_vil_test1000,i2t.r10,0.981
source__lr_0.0001__seed_29__epoch_05,source,source,,0.0001,29,5,e_vil_test1000,i2t.mean_rank,1.895
source__lr_0.0001__seed_29__epoch_05,source,source,,0.0001,29,5,e_vil_test1000,i2t.median_rank,1.0
source__lr_0.0001__seed_29__epoch_05,source,source,,0.0001,29,5,e_vil_test1000,t2i.r1,0.6786
source__lr_0.0001__seed_29__epoch_05,source,source,,0.0001,29,5,e_vil_test1000,t2i.r5,0.9004
source__lr_0.0001__seed_29__epoch_05,source,source,,0.0001,29,5,e_vil_test1000,t2i.r10,0.94
source__lr_0.0001__seed_29__epoch_05,source,source,,0.0001,29,5,e_vil_test1000,t2i.mean_rank,4.6698
source__lr_0.0001__seed_29__epoch_05,source,source,,0.0001,29,5,e_vil_test1000,t2i.median_rank,1.0
source__lr_0.0001__seed_29__epoch_05,source,source,,0.0001,29,5,e_vil_test1000,mean_bidirectional_r1,0.7578
source__lr_0.0001__seed_29__epoch_05,source,source,,0.0001,29,5,sugarcrepe,positive1_accuracy,0.8193316469178538
source__lr_0.0001__seed_29__epoch_05,source,source,,0.0001,29,5,sugarcrepe,accuracy,0.8193316469178538
source__lr_0.0001__seed_29__epoch_05,source,source,,0.0001,29,5,sugarcrepe_pp,positive1_accuracy,0.8023964683624133
source__lr_0.0001__seed_29__epoch_05,source,source,,0.0001,29,5,sugarcrepe_pp,positive2_accuracy,0.7031742694975825
source__lr_0.0001__seed_29__epoch_05,source,source,,0.0001,29,5,sugarcrepe_pp,both_accuracy,0.6571368509564852
source__lr_0.0001__seed_29__epoch_05,source,source,,0.0001,29,5,sugarcrepe_pp,accuracy,0.6571368509564852
source__lr_0.0001__seed_29__epoch_05,source,source,,0.0001,29,5,visual_entailment,accuracy,0.7998676716487744
source__lr_0.0001__seed_29__epoch_10,source,source,,0.0001,29,10,coco_karpathy,i2t.r1,0.5382
source__lr_0.0001__seed_29__epoch_10,source,source,,0.0001,29,10,coco_karpathy,i2t.r5,0.7722
source__lr_0.0001__seed_29__epoch_10,source,source,,0.0001,29,10,coco_karpathy,i2t.r10,0.851
source__lr_0.0001__seed_29__epoch_10,source,source,,0.0001,29,10,coco_karpathy,i2t.mean_rank,8.0748
source__lr_0.0001__seed_29__epoch_10,source,source,,0.0001,29,10,coco_karpathy,i2t.median_rank,1.0
source__lr_0.0001__seed_29__epoch_10,source,source,,0.0001,29,10,coco_karpathy,t2i.r1,0.36968
source__lr_0.0001__seed_29__epoch_10,source,source,,0.0001,29,10,coco_karpathy,t2i.r5,0.63328
source__lr_0.0001__seed_29__epoch_10,source,source,,0.0001,29,10,coco_karpathy,t2i.r10,0.73536
source__lr_0.0001__seed_29__epoch_10,source,source,,0.0001,29,10,coco_karpathy,t2i.mean_rank,19.1082
source__lr_0.0001__seed_29__epoch_10,source,source,,0.0001,29,10,coco_karpathy,t2i.median_rank,3.0
source__lr_0.0001__seed_29__epoch_10,source,source,,0.0001,29,10,coco_karpathy,mean_bidirectional_r1,0.45394
source__lr_0.0001__seed_29__epoch_10,source,source,,0.0001,29,10,e_vil_test1000,i2t.r1,0.846
source__lr_0.0001__seed_29__epoch_10,source,source,,0.0001,29,10,e_vil_test1000,i2t.r5,0.961
source__lr_0.0001__seed_29__epoch_10,source,source,,0.0001,29,10,e_vil_test1000,i2t.r10,0.978
source__lr_0.0001__seed_29__epoch_10,source,source,,0.0001,29,10,e_vil_test1000,i2t.mean_rank,1.923
source__lr_0.0001__seed_29__epoch_10,source,source,,0.0001,29,10,e_vil_test1000,i2t.median_rank,1.0
source__lr_0.0001__seed_29__epoch_10,source,source,,0.0001,29,10,e_vil_test1000,t2i.r1,0.6612
source__lr_0.0001__seed_29__epoch_10,source,source,,0.0001,29,10,e_vil_test1000,t2i.r5,0.8926
source__lr_0.0001__seed_29__epoch_10,source,source,,0.0001,29,10,e_vil_test1000,t2i.r10,0.9356
source__lr_0.0001__seed_29__epoch_10,source,source,,0.0001,29,10,e_vil_test1000,t2i.mean_rank,4.9702
source__lr_0.0001__seed_29__epoch_10,source,source,,0.0001,29,10,e_vil_test1000,t2i.median_rank,1.0
source__lr_0.0001__seed_29__epoch_10,source,source,,0.0001,29,10,e_vil_test1000,mean_bidirectional_r1,0.7536
source__lr_0.0001__seed_29__epoch_10,source,source,,0.0001,29,10,sugarcrepe,positive1_accuracy,0.8093462921049128
source__lr_0.0001__seed_29__epoch_10,source,source,,0.0001,29,10,sugarcrepe,accuracy,0.8093462921049128
source__lr_0.0001__seed_29__epoch_10,source,source,,0.0001,29,10,sugarcrepe_pp,positive1_accuracy,0.8036577675005255
source__lr_0.0001__seed_29__epoch_10,source,source,,0.0001,29,10,sugarcrepe_pp,positive2_accuracy,0.6869875972251419
source__lr_0.0001__seed_29__epoch_10,source,source,,0.0001,29,10,sugarcrepe_pp,both_accuracy,0.6430523439142316
source__lr_0.0001__seed_29__epoch_10,source,source,,0.0001,29,10,sugarcrepe_pp,accuracy,0.6430523439142316
source__lr_0.0001__seed_29__epoch_10,source,source,,0.0001,29,10,visual_entailment,accuracy,0.7762176432241887
source__lr_0.0001__seed_43__epoch_01,source,source,,0.0001,43,1,e_vil_test1000,i2t.r1,0.844
source__lr_0.0001__seed_43__epoch_01,source,source,,0.0001,43,1,e_vil_test1000,i2t.r5,0.957
source__lr_0.0001__seed_43__epoch_01,source,source,,0.0001,43,1,e_vil_test1000,i2t.r10,0.982
source__lr_0.0001__seed_43__epoch_01,source,source,,0.0001,43,1,e_vil_test1000,i2t.mean_rank,1.84
source__lr_0.0001__seed_43__epoch_01,source,source,,0.0001,43,1,e_vil_test1000,i2t.median_rank,1.0
source__lr_0.0001__seed_43__epoch_01,source,source,,0.0001,43,1,e_vil_test1000,t2i.r1,0.7
source__lr_0.0001__seed_43__epoch_01,source,source,,0.0001,43,1,e_vil_test1000,t2i.r5,0.9028
source__lr_0.0001__seed_43__epoch_01,source,source,,0.0001,43,1,e_vil_test1000,t2i.r10,0.9446
source__lr_0.0001__seed_43__epoch_01,source,source,,0.0001,43,1,e_vil_test1000,t2i.mean_rank,4.3324
source__lr_0.0001__seed_43__epoch_01,source,source,,0.0001,43,1,e_vil_test1000,t2i.median_rank,1.0
source__lr_0.0001__seed_43__epoch_01,source,source,,0.0001,43,1,e_vil_test1000,mean_bidirectional_r1,0.772
source__lr_0.0001__seed_43__epoch_01,source,source,,0.0001,43,1,sugarcrepe,positive1_accuracy,0.8333111436559713
source__lr_0.0001__seed_43__epoch_01,source,source,,0.0001,43,1,sugarcrepe,accuracy,0.8333111436559713
source__lr_0.0001__seed_43__epoch_01,source,source,,0.0001,43,1,sugarcrepe_pp,positive1_accuracy,0.8097540466680682
source__lr_0.0001__seed_43__epoch_01,source,source,,0.0001,43,1,sugarcrepe_pp,positive2_accuracy,0.7323943661971831
source__lr_0.0001__seed_43__epoch_01,source,source,,0.0001,43,1,sugarcrepe_pp,both_accuracy,0.6808913180575993
source__lr_0.0001__seed_43__epoch_01,source,source,,0.0001,43,1,sugarcrepe_pp,accuracy,0.6808913180575993
source__lr_0.0001__seed_43__epoch_01,source,source,,0.0001,43,1,visual_entailment,accuracy,0.8125669048973044
source__lr_0.0001__seed_43__epoch_02,source,source,,0.0001,43,2,coco_karpathy,i2t.r1,0.5594
source__lr_0.0001__seed_43__epoch_02,source,source,,0.0001,43,2,coco_karpathy,i2t.r5,0.7954
source__lr_0.0001__seed_43__epoch_02,source,source,,0.0001,43,2,coco_karpathy,i2t.r10,0.8702
source__lr_0.0001__seed_43__epoch_02,source,source,,0.0001,43,2,coco_karpathy,i2t.mean_rank,7.3038
source__lr_0.0001__seed_43__epoch_02,source,source,,0.0001,43,2,coco_karpathy,i2t.median_rank,1.0
source__lr_0.0001__seed_43__epoch_02,source,source,,0.0001,43,2,coco_karpathy,t2i.r1,0.39404
source__lr_0.0001__seed_43__epoch_02,source,source,,0.0001,43,2,coco_karpathy,t2i.r5,0.65868
source__lr_0.0001__seed_43__epoch_02,source,source,,0.0001,43,2,coco_karpathy,t2i.r10,0.76128
source__lr_0.0001__seed_43__epoch_02,source,source,,0.0001,43,2,coco_karpathy,t2i.mean_rank,17.43416
source__lr_0.0001__seed_43__epoch_02,source,source,,0.0001,43,2,coco_karpathy,t2i.median_rank,2.0
source__lr_0.0001__seed_43__epoch_02,source,source,,0.0001,43,2,coco_karpathy,mean_bidirectional_r1,0.47672000000000003
source__lr_0.0001__seed_43__epoch_02,source,source,,0.0001,43,2,e_vil_test1000,i2t.r1,0.847
source__lr_0.0001__seed_43__epoch_02,source,source,,0.0001,43,2,e_vil_test1000,i2t.r5,0.959
source__lr_0.0001__seed_43__epoch_02,source,source,,0.0001,43,2,e_vil_test1000,i2t.r10,0.982
source__lr_0.0001__seed_43__epoch_02,source,source,,0.0001,43,2,e_vil_test1000,i2t.mean_rank,1.815
source__lr_0.0001__seed_43__epoch_02,source,source,,0.0001,43,2,e_vil_test1000,i2t.median_rank,1.0
source__lr_0.0001__seed_43__epoch_02,source,source,,0.0001,43,2,e_vil_test1000,t2i.r1,0.6978
source__lr_0.0001__seed_43__epoch_02,source,source,,0.0001,43,2,e_vil_test1000,t2i.r5,0.9054
source__lr_0.0001__seed_43__epoch_02,source,source,,0.0001,43,2,e_vil_test1000,t2i.r10,0.9446
source__lr_0.0001__seed_43__epoch_02,source,source,,0.0001,43,2,e_vil_test1000,t2i.mean_rank,4.3
source__lr_0.0001__seed_43__epoch_02,source,source,,0.0001,43,2,e_vil_test1000,t2i.median_rank,1.0
source__lr_0.0001__seed_43__epoch_02,source,source,,0.0001,43,2,e_vil_test1000,mean_bidirectional_r1,0.7724
source__lr_0.0001__seed_43__epoch_02,source,source,,0.0001,43,2,sugarcrepe,positive1_accuracy,0.8314472107575556
source__lr_0.0001__seed_43__epoch_02,source,source,,0.0001,43,2,sugarcrepe,accuracy,0.8314472107575556
source__lr_0.0001__seed_43__epoch_02,source,source,,0.0001,43,2,sugarcrepe_pp,positive1_accuracy,0.8082825310069371
source__lr_0.0001__seed_43__epoch_02,source,source,,0.0001,43,2,sugarcrepe_pp,positive2_accuracy,0.7199915913390793
source__lr_0.0001__seed_43__epoch_02,source,source,,0.0001,43,2,sugarcrepe_pp,both_accuracy,0.6708009249527013
source__lr_0.0001__seed_43__epoch_02,source,source,,0.0001,43,2,sugarcrepe_pp,accuracy,0.6708009249527013
source__lr_0.0001__seed_43__epoch_02,source,source,,0.0001,43,2,visual_entailment,accuracy,0.8115062351407348
source__lr_0.0001__seed_43__epoch_03,source,source,,0.0001,43,3,coco_karpathy,i2t.r1,0.5526
source__lr_0.0001__seed_43__epoch_03,source,source,,0.0001,43,3,coco_karpathy,i2t.r5,0.7882
source__lr_0.0001__seed_43__epoch_03,source,source,,0.0001,43,3,coco_karpathy,i2t.r10,0.8698
source__lr_0.0001__seed_43__epoch_03,source,source,,0.0001,43,3,coco_karpathy,i2t.mean_rank,7.6096
source__lr_0.0001__seed_43__epoch_03,source,source,,0.0001,43,3,coco_karpathy,i2t.median_rank,1.0
source__lr_0.0001__seed_43__epoch_03,source,source,,0.0001,43,3,coco_karpathy,t2i.r1,0.39024
source__lr_0.0001__seed_43__epoch_03,source,source,,0.0001,43,3,coco_karpathy,t2i.r5,0.65468
source__lr_0.0001__seed_43__epoch_03,source,source,,0.0001,43,3,coco_karpathy,t2i.r10,0.75852
source__lr_0.0001__seed_43__epoch_03,source,source,,0.0001,43,3,coco_karpathy,t2i.mean_rank,17.64224
source__lr_0.0001__seed_43__epoch_03,source,source,,0.0001,43,3,coco_karpathy,t2i.median_rank,2.0
source__lr_0.0001__seed_43__epoch_03,source,source,,0.0001,43,3,coco_karpathy,mean_bidirectional_r1,0.47141999999999995
source__lr_0.0001__seed_43__epoch_03,source,source,,0.0001,43,3,e_vil_test1000,i2t.r1,0.842
source__lr_0.0001__seed_43__epoch_03,source,source,,0.0001,43,3,e_vil_test1000,i2t.r5,0.955
source__lr_0.0001__seed_43__epoch_03,source,source,,0.0001,43,3,e_vil_test1000,i2t.r10,0.981
source__lr_0.0001__seed_43__epoch_03,source,source,,0.0001,43,3,e_vil_test1000,i2t.mean_rank,1.917
source__lr_0.0001__seed_43__epoch_03,source,source,,0.0001,43,3,e_vil_test1000,i2t.median_rank,1.0
source__lr_0.0001__seed_43__epoch_03,source,source,,0.0001,43,3,e_vil_test1000,t2i.r1,0.6864
source__lr_0.0001__seed_43__epoch_03,source,source,,0.0001,43,3,e_vil_test1000,t2i.r5,0.904
source__lr_0.0001__seed_43__epoch_03,source,source,,0.0001,43,3,e_vil_test1000,t2i.r10,0.9422
source__lr_0.0001__seed_43__epoch_03,source,source,,0.0001,43,3,e_vil_test1000,t2i.mean_rank,4.4126
source__lr_0.0001__seed_43__epoch_03,source,source,,0.0001,43,3,e_vil_test1000,t2i.median_rank,1.0
source__lr_0.0001__seed_43__epoch_03,source,source,,0.0001,43,3,e_vil_test1000,mean_bidirectional_r1,0.7642
source__lr_0.0001__seed_43__epoch_03,source,source,,0.0001,43,3,sugarcrepe,positive1_accuracy,0.8290507256024497
source__lr_0.0001__seed_43__epoch_03,source,source,,0.0001,43,3,sugarcrepe,accuracy,0.8290507256024497
source__lr_0.0001__seed_43__epoch_03,source,source,,0.0001,43,3,sugarcrepe_pp,positive1_accuracy,0.8044986335926004
source__lr_0.0001__seed_43__epoch_03,source,source,,0.0001,43,3,sugarcrepe_pp,positive2_accuracy,0.7138953121715367
source__lr_0.0001__seed_43__epoch_03,source,source,,0.0001,43,3,sugarcrepe_pp,both_accuracy,0.6647046457851588
source__lr_0.0001__seed_43__epoch_03,source,source,,0.0001,43,3,sugarcrepe_pp,accuracy,0.6647046457851588
source__lr_0.0001__seed_43__epoch_03,source,source,,0.0001,43,3,visual_entailment,accuracy,0.8111799339625242
source__lr_0.0001__seed_43__epoch_05,source,source,,0.0001,43,5,e_vil_test1000,i2t.r1,0.842
source__lr_0.0001__seed_43__epoch_05,source,source,,0.0001,43,5,e_vil_test1000,i2t.r5,0.962
source__lr_0.0001__seed_43__epoch_05,source,source,,0.0001,43,5,e_vil_test1000,i2t.r10,0.978
source__lr_0.0001__seed_43__epoch_05,source,source,,0.0001,43,5,e_vil_test1000,i2t.mean_rank,1.922
source__lr_0.0001__seed_43__epoch_05,source,source,,0.0001,43,5,e_vil_test1000,i2t.median_rank,1.0
source__lr_0.0001__seed_43__epoch_05,source,source,,0.0001,43,5,e_vil_test1000,t2i.r1,0.6796
source__lr_0.0001__seed_43__epoch_05,source,source,,0.0001,43,5,e_vil_test1000,t2i.r5,0.8976
source__lr_0.0001__seed_43__epoch_05,source,source,,0.0001,43,5,e_vil_test1000,t2i.r10,0.939
source__lr_0.0001__seed_43__epoch_05,source,source,,0.0001,43,5,e_vil_test1000,t2i.mean_rank,4.6908
source__lr_0.0001__seed_43__epoch_05,source,source,,0.0001,43,5,e_vil_test1000,t2i.median_rank,1.0
source__lr_0.0001__seed_43__epoch_05,source,source,,0.0001,43,5,e_vil_test1000,mean_bidirectional_r1,0.7607999999999999
source__lr_0.0001__seed_43__epoch_05,source,source,,0.0001,43,5,sugarcrepe,positive1_accuracy,0.8182665424044734
source__lr_0.0001__seed_43__epoch_05,source,source,,0.0001,43,5,sugarcrepe,accuracy,0.8182665424044734
source__lr_0.0001__seed_43__epoch_05,source,source,,0.0001,43,5,sugarcrepe_pp,positive1_accuracy,0.7994534370401514
source__lr_0.0001__seed_43__epoch_05,source,source,,0.0001,43,5,sugarcrepe_pp,positive2_accuracy,0.7025436199285264
source__lr_0.0001__seed_43__epoch_05,source,source,,0.0001,43,5,sugarcrepe_pp,both_accuracy,0.6539836031112045
source__lr_0.0001__seed_43__epoch_05,source,source,,0.0001,43,5,sugarcrepe_pp,accuracy,0.6539836031112045
source__lr_0.0001__seed_43__epoch_05,source,source,,0.0001,43,5,visual_entailment,accuracy,0.8031683901664816
source__lr_0.0001__seed_43__epoch_10,source,source,,0.0001,43,10,coco_karpathy,i2t.r1,0.5352
source__lr_0.0001__seed_43__epoch_10,source,source,,0.0001,43,10,coco_karpathy,i2t.r5,0.7694
source__lr_0.0001__seed_43__epoch_10,source,source,,0.0001,43,10,coco_karpathy,i2t.r10,0.852
source__lr_0.0001__seed_43__epoch_10,source,source,,0.0001,43,10,coco_karpathy,i2t.mean_rank,8.378
source__lr_0.0001__seed_43__epoch_10,source,source,,0.0001,43,10,coco_karpathy,i2t.median_rank,1.0
source__lr_0.0001__seed_43__epoch_10,source,source,,0.0001,43,10,coco_karpathy,t2i.r1,0.36968
source__lr_0.0001__seed_43__epoch_10,source,source,,0.0001,43,10,coco_karpathy,t2i.r5,0.63256
source__lr_0.0001__seed_43__epoch_10,source,source,,0.0001,43,10,coco_karpathy,t2i.r10,0.73736
source__lr_0.0001__seed_43__epoch_10,source,source,,0.0001,43,10,coco_karpathy,t2i.mean_rank,18.91324
source__lr_0.0001__seed_43__epoch_10,source,source,,0.0001,43,10,coco_karpathy,t2i.median_rank,3.0
source__lr_0.0001__seed_43__epoch_10,source,source,,0.0001,43,10,coco_karpathy,mean_bidirectional_r1,0.45244
source__lr_0.0001__seed_43__epoch_10,source,source,,0.0001,43,10,e_vil_test1000,i2t.r1,0.846
source__lr_0.0001__seed_43__epoch_10,source,source,,0.0001,43,10,e_vil_test1000,i2t.r5,0.957
source__lr_0.0001__seed_43__epoch_10,source,source,,0.0001,43,10,e_vil_test1000,i2t.r10,0.978
source__lr_0.0001__seed_43__epoch_10,source,source,,0.0001,43,10,e_vil_test1000,i2t.mean_rank,1.946
source__lr_0.0001__seed_43__epoch_10,source,source,,0.0001,43,10,e_vil_test1000,i2t.median_rank,1.0
source__lr_0.0001__seed_43__epoch_10,source,source,,0.0001,43,10,e_vil_test1000,t2i.r1,0.6606
source__lr_0.0001__seed_43__epoch_10,source,source,,0.0001,43,10,e_vil_test1000,t2i.r5,0.8966
source__lr_0.0001__seed_43__epoch_10,source,source,,0.0001,43,10,e_vil_test1000,t2i.r10,0.9354
source__lr_0.0001__seed_43__epoch_10,source,source,,0.0001,43,10,e_vil_test1000,t2i.mean_rank,4.9738
source__lr_0.0001__seed_43__epoch_10,source,source,,0.0001,43,10,e_vil_test1000,t2i.median_rank,1.0
source__lr_0.0001__seed_43__epoch_10,source,source,,0.0001,43,10,e_vil_test1000,mean_bidirectional_r1,0.7533
source__lr_0.0001__seed_43__epoch_10,source,source,,0.0001,43,10,sugarcrepe,positive1_accuracy,0.8104113966182932
source__lr_0.0001__seed_43__epoch_10,source,source,,0.0001,43,10,sugarcrepe,accuracy,0.8104113966182932
source__lr_0.0001__seed_43__epoch_10,source,source,,0.0001,43,10,sugarcrepe_pp,positive1_accuracy,0.8023964683624133
source__lr_0.0001__seed_43__epoch_10,source,source,,0.0001,43,10,sugarcrepe_pp,positive2_accuracy,0.6888795459323103
source__lr_0.0001__seed_43__epoch_10,source,source,,0.0001,43,10,sugarcrepe_pp,both_accuracy,0.6438932100063065
source__lr_0.0001__seed_43__epoch_10,source,source,,0.0001,43,10,sugarcrepe_pp,accuracy,0.6438932100063065
source__lr_0.0001__seed_43__epoch_10,source,source,,0.0001,43,10,visual_entailment,accuracy,0.7764956310049961
source__lr_0.0003__seed_17__epoch_01,source,source,,0.0003,17,1,e_vil_test1000,i2t.r1,0.824
source__lr_0.0003__seed_17__epoch_01,source,source,,0.0003,17,1,e_vil_test1000,i2t.r5,0.95
source__lr_0.0003__seed_17__epoch_01,source,source,,0.0003,17,1,e_vil_test1000,i2t.r10,0.978
source__lr_0.0003__seed_17__epoch_01,source,source,,0.0003,17,1,e_vil_test1000,i2t.mean_rank,2.045
source__lr_0.0003__seed_17__epoch_01,source,source,,0.0003,17,1,e_vil_test1000,i2t.median_rank,1.0
source__lr_0.0003__seed_17__epoch_01,source,source,,0.0003,17,1,e_vil_test1000,t2i.r1,0.6726
source__lr_0.0003__seed_17__epoch_01,source,source,,0.0003,17,1,e_vil_test1000,t2i.r5,0.9004
source__lr_0.0003__seed_17__epoch_01,source,source,,0.0003,17,1,e_vil_test1000,t2i.r10,0.9428
source__lr_0.0003__seed_17__epoch_01,source,source,,0.0003,17,1,e_vil_test1000,t2i.mean_rank,4.4884
source__lr_0.0003__seed_17__epoch_01,source,source,,0.0003,17,1,e_vil_test1000,t2i.median_rank,1.0
source__lr_0.0003__seed_17__epoch_01,source,source,,0.0003,17,1,e_vil_test1000,mean_bidirectional_r1,0.7483
source__lr_0.0003__seed_17__epoch_01,source,source,,0.0003,17,1,sugarcrepe,positive1_accuracy,0.819864199174544
source__lr_0.0003__seed_17__epoch_01,source,source,,0.0003,17,1,sugarcrepe,accuracy,0.819864199174544
source__lr_0.0003__seed_17__epoch_01,source,source,,0.0003,17,1,sugarcrepe_pp,positive1_accuracy,0.797561488332983
source__lr_0.0003__seed_17__epoch_01,source,source,,0.0003,17,1,sugarcrepe_pp,positive2_accuracy,0.6991801555602271
source__lr_0.0003__seed_17__epoch_01,source,source,,0.0003,17,1,sugarcrepe_pp,both_accuracy,0.6489384065587556
source__lr_0.0003__seed_17__epoch_01,source,source,,0.0003,17,1,sugarcrepe_pp,accuracy,0.6489384065587556
source__lr_0.0003__seed_17__epoch_01,source,source,,0.0003,17,1,visual_entailment,accuracy,0.8014645271906857
source__lr_0.0003__seed_17__epoch_05,source,source,,0.0003,17,5,e_vil_test1000,i2t.r1,0.826
source__lr_0.0003__seed_17__epoch_05,source,source,,0.0003,17,5,e_vil_test1000,i2t.r5,0.955
source__lr_0.0003__seed_17__epoch_05,source,source,,0.0003,17,5,e_vil_test1000,i2t.r10,0.971
source__lr_0.0003__seed_17__epoch_05,source,source,,0.0003,17,5,e_vil_test1000,i2t.mean_rank,2.043
source__lr_0.0003__seed_17__epoch_05,source,source,,0.0003,17,5,e_vil_test1000,i2t.median_rank,1.0
source__lr_0.0003__seed_17__epoch_05,source,source,,0.0003,17,5,e_vil_test1000,t2i.r1,0.6448
source__lr_0.0003__seed_17__epoch_05,source,source,,0.0003,17,5,e_vil_test1000,t2i.r5,0.8762
source__lr_0.0003__seed_17__epoch_05,source,source,,0.0003,17,5,e_vil_test1000,t2i.r10,0.926
source__lr_0.0003__seed_17__epoch_05,source,source,,0.0003,17,5,e_vil_test1000,t2i.mean_rank,5.805
source__lr_0.0003__seed_17__epoch_05,source,source,,0.0003,17,5,e_vil_test1000,t2i.median_rank,1.0
source__lr_0.0003__seed_17__epoch_05,source,source,,0.0003,17,5,e_vil_test1000,mean_bidirectional_r1,0.7354
source__lr_0.0003__seed_17__epoch_05,source,source,,0.0003,17,5,sugarcrepe,positive1_accuracy,0.8018905605112502
source__lr_0.0003__seed_17__epoch_05,source,source,,0.0003,17,5,sugarcrepe,accuracy,0.8018905605112502
source__lr_0.0003__seed_17__epoch_05,source,source,,0.0003,17,5,sugarcrepe_pp,positive1_accuracy,0.7952491065797772
source__lr_0.0003__seed_17__epoch_05,source,source,,0.0003,17,5,sugarcrepe_pp,positive2_accuracy,0.6869875972251419
source__lr_0.0003__seed_17__epoch_05,source,source,,0.0003,17,5,sugarcrepe_pp,both_accuracy,0.6388480134538574
source__lr_0.0003__seed_17__epoch_05,source,source,,0.0003,17,5,sugarcrepe_pp,accuracy,0.6388480134538574
source__lr_0.0003__seed_17__epoch_05,source,source,,0.0003,17,5,visual_entailment,accuracy,0.7627929492311396
source__lr_0.0003__seed_17__epoch_10,source,source,,0.0003,17,10,coco_karpathy,i2t.r1,0.5056
source__lr_0.0003__seed_17__epoch_10,source,source,,0.0003,17,10,coco_karpathy,i2t.r5,0.7472
source__lr_0.0003__seed_17__epoch_10,source,source,,0.0003,17,10,coco_karpathy,i2t.r10,0.8334
source__lr_0.0003__seed_17__epoch_10,source,source,,0.0003,17,10,coco_karpathy,i2t.mean_rank,9.156
source__lr_0.0003__seed_17__epoch_10,source,source,,0.0003,17,10,coco_karpathy,i2t.median_rank,1.0
source__lr_0.0003__seed_17__epoch_10,source,source,,0.0003,17,10,coco_karpathy,t2i.r1,0.3436
source__lr_0.0003__seed_17__epoch_10,source,source,,0.0003,17,10,coco_karpathy,t2i.r5,0.60208
source__lr_0.0003__seed_17__epoch_10,source,source,,0.0003,17,10,coco_karpathy,t2i.r10,0.7102
source__lr_0.0003__seed_17__epoch_10,source,source,,0.0003,17,10,coco_karpathy,t2i.mean_rank,21.65292
source__lr_0.0003__seed_17__epoch_10,source,source,,0.0003,17,10,coco_karpathy,t2i.median_rank,3.0
source__lr_0.0003__seed_17__epoch_10,source,source,,0.0003,17,10,coco_karpathy,mean_bidirectional_r1,0.42460000000000003
source__lr_0.0003__seed_17__epoch_10,source,source,,0.0003,17,10,e_vil_test1000,i2t.r1,0.802
source__lr_0.0003__seed_17__epoch_10,source,source,,0.0003,17,10,e_vil_test1000,i2t.r5,0.951
source__lr_0.0003__seed_17__epoch_10,source,source,,0.0003,17,10,e_vil_test1000,i2t.r10,0.976
source__lr_0.0003__seed_17__epoch_10,source,source,,0.0003,17,10,e_vil_test1000,i2t.mean_rank,2.111
source__lr_0.0003__seed_17__epoch_10,source,source,,0.0003,17,10,e_vil_test1000,i2t.median_rank,1.0
source__lr_0.0003__seed_17__epoch_10,source,source,,0.0003,17,10,e_vil_test1000,t2i.r1,0.6262
source__lr_0.0003__seed_17__epoch_10,source,source,,0.0003,17,10,e_vil_test1000,t2i.r5,0.8648
source__lr_0.0003__seed_17__epoch_10,source,source,,0.0003,17,10,e_vil_test1000,t2i.r10,0.9208
source__lr_0.0003__seed_17__epoch_10,source,source,,0.0003,17,10,e_vil_test1000,t2i.mean_rank,6.0214
source__lr_0.0003__seed_17__epoch_10,source,source,,0.0003,17,10,e_vil_test1000,t2i.median_rank,1.0
source__lr_0.0003__seed_17__epoch_10,source,source,,0.0003,17,10,e_vil_test1000,mean_bidirectional_r1,0.7141
source__lr_0.0003__seed_17__epoch_10,source,source,,0.0003,17,10,sugarcrepe,positive1_accuracy,0.8021568366395952
source__lr_0.0003__seed_17__epoch_10,source,source,,0.0003,17,10,sugarcrepe,accuracy,0.8021568366395952
source__lr_0.0003__seed_17__epoch_10,source,source,,0.0003,17,10,sugarcrepe_pp,positive1_accuracy,0.7912549926424217
source__lr_0.0003__seed_17__epoch_10,source,source,,0.0003,17,10,sugarcrepe_pp,positive2_accuracy,0.6855160815640109
source__lr_0.0003__seed_17__epoch_10,source,source,,0.0003,17,10,sugarcrepe_pp,both_accuracy,0.6365356317006516
source__lr_0.0003__seed_17__epoch_10,source,source,,0.0003,17,10,sugarcrepe_pp,accuracy,0.6365356317006516
source__lr_0.0003__seed_17__epoch_10,source,source,,0.0003,17,10,visual_entailment,accuracy,0.7522822721436769
source__lr_0.0003__seed_29__epoch_01,source,source,,0.0003,29,1,e_vil_test1000,i2t.r1,0.833
source__lr_0.0003__seed_29__epoch_01,source,source,,0.0003,29,1,e_vil_test1000,i2t.r5,0.948
source__lr_0.0003__seed_29__epoch_01,source,source,,0.0003,29,1,e_vil_test1000,i2t.r10,0.974
source__lr_0.0003__seed_29__epoch_01,source,source,,0.0003,29,1,e_vil_test1000,i2t.mean_rank,2.134
source__lr_0.0003__seed_29__epoch_01,source,source,,0.0003,29,1,e_vil_test1000,i2t.median_rank,1.0
source__lr_0.0003__seed_29__epoch_01,source,source,,0.0003,29,1,e_vil_test1000,t2i.r1,0.6754
source__lr_0.0003__seed_29__epoch_01,source,source,,0.0003,29,1,e_vil_test1000,t2i.r5,0.8962
source__lr_0.0003__seed_29__epoch_01,source,source,,0.0003,29,1,e_vil_test1000,t2i.r10,0.9414
source__lr_0.0003__seed_29__epoch_01,source,source,,0.0003,29,1,e_vil_test1000,t2i.mean_rank,4.5992
source__lr_0.0003__seed_29__epoch_01,source,source,,0.0003,29,1,e_vil_test1000,t2i.median_rank,1.0
source__lr_0.0003__seed_29__epoch_01,source,source,,0.0003,29,1,e_vil_test1000,mean_bidirectional_r1,0.7542
source__lr_0.0003__seed_29__epoch_01,source,source,,0.0003,29,1,sugarcrepe,positive1_accuracy,0.8263879643189987
source__lr_0.0003__seed_29__epoch_01,source,source,,0.0003,29,1,sugarcrepe,accuracy,0.8263879643189987
source__lr_0.0003__seed_29__epoch_01,source,source,,0.0003,29,1,sugarcrepe_pp,positive1_accuracy,0.8049190666386378
source__lr_0.0003__seed_29__epoch_01,source,source,,0.0003,29,1,sugarcrepe_pp,positive2_accuracy,0.7014925373134329
source__lr_0.0003__seed_29__epoch_01,source,source,,0.0003,29,1,sugarcrepe_pp,both_accuracy,0.6558755518183729
source__lr_0.0003__seed_29__epoch_01,source,source,,0.0003,29,1,sugarcrepe_pp,accuracy,0.6558755518183729
source__lr_0.0003__seed_29__epoch_01,source,source,,0.0003,29,1,visual_entailment,accuracy,0.8109678799621659
source__lr_0.0003__seed_29__epoch_05,source,source,,0.0003,29,5,e_vil_test1000,i2t.r1,0.83
source__lr_0.0003__seed_29__epoch_05,source,source,,0.0003,29,5,e_vil_test1000,i2t.r5,0.954
source__lr_0.0003__seed_29__epoch_05,source,source,,0.0003,29,5,e_vil_test1000,i2t.r10,0.977
source__lr_0.0003__seed_29__epoch_05,source,source,,0.0003,29,5,e_vil_test1000,i2t.mean_rank,2.042
source__lr_0.0003__seed_29__epoch_05,source,source,,0.0003,29,5,e_vil_test1000,i2t.median_rank,1.0
source__lr_0.0003__seed_29__epoch_05,source,source,,0.0003,29,5,e_vil_test1000,t2i.r1,0.6384
source__lr_0.0003__seed_29__epoch_05,source,source,,0.0003,29,5,e_vil_test1000,t2i.r5,0.877
source__lr_0.0003__seed_29__epoch_05,source,source,,0.0003,29,5,e_vil_test1000,t2i.r10,0.9298
source__lr_0.0003__seed_29__epoch_05,source,source,,0.0003,29,5,e_vil_test1000,t2i.mean_rank,5.6838
source__lr_0.0003__seed_29__epoch_05,source,source,,0.0003,29,5,e_vil_test1000,t2i.median_rank,1.0
source__lr_0.0003__seed_29__epoch_05,source,source,,0.0003,29,5,e_vil_test1000,mean_bidirectional_r1,0.7342
source__lr_0.0003__seed_29__epoch_05,source,source,,0.0003,29,5,sugarcrepe,positive1_accuracy,0.799893489548662
source__lr_0.0003__seed_29__epoch_05,source,source,,0.0003,29,5,sugarcrepe,accuracy,0.799893489548662
source__lr_0.0003__seed_29__epoch_05,source,source,,0.0003,29,5,sugarcrepe_pp,positive1_accuracy,0.792516291780534
source__lr_0.0003__seed_29__epoch_05,source,source,,0.0003,29,5,sugarcrepe_pp,positive2_accuracy,0.6848854319949548
source__lr_0.0003__seed_29__epoch_05,source,source,,0.0003,29,5,sugarcrepe_pp,both_accuracy,0.6352743325625394
source__lr_0.0003__seed_29__epoch_05,source,source,,0.0003,29,5,sugarcrepe_pp,accuracy,0.6352743325625394
source__lr_0.0003__seed_29__epoch_05,source,source,,0.0003,29,5,visual_entailment,accuracy,0.765637890538139
source__lr_0.0003__seed_29__epoch_10,source,source,,0.0003,29,10,coco_karpathy,i2t.r1,0.5074
source__lr_0.0003__seed_29__epoch_10,source,source,,0.0003,29,10,coco_karpathy,i2t.r5,0.7546
source__lr_0.0003__seed_29__epoch_10,source,source,,0.0003,29,10,coco_karpathy,i2t.r10,0.8354
source__lr_0.0003__seed_29__epoch_10,source,source,,0.0003,29,10,coco_karpathy,i2t.mean_rank,9.0254
source__lr_0.0003__seed_29__epoch_10,source,source,,0.0003,29,10,coco_karpathy,i2t.median_rank,1.0
source__lr_0.0003__seed_29__epoch_10,source,source,,0.0003,29,10,coco_karpathy,t2i.r1,0.34632
source__lr_0.0003__seed_29__epoch_10,source,source,,0.0003,29,10,coco_karpathy,t2i.r5,0.6036
source__lr_0.0003__seed_29__epoch_10,source,source,,0.0003,29,10,coco_karpathy,t2i.r10,0.71128
source__lr_0.0003__seed_29__epoch_10,source,source,,0.0003,29,10,coco_karpathy,t2i.mean_rank,21.48564
source__lr_0.0003__seed_29__epoch_10,source,source,,0.0003,29,10,coco_karpathy,t2i.median_rank,3.0
source__lr_0.0003__seed_29__epoch_10,source,source,,0.0003,29,10,coco_karpathy,mean_bidirectional_r1,0.42686
source__lr_0.0003__seed_29__epoch_10,source,source,,0.0003,29,10,e_vil_test1000,i2t.r1,0.823
source__lr_0.0003__seed_29__epoch_10,source,source,,0.0003,29,10,e_vil_test1000,i2t.r5,0.945
source__lr_0.0003__seed_29__epoch_10,source,source,,0.0003,29,10,e_vil_test1000,i2t.r10,0.974
source__lr_0.0003__seed_29__epoch_10,source,source,,0.0003,29,10,e_vil_test1000,i2t.mean_rank,2.196
source__lr_0.0003__seed_29__epoch_10,source,source,,0.0003,29,10,e_vil_test1000,i2t.median_rank,1.0
source__lr_0.0003__seed_29__epoch_10,source,source,,0.0003,29,10,e_vil_test1000,t2i.r1,0.63
source__lr_0.0003__seed_29__epoch_10,source,source,,0.0003,29,10,e_vil_test1000,t2i.r5,0.8714
source__lr_0.0003__seed_29__epoch_10,source,source,,0.0003,29,10,e_vil_test1000,t2i.r10,0.9236
source__lr_0.0003__seed_29__epoch_10,source,source,,0.0003,29,10,e_vil_test1000,t2i.mean_rank,5.8074
source__lr_0.0003__seed_29__epoch_10,source,source,,0.0003,29,10,e_vil_test1000,t2i.median_rank,1.0
source__lr_0.0003__seed_29__epoch_10,source,source,,0.0003,29,10,e_vil_test1000,mean_bidirectional_r1,0.7264999999999999
source__lr_0.0003__seed_29__epoch_10,source,source,,0.0003,29,10,sugarcrepe,positive1_accuracy,0.7996272134203168
source__lr_0.0003__seed_29__epoch_10,source,source,,0.0003,29,10,sugarcrepe,accuracy,0.7996272134203168
source__lr_0.0003__seed_29__epoch_10,source,source,,0.0003,29,10,sugarcrepe_pp,positive1_accuracy,0.792516291780534
source__lr_0.0003__seed_29__epoch_10,source,source,,0.0003,29,10,sugarcrepe_pp,positive2_accuracy,0.6855160815640109
source__lr_0.0003__seed_29__epoch_10,source,source,,0.0003,29,10,sugarcrepe_pp,both_accuracy,0.6361151986546143
source__lr_0.0003__seed_29__epoch_10,source,source,,0.0003,29,10,sugarcrepe_pp,accuracy,0.6361151986546143
source__lr_0.0003__seed_29__epoch_10,source,source,,0.0003,29,10,visual_entailment,accuracy,0.756182346302309
source__lr_0.0003__seed_43__epoch_01,source,source,,0.0003,43,1,e_vil_test1000,i2t.r1,0.833
source__lr_0.0003__seed_43__epoch_01,source,source,,0.0003,43,1,e_vil_test1000,i2t.r5,0.952
source__lr_0.0003__seed_43__epoch_01,source,source,,0.0003,43,1,e_vil_test1000,i2t.r10,0.978
source__lr_0.0003__seed_43__epoch_01,source,source,,0.0003,43,1,e_vil_test1000,i2t.mean_rank,1.994
source__lr_0.0003__seed_43__epoch_01,source,source,,0.0003,43,1,e_vil_test1000,i2t.median_rank,1.0
source__lr_0.0003__seed_43__epoch_01,source,source,,0.0003,43,1,e_vil_test1000,t2i.r1,0.679
source__lr_0.0003__seed_43__epoch_01,source,source,,0.0003,43,1,e_vil_test1000,t2i.r5,0.9
source__lr_0.0003__seed_43__epoch_01,source,source,,0.0003,43,1,e_vil_test1000,t2i.r10,0.9416
source__lr_0.0003__seed_43__epoch_01,source,source,,0.0003,43,1,e_vil_test1000,t2i.mean_rank,4.5188
source__lr_0.0003__seed_43__epoch_01,source,source,,0.0003,43,1,e_vil_test1000,t2i.median_rank,1.0
source__lr_0.0003__seed_43__epoch_01,source,source,,0.0003,43,1,e_vil_test1000,mean_bidirectional_r1,0.756
source__lr_0.0003__seed_43__epoch_01,source,source,,0.0003,43,1,sugarcrepe,positive1_accuracy,0.8234589269072028
source__lr_0.0003__seed_43__epoch_01,source,source,,0.0003,43,1,sugarcrepe,accuracy,0.8234589269072028
source__lr_0.0003__seed_43__epoch_01,source,source,,0.0003,43,1,sugarcrepe_pp,positive1_accuracy,0.804078200546563
source__lr_0.0003__seed_43__epoch_01,source,source,,0.0003,43,1,sugarcrepe_pp,positive2_accuracy,0.7107420643262561
source__lr_0.0003__seed_43__epoch_01,source,source,,0.0003,43,1,sugarcrepe_pp,both_accuracy,0.6596594492327097
source__lr_0.0003__seed_43__epoch_01,source,source,,0.0003,43,1,sugarcrepe_pp,accuracy,0.6596594492327097
source__lr_0.0003__seed_43__epoch_01,source,source,,0.0003,43,1,visual_entailment,accuracy,0.8065106591343733
source__lr_0.0003__seed_43__epoch_05,source,source,,0.0003,43,5,e_vil_test1000,i2t.r1,0.822
source__lr_0.0003__seed_43__epoch_05,source,source,,0.0003,43,5,e_vil_test1000,i2t.r5,0.953
source__lr_0.0003__seed_43__epoch_05,source,source,,0.0003,43,5,e_vil_test1000,i2t.r10,0.972
source__lr_0.0003__seed_43__epoch_05,source,source,,0.0003,43,5,e_vil_test1000,i2t.mean_rank,2.123
source__lr_0.0003__seed_43__epoch_05,source,source,,0.0003,43,5,e_vil_test1000,i2t.median_rank,1.0
source__lr_0.0003__seed_43__epoch_05,source,source,,0.0003,43,5,e_vil_test1000,t2i.r1,0.644
source__lr_0.0003__seed_43__epoch_05,source,source,,0.0003,43,5,e_vil_test1000,t2i.r5,0.8792
source__lr_0.0003__seed_43__epoch_05,source,source,,0.0003,43,5,e_vil_test1000,t2i.r10,0.9264
source__lr_0.0003__seed_43__epoch_05,source,source,,0.0003,43,5,e_vil_test1000,t2i.mean_rank,5.3762
source__lr_0.0003__seed_43__epoch_05,source,source,,0.0003,43,5,e_vil_test1000,t2i.median_rank,1.0
source__lr_0.0003__seed_43__epoch_05,source,source,,0.0003,43,5,e_vil_test1000,mean_bidirectional_r1,0.733
source__lr_0.0003__seed_43__epoch_05,source,source,,0.0003,43,5,sugarcrepe,positive1_accuracy,0.8033550792171482
source__lr_0.0003__seed_43__epoch_05,source,source,,0.0003,43,5,sugarcrepe,accuracy,0.8033550792171482
source__lr_0.0003__seed_43__epoch_05,source,source,,0.0003,43,5,sugarcrepe_pp,positive1_accuracy,0.7944082404877023
source__lr_0.0003__seed_43__epoch_05,source,source,,0.0003,43,5,sugarcrepe_pp,positive2_accuracy,0.679630018919487
source__lr_0.0003__seed_43__epoch_05,source,source,,0.0003,43,5,sugarcrepe_pp,both_accuracy,0.6323313012402775
source__lr_0.0003__seed_43__epoch_05,source,source,,0.0003,43,5,sugarcrepe_pp,accuracy,0.6323313012402775
source__lr_0.0003__seed_43__epoch_05,source,source,,0.0003,43,5,visual_entailment,accuracy,0.7673610595915957
source__lr_0.0003__seed_43__epoch_10,source,source,,0.0003,43,10,coco_karpathy,i2t.r1,0.5082
source__lr_0.0003__seed_43__epoch_10,source,source,,0.0003,43,10,coco_karpathy,i2t.r5,0.75
source__lr_0.0003__seed_43__epoch_10,source,source,,0.0003,43,10,coco_karpathy,i2t.r10,0.8354
source__lr_0.0003__seed_43__epoch_10,source,source,,0.0003,43,10,coco_karpathy,i2t.mean_rank,9.4814
source__lr_0.0003__seed_43__epoch_10,source,source,,0.0003,43,10,coco_karpathy,i2t.median_rank,1.0
source__lr_0.0003__seed_43__epoch_10,source,source,,0.0003,43,10,coco_karpathy,t2i.r1,0.34612
source__lr_0.0003__seed_43__epoch_10,source,source,,0.0003,43,10,coco_karpathy,t2i.r5,0.60536
source__lr_0.0003__seed_43__epoch_10,source,source,,0.0003,43,10,coco_karpathy,t2i.r10,0.71164
source__lr_0.0003__seed_43__epoch_10,source,source,,0.0003,43,10,coco_karpathy,t2i.mean_rank,21.10316
source__lr_0.0003__seed_43__epoch_10,source,source,,0.0003,43,10,coco_karpathy,t2i.median_rank,3.0
source__lr_0.0003__seed_43__epoch_10,source,source,,0.0003,43,10,coco_karpathy,mean_bidirectional_r1,0.42716
source__lr_0.0003__seed_43__epoch_10,source,source,,0.0003,43,10,e_vil_test1000,i2t.r1,0.821
source__lr_0.0003__seed_43__epoch_10,source,source,,0.0003,43,10,e_vil_test1000,i2t.r5,0.949
source__lr_0.0003__seed_43__epoch_10,source,source,,0.0003,43,10,e_vil_test1000,i2t.r10,0.977
source__lr_0.0003__seed_43__epoch_10,source,source,,0.0003,43,10,e_vil_test1000,i2t.mean_rank,2.098
source__lr_0.0003__seed_43__epoch_10,source,source,,0.0003,43,10,e_vil_test1000,i2t.median_rank,1.0
source__lr_0.0003__seed_43__epoch_10,source,source,,0.0003,43,10,e_vil_test1000,t2i.r1,0.6332
source__lr_0.0003__seed_43__epoch_10,source,source,,0.0003,43,10,e_vil_test1000,t2i.r5,0.8722
source__lr_0.0003__seed_43__epoch_10,source,source,,0.0003,43,10,e_vil_test1000,t2i.r10,0.9224
source__lr_0.0003__seed_43__epoch_10,source,source,,0.0003,43,10,e_vil_test1000,t2i.mean_rank,5.8322
source__lr_0.0003__seed_43__epoch_10,source,source,,0.0003,43,10,e_vil_test1000,t2i.median_rank,1.0
source__lr_0.0003__seed_43__epoch_10,source,source,,0.0003,43,10,e_vil_test1000,mean_bidirectional_r1,0.7271
source__lr_0.0003__seed_43__epoch_10,source,source,,0.0003,43,10,sugarcrepe,positive1_accuracy,0.8025562508321129
source__lr_0.0003__seed_43__epoch_10,source,source,,0.0003,43,10,sugarcrepe,accuracy,0.8025562508321129
source__lr_0.0003__seed_43__epoch_10,source,source,,0.0003,43,10,sugarcrepe_pp,positive1_accuracy,0.7927265083035526
source__lr_0.0003__seed_43__epoch_10,source,source,,0.0003,43,10,sugarcrepe_pp,positive2_accuracy,0.6878284633172167
source__lr_0.0003__seed_43__epoch_10,source,source,,0.0003,43,10,sugarcrepe_pp,both_accuracy,0.6405297456380071
source__lr_0.0003__seed_43__epoch_10,source,source,,0.0003,43,10,sugarcrepe_pp,accuracy,0.6405297456380071
source__lr_0.0003__seed_43__epoch_10,source,source,,0.0003,43,10,visual_entailment,accuracy,0.7520915967465409
source__lr_0.001__seed_17__epoch_01,source,source,,0.001,17,1,e_vil_test1000,i2t.r1,0.734
source__lr_0.001__seed_17__epoch_01,source,source,,0.001,17,1,e_vil_test1000,i2t.r5,0.92
source__lr_0.001__seed_17__epoch_01,source,source,,0.001,17,1,e_vil_test1000,i2t.r10,0.953
source__lr_0.001__seed_17__epoch_01,source,source,,0.001,17,1,e_vil_test1000,i2t.mean_rank,3.02
source__lr_0.001__seed_17__epoch_01,source,source,,0.001,17,1,e_vil_test1000,i2t.median_rank,1.0
source__lr_0.001__seed_17__epoch_01,source,source,,0.001,17,1,e_vil_test1000,t2i.r1,0.5146
source__lr_0.001__seed_17__epoch_01,source,source,,0.001,17,1,e_vil_test1000,t2i.r5,0.7836
source__lr_0.001__seed_17__epoch_01,source,source,,0.001,17,1,e_vil_test1000,t2i.r10,0.8602
source__lr_0.001__seed_17__epoch_01,source,source,,0.001,17,1,e_vil_test1000,t2i.mean_rank,8.335
source__lr_0.001__seed_17__epoch_01,source,source,,0.001,17,1,e_vil_test1000,t2i.median_rank,1.0
source__lr_0.001__seed_17__epoch_01,source,source,,0.001,17,1,e_vil_test1000,mean_bidirectional_r1,0.6243
source__lr_0.001__seed_17__epoch_01,source,source,,0.001,17,1,sugarcrepe,positive1_accuracy,0.7682066302755958
source__lr_0.001__seed_17__epoch_01,source,source,,0.001,17,1,sugarcrepe,accuracy,0.7682066302755958
source__lr_0.001__seed_17__epoch_01,source,source,,0.001,17,1,sugarcrepe_pp,positive1_accuracy,0.7624553289888585
source__lr_0.001__seed_17__epoch_01,source,source,,0.001,17,1,sugarcrepe_pp,positive2_accuracy,0.6722724406138323
source__lr_0.001__seed_17__epoch_01,source,source,,0.001,17,1,sugarcrepe_pp,both_accuracy,0.6165650620138743
source__lr_0.001__seed_17__epoch_01,source,source,,0.001,17,1,sugarcrepe_pp,accuracy,0.6165650620138743
source__lr_0.001__seed_17__epoch_01,source,source,,0.001,17,1,visual_entailment,accuracy,0.748574643503237
source__lr_0.001__seed_17__epoch_05,source,source,,0.001,17,5,e_vil_test1000,i2t.r1,0.756
source__lr_0.001__seed_17__epoch_05,source,source,,0.001,17,5,e_vil_test1000,i2t.r5,0.922
source__lr_0.001__seed_17__epoch_05,source,source,,0.001,17,5,e_vil_test1000,i2t.r10,0.969
source__lr_0.001__seed_17__epoch_05,source,source,,0.001,17,5,e_vil_test1000,i2t.mean_rank,2.614
source__lr_0.001__seed_17__epoch_05,source,source,,0.001,17,5,e_vil_test1000,i2t.median_rank,1.0
source__lr_0.001__seed_17__epoch_05,source,source,,0.001,17,5,e_vil_test1000,t2i.r1,0.5442
source__lr_0.001__seed_17__epoch_05,source,source,,0.001,17,5,e_vil_test1000,t2i.r5,0.8154
source__lr_0.001__seed_17__epoch_05,source,source,,0.001,17,5,e_vil_test1000,t2i.r10,0.8836
source__lr_0.001__seed_17__epoch_05,source,source,,0.001,17,5,e_vil_test1000,t2i.mean_rank,7.1918
source__lr_0.001__seed_17__epoch_05,source,source,,0.001,17,5,e_vil_test1000,t2i.median_rank,1.0
source__lr_0.001__seed_17__epoch_05,source,source,,0.001,17,5,e_vil_test1000,mean_bidirectional_r1,0.6501
source__lr_0.001__seed_17__epoch_05,source,source,,0.001,17,5,sugarcrepe,positive1_accuracy,0.7763280521901211
source__lr_0.001__seed_17__epoch_05,source,source,,0.001,17,5,sugarcrepe,accuracy,0.7763280521901211
source__lr_0.001__seed_17__epoch_05,source,source,,0.001,17,5,sugarcrepe_pp,positive1_accuracy,0.7740172377548875
source__lr_0.001__seed_17__epoch_05,source,source,,0.001,17,5,sugarcrepe_pp,positive2_accuracy,0.6737439562749632
source__lr_0.001__seed_17__epoch_05,source,source,,0.001,17,5,sugarcrepe_pp,both_accuracy,0.6197183098591549
source__lr_0.001__seed_17__epoch_05,source,source,,0.001,17,5,sugarcrepe_pp,accuracy,0.6197183098591549
source__lr_0.001__seed_17__epoch_05,source,source,,0.001,17,5,visual_entailment,accuracy,0.725792064079139
source__lr_0.001__seed_17__epoch_10,source,source,,0.001,17,10,coco_karpathy,i2t.r1,0.4342
source__lr_0.001__seed_17__epoch_10,source,source,,0.001,17,10,coco_karpathy,i2t.r5,0.6776
source__lr_0.001__seed_17__epoch_10,source,source,,0.001,17,10,coco_karpathy,i2t.r10,0.7762
source__lr_0.001__seed_17__epoch_10,source,source,,0.001,17,10,coco_karpathy,i2t.mean_rank,13.5586
source__lr_0.001__seed_17__epoch_10,source,source,,0.001,17,10,coco_karpathy,i2t.median_rank,2.0
source__lr_0.001__seed_17__epoch_10,source,source,,0.001,17,10,coco_karpathy,t2i.r1,0.26284
source__lr_0.001__seed_17__epoch_10,source,source,,0.001,17,10,coco_karpathy,t2i.r5,0.51396
source__lr_0.001__seed_17__epoch_10,source,source,,0.001,17,10,coco_karpathy,t2i.r10,0.62968
source__lr_0.001__seed_17__epoch_10,source,source,,0.001,17,10,coco_karpathy,t2i.mean_rank,31.28068
source__lr_0.001__seed_17__epoch_10,source,source,,0.001,17,10,coco_karpathy,t2i.median_rank,5.0
source__lr_0.001__seed_17__epoch_10,source,source,,0.001,17,10,coco_karpathy,mean_bidirectional_r1,0.34852
source__lr_0.001__seed_17__epoch_10,source,source,,0.001,17,10,e_vil_test1000,i2t.r1,0.763
source__lr_0.001__seed_17__epoch_10,source,source,,0.001,17,10,e_vil_test1000,i2t.r5,0.918
source__lr_0.001__seed_17__epoch_10,source,source,,0.001,17,10,e_vil_test1000,i2t.r10,0.957
source__lr_0.001__seed_17__epoch_10,source,source,,0.001,17,10,e_vil_test1000,i2t.mean_rank,2.741
source__lr_0.001__seed_17__epoch_10,source,source,,0.001,17,10,e_vil_test1000,i2t.median_rank,1.0
source__lr_0.001__seed_17__epoch_10,source,source,,0.001,17,10,e_vil_test1000,t2i.r1,0.5272
source__lr_0.001__seed_17__epoch_10,source,source,,0.001,17,10,e_vil_test1000,t2i.r5,0.8106
source__lr_0.001__seed_17__epoch_10,source,source,,0.001,17,10,e_vil_test1000,t2i.r10,0.8846
source__lr_0.001__seed_17__epoch_10,source,source,,0.001,17,10,e_vil_test1000,t2i.mean_rank,7.837
source__lr_0.001__seed_17__epoch_10,source,source,,0.001,17,10,e_vil_test1000,t2i.median_rank,1.0
source__lr_0.001__seed_17__epoch_10,source,source,,0.001,17,10,e_vil_test1000,mean_bidirectional_r1,0.6451
source__lr_0.001__seed_17__epoch_10,source,source,,0.001,17,10,sugarcrepe,positive1_accuracy,0.7635467980295566
source__lr_0.001__seed_17__epoch_10,source,source,,0.001,17,10,sugarcrepe,accuracy,0.7635467980295566
source__lr_0.001__seed_17__epoch_10,source,source,,0.001,17,10,sugarcrepe_pp,positive1_accuracy,0.7647677107420643
source__lr_0.001__seed_17__epoch_10,source,source,,0.001,17,10,sugarcrepe_pp,positive2_accuracy,0.6432625604372504
source__lr_0.001__seed_17__epoch_10,source,source,,0.001,17,10,sugarcrepe_pp,both_accuracy,0.5934412444818162
source__lr_0.001__seed_17__epoch_10,source,source,,0.001,17,10,sugarcrepe_pp,accuracy,0.5934412444818162
source__lr_0.001__seed_17__epoch_10,source,source,,0.001,17,10,visual_entailment,accuracy,0.6988405611217826
source__lr_0.001__seed_29__epoch_01,source,source,,0.001,29,1,e_vil_test1000,i2t.r1,0.741
source__lr_0.001__seed_29__epoch_01,source,source,,0.001,29,1,e_vil_test1000,i2t.r5,0.91
source__lr_0.001__seed_29__epoch_01,source,source,,0.001,29,1,e_vil_test1000,i2t.r10,0.954
source__lr_0.001__seed_29__epoch_01,source,source,,0.001,29,1,e_vil_test1000,i2t.mean_rank,3.174
source__lr_0.001__seed_29__epoch_01,source,source,,0.001,29,1,e_vil_test1000,i2t.median_rank,1.0
source__lr_0.001__seed_29__epoch_01,source,source,,0.001,29,1,e_vil_test1000,t2i.r1,0.5048
source__lr_0.001__seed_29__epoch_01,source,source,,0.001,29,1,e_vil_test1000,t2i.r5,0.771
source__lr_0.001__seed_29__epoch_01,source,source,,0.001,29,1,e_vil_test1000,t2i.r10,0.8558
source__lr_0.001__seed_29__epoch_01,source,source,,0.001,29,1,e_vil_test1000,t2i.mean_rank,9.9488
source__lr_0.001__seed_29__epoch_01,source,source,,0.001,29,1,e_vil_test1000,t2i.median_rank,1.0
source__lr_0.001__seed_29__epoch_01,source,source,,0.001,29,1,e_vil_test1000,mean_bidirectional_r1,0.6229
source__lr_0.001__seed_29__epoch_01,source,source,,0.001,29,1,sugarcrepe,positive1_accuracy,0.7676740780189056
source__lr_0.001__seed_29__epoch_01,source,source,,0.001,29,1,sugarcrepe,accuracy,0.7676740780189056
source__lr_0.001__seed_29__epoch_01,source,source,,0.001,29,1,sugarcrepe_pp,positive1_accuracy,0.7803237334454488
source__lr_0.001__seed_29__epoch_01,source,source,,0.001,29,1,sugarcrepe_pp,positive2_accuracy,0.6422114778221568
source__lr_0.001__seed_29__epoch_01,source,source,,0.001,29,1,sugarcrepe_pp,both_accuracy,0.6029009880176582
source__lr_0.001__seed_29__epoch_01,source,source,,0.001,29,1,sugarcrepe_pp,accuracy,0.6029009880176582
source__lr_0.001__seed_29__epoch_01,source,source,,0.001,29,1,visual_entailment,accuracy,0.7462147311833938
source__lr_0.001__seed_29__epoch_05,source,source,,0.001,29,5,e_vil_test1000,i2t.r1,0.753
source__lr_0.001__seed_29__epoch_05,source,source,,0.001,29,5,e_vil_test1000,i2t.r5,0.919
source__lr_0.001__seed_29__epoch_05,source,source,,0.001,29,5,e_vil_test1000,i2t.r10,0.957
source__lr_0.001__seed_29__epoch_05,source,source,,0.001,29,5,e_vil_test1000,i2t.mean_rank,3.078
source__lr_0.001__seed_29__epoch_05,source,source,,0.001,29,5,e_vil_test1000,i2t.median_rank,1.0
source__lr_0.001__seed_29__epoch_05,source,source,,0.001,29,5,e_vil_test1000,t2i.r1,0.539
source__lr_0.001__seed_29__epoch_05,source,source,,0.001,29,5,e_vil_test1000,t2i.r5,0.817
source__lr_0.001__seed_29__epoch_05,source,source,,0.001,29,5,e_vil_test1000,t2i.r10,0.8856
source__lr_0.001__seed_29__epoch_05,source,source,,0.001,29,5,e_vil_test1000,t2i.mean_rank,8.1362
source__lr_0.001__seed_29__epoch_05,source,source,,0.001,29,5,e_vil_test1000,t2i.median_rank,1.0
source__lr_0.001__seed_29__epoch_05,source,source,,0.001,29,5,e_vil_test1000,mean_bidirectional_r1,0.646
source__lr_0.001__seed_29__epoch_05,source,source,,0.001,29,5,sugarcrepe,positive1_accuracy,0.782851817334576
source__lr_0.001__seed_29__epoch_05,source,source,,0.001,29,5,sugarcrepe,accuracy,0.782851817334576
source__lr_0.001__seed_29__epoch_05,source,source,,0.001,29,5,sugarcrepe_pp,positive1_accuracy,0.7771704856001682
source__lr_0.001__seed_29__epoch_05,source,source,,0.001,29,5,sugarcrepe_pp,positive2_accuracy,0.6857262980870297
source__lr_0.001__seed_29__epoch_05,source,source,,0.001,29,5,sugarcrepe_pp,both_accuracy,0.629808702964053
source__lr_0.001__seed_29__epoch_05,source,source,,0.001,29,5,sugarcrepe_pp,accuracy,0.629808702964053
source__lr_0.001__seed_29__epoch_05,source,source,,0.001,29,5,visual_entailment,accuracy,0.7401487233383486
source__lr_0.001__seed_29__epoch_10,source,source,,0.001,29,10,coco_karpathy,i2t.r1,0.4368
source__lr_0.001__seed_29__epoch_10,source,source,,0.001,29,10,coco_karpathy,i2t.r5,0.6986
source__lr_0.001__seed_29__epoch_10,source,source,,0.001,29,10,coco_karpathy,i2t.r10,0.789
source__lr_0.001__seed_29__epoch_10,source,source,,0.001,29,10,coco_karpathy,i2t.mean_rank,12.9602
source__lr_0.001__seed_29__epoch_10,source,source,,0.001,29,10,coco_karpathy,i2t.median_rank,2.0
source__lr_0.001__seed_29__epoch_10,source,source,,0.001,29,10,coco_karpathy,t2i.r1,0.26696
source__lr_0.001__seed_29__epoch_10,source,source,,0.001,29,10,coco_karpathy,t2i.r5,0.50476
source__lr_0.001__seed_29__epoch_10,source,source,,0.001,29,10,coco_karpathy,t2i.r10,0.62392
source__lr_0.001__seed_29__epoch_10,source,source,,0.001,29,10,coco_karpathy,t2i.mean_rank,32.57304
source__lr_0.001__seed_29__epoch_10,source,source,,0.001,29,10,coco_karpathy,t2i.median_rank,5.0
source__lr_0.001__seed_29__epoch_10,source,source,,0.001,29,10,coco_karpathy,mean_bidirectional_r1,0.35187999999999997
source__lr_0.001__seed_29__epoch_10,source,source,,0.001,29,10,e_vil_test1000,i2t.r1,0.759
source__lr_0.001__seed_29__epoch_10,source,source,,0.001,29,10,e_vil_test1000,i2t.r5,0.919
source__lr_0.001__seed_29__epoch_10,source,source,,0.001,29,10,e_vil_test1000,i2t.r10,0.954
source__lr_0.001__seed_29__epoch_10,source,source,,0.001,29,10,e_vil_test1000,i2t.mean_rank,3.266
source__lr_0.001__seed_29__epoch_10,source,source,,0.001,29,10,e_vil_test1000,i2t.median_rank,1.0
source__lr_0.001__seed_29__epoch_10,source,source,,0.001,29,10,e_vil_test1000,t2i.r1,0.5488
source__lr_0.001__seed_29__epoch_10,source,source,,0.001,29,10,e_vil_test1000,t2i.r5,0.8166
source__lr_0.001__seed_29__epoch_10,source,source,,0.001,29,10,e_vil_test1000,t2i.r10,0.8842
source__lr_0.001__seed_29__epoch_10,source,source,,0.001,29,10,e_vil_test1000,t2i.mean_rank,8.068
source__lr_0.001__seed_29__epoch_10,source,source,,0.001,29,10,e_vil_test1000,t2i.median_rank,1.0
source__lr_0.001__seed_29__epoch_10,source,source,,0.001,29,10,e_vil_test1000,mean_bidirectional_r1,0.6538999999999999
source__lr_0.001__seed_29__epoch_10,source,source,,0.001,29,10,sugarcrepe,positive1_accuracy,0.7692717347889761
source__lr_0.001__seed_29__epoch_10,source,source,,0.001,29,10,sugarcrepe,accuracy,0.7692717347889761
source__lr_0.001__seed_29__epoch_10,source,source,,0.001,29,10,sugarcrepe_pp,positive1_accuracy,0.7670800924952701
source__lr_0.001__seed_29__epoch_10,source,source,,0.001,29,10,sugarcrepe_pp,positive2_accuracy,0.6565062013874291
source__lr_0.001__seed_29__epoch_10,source,source,,0.001,29,10,sugarcrepe_pp,both_accuracy,0.6033214210636956
source__lr_0.001__seed_29__epoch_10,source,source,,0.001,29,10,sugarcrepe_pp,accuracy,0.6033214210636956
source__lr_0.001__seed_29__epoch_10,source,source,,0.001,29,10,visual_entailment,accuracy,0.7152404680639944
source__lr_0.001__seed_43__epoch_01,source,source,,0.001,43,1,e_vil_test1000,i2t.r1,0.747
source__lr_0.001__seed_43__epoch_01,source,source,,0.001,43,1,e_vil_test1000,i2t.r5,0.917
source__lr_0.001__seed_43__epoch_01,source,source,,0.001,43,1,e_vil_test1000,i2t.r10,0.955
source__lr_0.001__seed_43__epoch_01,source,source,,0.001,43,1,e_vil_test1000,i2t.mean_rank,3.281
source__lr_0.001__seed_43__epoch_01,source,source,,0.001,43,1,e_vil_test1000,i2t.median_rank,1.0
source__lr_0.001__seed_43__epoch_01,source,source,,0.001,43,1,e_vil_test1000,t2i.r1,0.4914
source__lr_0.001__seed_43__epoch_01,source,source,,0.001,43,1,e_vil_test1000,t2i.r5,0.7786
source__lr_0.001__seed_43__epoch_01,source,source,,0.001,43,1,e_vil_test1000,t2i.r10,0.8602
source__lr_0.001__seed_43__epoch_01,source,source,,0.001,43,1,e_vil_test1000,t2i.mean_rank,9.106
source__lr_0.001__seed_43__epoch_01,source,source,,0.001,43,1,e_vil_test1000,t2i.median_rank,2.0
source__lr_0.001__seed_43__epoch_01,source,source,,0.001,43,1,e_vil_test1000,mean_bidirectional_r1,0.6192
source__lr_0.001__seed_43__epoch_01,source,source,,0.001,43,1,sugarcrepe,positive1_accuracy,0.7855145786180269
source__lr_0.001__seed_43__epoch_01,source,source,,0.001,43,1,sugarcrepe,accuracy,0.7855145786180269
source__lr_0.001__seed_43__epoch_01,source,source,,0.001,43,1,sugarcrepe_pp,positive1_accuracy,0.7773807021231869
source__lr_0.001__seed_43__epoch_01,source,source,,0.001,43,1,sugarcrepe_pp,positive2_accuracy,0.6581879335715787
source__lr_0.001__seed_43__epoch_01,source,source,,0.001,43,1,sugarcrepe_pp,both_accuracy,0.6115198654614252
source__lr_0.001__seed_43__epoch_01,source,source,,0.001,43,1,sugarcrepe_pp,accuracy,0.6115198654614252
source__lr_0.001__seed_43__epoch_01,source,source,,0.001,43,1,visual_entailment,accuracy,0.7533420160426324
source__lr_0.001__seed_43__epoch_05,source,source,,0.001,43,5,e_vil_test1000,i2t.r1,0.757
source__lr_0.001__seed_43__epoch_05,source,source,,0.001,43,5,e_vil_test1000,i2t.r5,0.932
source__lr_0.001__seed_43__epoch_05,source,source,,0.001,43,5,e_vil_test1000,i2t.r10,0.959
source__lr_0.001__seed_43__epoch_05,source,source,,0.001,43,5,e_vil_test1000,i2t.mean_rank,2.775
source__lr_0.001__seed_43__epoch_05,source,source,,0.001,43,5,e_vil_test1000,i2t.median_rank,1.0
source__lr_0.001__seed_43__epoch_05,source,source,,0.001,43,5,e_vil_test1000,t2i.r1,0.5412
source__lr_0.001__seed_43__epoch_05,source,source,,0.001,43,5,e_vil_test1000,t2i.r5,0.8046
source__lr_0.001__seed_43__epoch_05,source,source,,0.001,43,5,e_vil_test1000,t2i.r10,0.8802
source__lr_0.001__seed_43__epoch_05,source,source,,0.001,43,5,e_vil_test1000,t2i.mean_rank,8.1336
source__lr_0.001__seed_43__epoch_05,source,source,,0.001,43,5,e_vil_test1000,t2i.median_rank,1.0
source__lr_0.001__seed_43__epoch_05,source,source,,0.001,43,5,e_vil_test1000,mean_bidirectional_r1,0.6491
source__lr_0.001__seed_43__epoch_05,source,source,,0.001,43,5,sugarcrepe,positive1_accuracy,0.7678072160830781
source__lr_0.001__seed_43__epoch_05,source,source,,0.001,43,5,sugarcrepe,accuracy,0.7678072160830781
source__lr_0.001__seed_43__epoch_05,source,source,,0.001,43,5,sugarcrepe_pp,positive1_accuracy,0.7693924742484759
source__lr_0.001__seed_43__epoch_05,source,source,,0.001,43,5,sugarcrepe_pp,positive2_accuracy,0.6520916544040362
source__lr_0.001__seed_43__epoch_05,source,source,,0.001,43,5,sugarcrepe_pp,both_accuracy,0.6016396888795459
source__lr_0.001__seed_43__epoch_05,source,source,,0.001,43,5,sugarcrepe_pp,accuracy,0.6016396888795459
source__lr_0.001__seed_43__epoch_05,source,source,,0.001,43,5,visual_entailment,accuracy,0.7315961539991727
source__lr_0.001__seed_43__epoch_10,source,source,,0.001,43,10,coco_karpathy,i2t.r1,0.4384
source__lr_0.001__seed_43__epoch_10,source,source,,0.001,43,10,coco_karpathy,i2t.r5,0.6944
source__lr_0.001__seed_43__epoch_10,source,source,,0.001,43,10,coco_karpathy,i2t.r10,0.7876
source__lr_0.001__seed_43__epoch_10,source,source,,0.001,43,10,coco_karpathy,i2t.mean_rank,12.5004
source__lr_0.001__seed_43__epoch_10,source,source,,0.001,43,10,coco_karpathy,i2t.median_rank,2.0
source__lr_0.001__seed_43__epoch_10,source,source,,0.001,43,10,coco_karpathy,t2i.r1,0.26792
source__lr_0.001__seed_43__epoch_10,source,source,,0.001,43,10,coco_karpathy,t2i.r5,0.5192
source__lr_0.001__seed_43__epoch_10,source,source,,0.001,43,10,coco_karpathy,t2i.r10,0.63364
source__lr_0.001__seed_43__epoch_10,source,source,,0.001,43,10,coco_karpathy,t2i.mean_rank,31.8428
source__lr_0.001__seed_43__epoch_10,source,source,,0.001,43,10,coco_karpathy,t2i.median_rank,5.0
source__lr_0.001__seed_43__epoch_10,source,source,,0.001,43,10,coco_karpathy,mean_bidirectional_r1,0.35316000000000003
source__lr_0.001__seed_43__epoch_10,source,source,,0.001,43,10,e_vil_test1000,i2t.r1,0.757
source__lr_0.001__seed_43__epoch_10,source,source,,0.001,43,10,e_vil_test1000,i2t.r5,0.934
source__lr_0.001__seed_43__epoch_10,source,source,,0.001,43,10,e_vil_test1000,i2t.r10,0.961
source__lr_0.001__seed_43__epoch_10,source,source,,0.001,43,10,e_vil_test1000,i2t.mean_rank,2.732
source__lr_0.001__seed_43__epoch_10,source,source,,0.001,43,10,e_vil_test1000,i2t.median_rank,1.0
source__lr_0.001__seed_43__epoch_10,source,source,,0.001,43,10,e_vil_test1000,t2i.r1,0.5472
source__lr_0.001__seed_43__epoch_10,source,source,,0.001,43,10,e_vil_test1000,t2i.r5,0.8152
source__lr_0.001__seed_43__epoch_10,source,source,,0.001,43,10,e_vil_test1000,t2i.r10,0.8816
source__lr_0.001__seed_43__epoch_10,source,source,,0.001,43,10,e_vil_test1000,t2i.mean_rank,7.4716
source__lr_0.001__seed_43__epoch_10,source,source,,0.001,43,10,e_vil_test1000,t2i.median_rank,1.0
source__lr_0.001__seed_43__epoch_10,source,source,,0.001,43,10,e_vil_test1000,mean_bidirectional_r1,0.6521
source__lr_0.001__seed_43__epoch_10,source,source,,0.001,43,10,sugarcrepe,positive1_accuracy,0.757555585141792
source__lr_0.001__seed_43__epoch_10,source,source,,0.001,43,10,sugarcrepe,accuracy,0.757555585141792
source__lr_0.001__seed_43__epoch_10,source,source,,0.001,43,10,sugarcrepe_pp,positive1_accuracy,0.7658187933571579
source__lr_0.001__seed_43__epoch_10,source,source,,0.001,43,10,sugarcrepe_pp,positive2_accuracy,0.6655455118772335
source__lr_0.001__seed_43__epoch_10,source,source,,0.001,43,10,sugarcrepe_pp,both_accuracy,0.6106789993693504
source__lr_0.001__seed_43__epoch_10,source,source,,0.001,43,10,sugarcrepe_pp,accuracy,0.6106789993693504
source__lr_0.001__seed_43__epoch_10,source,source,,0.001,43,10,visual_entailment,accuracy,0.7012466603714532
supported__lr_0.0001__seed_17__epoch_00,supported,supported,,0.0001,17,0,coco_karpathy,i2t.r1,0.5632
supported__lr_0.0001__seed_17__epoch_00,supported,supported,,0.0001,17,0,coco_karpathy,i2t.r5,0.7982
supported__lr_0.0001__seed_17__epoch_00,supported,supported,,0.0001,17,0,coco_karpathy,i2t.r10,0.8712
supported__lr_0.0001__seed_17__epoch_00,supported,supported,,0.0001,17,0,coco_karpathy,i2t.mean_rank,6.9402
supported__lr_0.0001__seed_17__epoch_00,supported,supported,,0.0001,17,0,coco_karpathy,i2t.median_rank,1.0
supported__lr_0.0001__seed_17__epoch_00,supported,supported,,0.0001,17,0,coco_karpathy,t2i.r1,0.39348
supported__lr_0.0001__seed_17__epoch_00,supported,supported,,0.0001,17,0,coco_karpathy,t2i.r5,0.65404
supported__lr_0.0001__seed_17__epoch_00,supported,supported,,0.0001,17,0,coco_karpathy,t2i.r10,0.7562
supported__lr_0.0001__seed_17__epoch_00,supported,supported,,0.0001,17,0,coco_karpathy,t2i.mean_rank,17.9344
supported__lr_0.0001__seed_17__epoch_00,supported,supported,,0.0001,17,0,coco_karpathy,t2i.median_rank,2.0
supported__lr_0.0001__seed_17__epoch_00,supported,supported,,0.0001,17,0,coco_karpathy,mean_bidirectional_r1,0.47834
supported__lr_0.0001__seed_17__epoch_00,supported,supported,,0.0001,17,0,e_vil_test1000,i2t.r1,0.845
supported__lr_0.0001__seed_17__epoch_00,supported,supported,,0.0001,17,0,e_vil_test1000,i2t.r5,0.96
supported__lr_0.0001__seed_17__epoch_00,supported,supported,,0.0001,17,0,e_vil_test1000,i2t.r10,0.985
supported__lr_0.0001__seed_17__epoch_00,supported,supported,,0.0001,17,0,e_vil_test1000,i2t.mean_rank,1.743
supported__lr_0.0001__seed_17__epoch_00,supported,supported,,0.0001,17,0,e_vil_test1000,i2t.median_rank,1.0
supported__lr_0.0001__seed_17__epoch_00,supported,supported,,0.0001,17,0,e_vil_test1000,t2i.r1,0.6976
supported__lr_0.0001__seed_17__epoch_00,supported,supported,,0.0001,17,0,e_vil_test1000,t2i.r5,0.8968
supported__lr_0.0001__seed_17__epoch_00,supported,supported,,0.0001,17,0,e_vil_test1000,t2i.r10,0.9376
supported__lr_0.0001__seed_17__epoch_00,supported,supported,,0.0001,17,0,e_vil_test1000,t2i.mean_rank,4.6174
supported__lr_0.0001__seed_17__epoch_00,supported,supported,,0.0001,17,0,e_vil_test1000,t2i.median_rank,1.0
supported__lr_0.0001__seed_17__epoch_00,supported,supported,,0.0001,17,0,e_vil_test1000,mean_bidirectional_r1,0.7713
supported__lr_0.0001__seed_17__epoch_00,supported,supported,,0.0001,17,0,sugarcrepe,positive1_accuracy,0.8121421914525363
supported__lr_0.0001__seed_17__epoch_00,supported,supported,,0.0001,17,0,sugarcrepe,accuracy,0.8121421914525363
supported__lr_0.0001__seed_17__epoch_00,supported,supported,,0.0001,17,0,sugarcrepe_pp,positive1_accuracy,0.7946184570107211
supported__lr_0.0001__seed_17__epoch_00,supported,supported,,0.0001,17,0,sugarcrepe_pp,positive2_accuracy,0.7500525541307547
supported__lr_0.0001__seed_17__epoch_00,supported,supported,,0.0001,17,0,sugarcrepe_pp,both_accuracy,0.6895101955013664
supported__lr_0.0001__seed_17__epoch_00,supported,supported,,0.0001,17,0,sugarcrepe_pp,accuracy,0.6895101955013664
supported__lr_0.0001__seed_17__epoch_00,supported,supported,,0.0001,17,0,visual_entailment,accuracy,0.7947273164639607
supported__lr_0.0001__seed_17__epoch_01,supported,supported,,0.0001,17,1,e_vil_test1000,i2t.r1,0.774
supported__lr_0.0001__seed_17__epoch_01,supported,supported,,0.0001,17,1,e_vil_test1000,i2t.r5,0.939
supported__lr_0.0001__seed_17__epoch_01,supported,supported,,0.0001,17,1,e_vil_test1000,i2t.r10,0.97
supported__lr_0.0001__seed_17__epoch_01,supported,supported,,0.0001,17,1,e_vil_test1000,i2t.mean_rank,2.332
supported__lr_0.0001__seed_17__epoch_01,supported,supported,,0.0001,17,1,e_vil_test1000,i2t.median_rank,1.0
supported__lr_0.0001__seed_17__epoch_01,supported,supported,,0.0001,17,1,e_vil_test1000,t2i.r1,0.697
supported__lr_0.0001__seed_17__epoch_01,supported,supported,,0.0001,17,1,e_vil_test1000,t2i.r5,0.905
supported__lr_0.0001__seed_17__epoch_01,supported,supported,,0.0001,17,1,e_vil_test1000,t2i.r10,0.9464
supported__lr_0.0001__seed_17__epoch_01,supported,supported,,0.0001,17,1,e_vil_test1000,t2i.mean_rank,4.2904
supported__lr_0.0001__seed_17__epoch_01,supported,supported,,0.0001,17,1,e_vil_test1000,t2i.median_rank,1.0
supported__lr_0.0001__seed_17__epoch_01,supported,supported,,0.0001,17,1,e_vil_test1000,mean_bidirectional_r1,0.7355
supported__lr_0.0001__seed_17__epoch_01,supported,supported,,0.0001,17,1,sugarcrepe,positive1_accuracy,0.8562108906936493
supported__lr_0.0001__seed_17__epoch_01,supported,supported,,0.0001,17,1,sugarcrepe,accuracy,0.8562108906936493
supported__lr_0.0001__seed_17__epoch_01,supported,supported,,0.0001,17,1,sugarcrepe_pp,positive1_accuracy,0.812066428421274
supported__lr_0.0001__seed_17__epoch_01,supported,supported,,0.0001,17,1,sugarcrepe_pp,positive2_accuracy,0.7567794828673534
supported__lr_0.0001__seed_17__epoch_01,supported,supported,,0.0001,17,1,sugarcrepe_pp,both_accuracy,0.6998108051292832
supported__lr_0.0001__seed_17__epoch_01,supported,supported,,0.0001,17,1,sugarcrepe_pp,accuracy,0.6998108051292832
supported__lr_0.0001__seed_17__epoch_01,supported,supported,,0.0001,17,1,visual_entailment,accuracy,0.866867346421104
supported__lr_0.0001__seed_17__epoch_05,supported,supported,,0.0001,17,5,e_vil_test1000,i2t.r1,0.773
supported__lr_0.0001__seed_17__epoch_05,supported,supported,,0.0001,17,5,e_vil_test1000,i2t.r5,0.94
supported__lr_0.0001__seed_17__epoch_05,supported,supported,,0.0001,17,5,e_vil_test1000,i2t.r10,0.965
supported__lr_0.0001__seed_17__epoch_05,supported,supported,,0.0001,17,5,e_vil_test1000,i2t.mean_rank,2.544
supported__lr_0.0001__seed_17__epoch_05,supported,supported,,0.0001,17,5,e_vil_test1000,i2t.median_rank,1.0
supported__lr_0.0001__seed_17__epoch_05,supported,supported,,0.0001,17,5,e_vil_test1000,t2i.r1,0.6744
supported__lr_0.0001__seed_17__epoch_05,supported,supported,,0.0001,17,5,e_vil_test1000,t2i.r5,0.8964
supported__lr_0.0001__seed_17__epoch_05,supported,supported,,0.0001,17,5,e_vil_test1000,t2i.r10,0.9378
supported__lr_0.0001__seed_17__epoch_05,supported,supported,,0.0001,17,5,e_vil_test1000,t2i.mean_rank,4.6088
supported__lr_0.0001__seed_17__epoch_05,supported,supported,,0.0001,17,5,e_vil_test1000,t2i.median_rank,1.0
supported__lr_0.0001__seed_17__epoch_05,supported,supported,,0.0001,17,5,e_vil_test1000,mean_bidirectional_r1,0.7237
supported__lr_0.0001__seed_17__epoch_05,supported,supported,,0.0001,17,5,sugarcrepe,positive1_accuracy,0.8475569165224338
supported__lr_0.0001__seed_17__epoch_05,supported,supported,,0.0001,17,5,sugarcrepe,accuracy,0.8475569165224338
supported__lr_0.0001__seed_17__epoch_05,supported,supported,,0.0001,17,5,sugarcrepe_pp,positive1_accuracy,0.8095438301450494
supported__lr_0.0001__seed_17__epoch_05,supported,supported,,0.0001,17,5,sugarcrepe_pp,positive2_accuracy,0.7344965314273701
supported__lr_0.0001__seed_17__epoch_05,supported,supported,,0.0001,17,5,sugarcrepe_pp,both_accuracy,0.6821526171957116
supported__lr_0.0001__seed_17__epoch_05,supported,supported,,0.0001,17,5,sugarcrepe_pp,accuracy,0.6821526171957116
supported__lr_0.0001__seed_17__epoch_05,supported,supported,,0.0001,17,5,visual_entailment,accuracy,0.8791314166379491
supported__lr_0.0001__seed_17__epoch_10,supported,supported,,0.0001,17,10,coco_karpathy,i2t.r1,0.4902
supported__lr_0.0001__seed_17__epoch_10,supported,supported,,0.0001,17,10,coco_karpathy,i2t.r5,0.7328
supported__lr_0.0001__seed_17__epoch_10,supported,supported,,0.0001,17,10,coco_karpathy,i2t.r10,0.8222
supported__lr_0.0001__seed_17__epoch_10,supported,supported,,0.0001,17,10,coco_karpathy,i2t.mean_rank,9.7394
supported__lr_0.0001__seed_17__epoch_10,supported,supported,,0.0001,17,10,coco_karpathy,i2t.median_rank,2.0
supported__lr_0.0001__seed_17__epoch_10,supported,supported,,0.0001,17,10,coco_karpathy,t2i.r1,0.36536
supported__lr_0.0001__seed_17__epoch_10,supported,supported,,0.0001,17,10,coco_karpathy,t2i.r5,0.62964
supported__lr_0.0001__seed_17__epoch_10,supported,supported,,0.0001,17,10,coco_karpathy,t2i.r10,0.73208
supported__lr_0.0001__seed_17__epoch_10,supported,supported,,0.0001,17,10,coco_karpathy,t2i.mean_rank,18.9892
supported__lr_0.0001__seed_17__epoch_10,supported,supported,,0.0001,17,10,coco_karpathy,t2i.median_rank,3.0
supported__lr_0.0001__seed_17__epoch_10,supported,supported,,0.0001,17,10,coco_karpathy,mean_bidirectional_r1,0.42778000000000005
supported__lr_0.0001__seed_17__epoch_10,supported,supported,,0.0001,17,10,e_vil_test1000,i2t.r1,0.784
supported__lr_0.0001__seed_17__epoch_10,supported,supported,,0.0001,17,10,e_vil_test1000,i2t.r5,0.94
supported__lr_0.0001__seed_17__epoch_10,supported,supported,,0.0001,17,10,e_vil_test1000,i2t.r10,0.965
supported__lr_0.0001__seed_17__epoch_10,supported,supported,,0.0001,17,10,e_vil_test1000,i2t.mean_rank,2.448
supported__lr_0.0001__seed_17__epoch_10,supported,supported,,0.0001,17,10,e_vil_test1000,i2t.median_rank,1.0
supported__lr_0.0001__seed_17__epoch_10,supported,supported,,0.0001,17,10,e_vil_test1000,t2i.r1,0.6596
supported__lr_0.0001__seed_17__epoch_10,supported,supported,,0.0001,17,10,e_vil_test1000,t2i.r5,0.8882
supported__lr_0.0001__seed_17__epoch_10,supported,supported,,0.0001,17,10,e_vil_test1000,t2i.r10,0.9328
supported__lr_0.0001__seed_17__epoch_10,supported,supported,,0.0001,17,10,e_vil_test1000,t2i.mean_rank,5.004
supported__lr_0.0001__seed_17__epoch_10,supported,supported,,0.0001,17,10,e_vil_test1000,t2i.median_rank,1.0
supported__lr_0.0001__seed_17__epoch_10,supported,supported,,0.0001,17,10,e_vil_test1000,mean_bidirectional_r1,0.7218
supported__lr_0.0001__seed_17__epoch_10,supported,supported,,0.0001,17,10,sugarcrepe,positive1_accuracy,0.8395686326720809
supported__lr_0.0001__seed_17__epoch_10,supported,supported,,0.0001,17,10,sugarcrepe,accuracy,0.8395686326720809
supported__lr_0.0001__seed_17__epoch_10,supported,supported,,0.0001,17,10,sugarcrepe_pp,positive1_accuracy,0.8011351692243011
supported__lr_0.0001__seed_17__epoch_10,supported,supported,,0.0001,17,10,sugarcrepe_pp,positive2_accuracy,0.7357578305654825
supported__lr_0.0001__seed_17__epoch_10,supported,supported,,0.0001,17,10,sugarcrepe_pp,both_accuracy,0.6789993693504309
supported__lr_0.0001__seed_17__epoch_10,supported,supported,,0.0001,17,10,sugarcrepe_pp,accuracy,0.6789993693504309
supported__lr_0.0001__seed_17__epoch_10,supported,supported,,0.0001,17,10,visual_entailment,accuracy,0.876409266306473
supported__lr_0.0001__seed_29__epoch_00,supported,supported,,0.0001,29,0,coco_karpathy,i2t.r1,0.5632
supported__lr_0.0001__seed_29__epoch_00,supported,supported,,0.0001,29,0,coco_karpathy,i2t.r5,0.7982
supported__lr_0.0001__seed_29__epoch_00,supported,supported,,0.0001,29,0,coco_karpathy,i2t.r10,0.8712
supported__lr_0.0001__seed_29__epoch_00,supported,supported,,0.0001,29,0,coco_karpathy,i2t.mean_rank,6.9402
supported__lr_0.0001__seed_29__epoch_00,supported,supported,,0.0001,29,0,coco_karpathy,i2t.median_rank,1.0
supported__lr_0.0001__seed_29__epoch_00,supported,supported,,0.0001,29,0,coco_karpathy,t2i.r1,0.39348
supported__lr_0.0001__seed_29__epoch_00,supported,supported,,0.0001,29,0,coco_karpathy,t2i.r5,0.65404
supported__lr_0.0001__seed_29__epoch_00,supported,supported,,0.0001,29,0,coco_karpathy,t2i.r10,0.7562
supported__lr_0.0001__seed_29__epoch_00,supported,supported,,0.0001,29,0,coco_karpathy,t2i.mean_rank,17.9344
supported__lr_0.0001__seed_29__epoch_00,supported,supported,,0.0001,29,0,coco_karpathy,t2i.median_rank,2.0
supported__lr_0.0001__seed_29__epoch_00,supported,supported,,0.0001,29,0,coco_karpathy,mean_bidirectional_r1,0.47834
supported__lr_0.0001__seed_29__epoch_00,supported,supported,,0.0001,29,0,e_vil_test1000,i2t.r1,0.845
supported__lr_0.0001__seed_29__epoch_00,supported,supported,,0.0001,29,0,e_vil_test1000,i2t.r5,0.96
supported__lr_0.0001__seed_29__epoch_00,supported,supported,,0.0001,29,0,e_vil_test1000,i2t.r10,0.985
supported__lr_0.0001__seed_29__epoch_00,supported,supported,,0.0001,29,0,e_vil_test1000,i2t.mean_rank,1.743
supported__lr_0.0001__seed_29__epoch_00,supported,supported,,0.0001,29,0,e_vil_test1000,i2t.median_rank,1.0
supported__lr_0.0001__seed_29__epoch_00,supported,supported,,0.0001,29,0,e_vil_test1000,t2i.r1,0.6976
supported__lr_0.0001__seed_29__epoch_00,supported,supported,,0.0001,29,0,e_vil_test1000,t2i.r5,0.8968
supported__lr_0.0001__seed_29__epoch_00,supported,supported,,0.0001,29,0,e_vil_test1000,t2i.r10,0.9376
supported__lr_0.0001__seed_29__epoch_00,supported,supported,,0.0001,29,0,e_vil_test1000,t2i.mean_rank,4.6174
supported__lr_0.0001__seed_29__epoch_00,supported,supported,,0.0001,29,0,e_vil_test1000,t2i.median_rank,1.0
supported__lr_0.0001__seed_29__epoch_00,supported,supported,,0.0001,29,0,e_vil_test1000,mean_bidirectional_r1,0.7713
supported__lr_0.0001__seed_29__epoch_00,supported,supported,,0.0001,29,0,sugarcrepe,positive1_accuracy,0.8121421914525363
supported__lr_0.0001__seed_29__epoch_00,supported,supported,,0.0001,29,0,sugarcrepe,accuracy,0.8121421914525363
supported__lr_0.0001__seed_29__epoch_00,supported,supported,,0.0001,29,0,sugarcrepe_pp,positive1_accuracy,0.7946184570107211
supported__lr_0.0001__seed_29__epoch_00,supported,supported,,0.0001,29,0,sugarcrepe_pp,positive2_accuracy,0.7500525541307547
supported__lr_0.0001__seed_29__epoch_00,supported,supported,,0.0001,29,0,sugarcrepe_pp,both_accuracy,0.6895101955013664
supported__lr_0.0001__seed_29__epoch_00,supported,supported,,0.0001,29,0,sugarcrepe_pp,accuracy,0.6895101955013664
supported__lr_0.0001__seed_29__epoch_00,supported,supported,,0.0001,29,0,visual_entailment,accuracy,0.7947273164639607
supported__lr_0.0001__seed_29__epoch_01,supported,supported,,0.0001,29,1,e_vil_test1000,i2t.r1,0.789
supported__lr_0.0001__seed_29__epoch_01,supported,supported,,0.0001,29,1,e_vil_test1000,i2t.r5,0.944
supported__lr_0.0001__seed_29__epoch_01,supported,supported,,0.0001,29,1,e_vil_test1000,i2t.r10,0.968
supported__lr_0.0001__seed_29__epoch_01,supported,supported,,0.0001,29,1,e_vil_test1000,i2t.mean_rank,2.266
supported__lr_0.0001__seed_29__epoch_01,supported,supported,,0.0001,29,1,e_vil_test1000,i2t.median_rank,1.0
supported__lr_0.0001__seed_29__epoch_01,supported,supported,,0.0001,29,1,e_vil_test1000,t2i.r1,0.6964
supported__lr_0.0001__seed_29__epoch_01,supported,supported,,0.0001,29,1,e_vil_test1000,t2i.r5,0.9062
supported__lr_0.0001__seed_29__epoch_01,supported,supported,,0.0001,29,1,e_vil_test1000,t2i.r10,0.9478
supported__lr_0.0001__seed_29__epoch_01,supported,supported,,0.0001,29,1,e_vil_test1000,t2i.mean_rank,4.2694
supported__lr_0.0001__seed_29__epoch_01,supported,supported,,0.0001,29,1,e_vil_test1000,t2i.median_rank,1.0
supported__lr_0.0001__seed_29__epoch_01,supported,supported,,0.0001,29,1,e_vil_test1000,mean_bidirectional_r1,0.7427
supported__lr_0.0001__seed_29__epoch_01,supported,supported,,0.0001,29,1,sugarcrepe,positive1_accuracy,0.8511516442550925
supported__lr_0.0001__seed_29__epoch_01,supported,supported,,0.0001,29,1,sugarcrepe,accuracy,0.8511516442550925
supported__lr_0.0001__seed_29__epoch_01,supported,supported,,0.0001,29,1,sugarcrepe_pp,positive1_accuracy,0.8099642631910868
supported__lr_0.0001__seed_29__epoch_01,supported,supported,,0.0001,29,1,sugarcrepe_pp,positive2_accuracy,0.754887534160185
supported__lr_0.0001__seed_29__epoch_01,supported,supported,,0.0001,29,1,sugarcrepe_pp,both_accuracy,0.6974984233760774
supported__lr_0.0001__seed_29__epoch_01,supported,supported,,0.0001,29,1,sugarcrepe_pp,accuracy,0.6974984233760774
supported__lr_0.0001__seed_29__epoch_01,supported,supported,,0.0001,29,1,visual_entailment,accuracy,0.8663251176778571
supported__lr_0.0001__seed_29__epoch_05,supported,supported,,0.0001,29,5,e_vil_test1000,i2t.r1,0.785
supported__lr_0.0001__seed_29__epoch_05,supported,supported,,0.0001,29,5,e_vil_test1000,i2t.r5,0.938
supported__lr_0.0001__seed_29__epoch_05,supported,supported,,0.0001,29,5,e_vil_test1000,i2t.r10,0.968
supported__lr_0.0001__seed_29__epoch_05,supported,supported,,0.0001,29,5,e_vil_test1000,i2t.mean_rank,2.459
supported__lr_0.0001__seed_29__epoch_05,supported,supported,,0.0001,29,5,e_vil_test1000,i2t.median_rank,1.0
supported__lr_0.0001__seed_29__epoch_05,supported,supported,,0.0001,29,5,e_vil_test1000,t2i.r1,0.6768
supported__lr_0.0001__seed_29__epoch_05,supported,supported,,0.0001,29,5,e_vil_test1000,t2i.r5,0.8968
supported__lr_0.0001__seed_29__epoch_05,supported,supported,,0.0001,29,5,e_vil_test1000,t2i.r10,0.9382
supported__lr_0.0001__seed_29__epoch_05,supported,supported,,0.0001,29,5,e_vil_test1000,t2i.mean_rank,4.606
supported__lr_0.0001__seed_29__epoch_05,supported,supported,,0.0001,29,5,e_vil_test1000,t2i.median_rank,1.0
supported__lr_0.0001__seed_29__epoch_05,supported,supported,,0.0001,29,5,e_vil_test1000,mean_bidirectional_r1,0.7309
supported__lr_0.0001__seed_29__epoch_05,supported,supported,,0.0001,29,5,sugarcrepe,positive1_accuracy,0.8447610171748102
supported__lr_0.0001__seed_29__epoch_05,supported,supported,,0.0001,29,5,sugarcrepe,accuracy,0.8447610171748102
supported__lr_0.0001__seed_29__epoch_05,supported,supported,,0.0001,29,5,sugarcrepe_pp,positive1_accuracy,0.8070212318688249
supported__lr_0.0001__seed_29__epoch_05,supported,supported,,0.0001,29,5,sugarcrepe_pp,positive2_accuracy,0.7365986966575573
supported__lr_0.0001__seed_29__epoch_05,supported,supported,,0.0001,29,5,sugarcrepe_pp,both_accuracy,0.6823628337187303
supported__lr_0.0001__seed_29__epoch_05,supported,supported,,0.0001,29,5,sugarcrepe_pp,accuracy,0.6823628337187303
supported__lr_0.0001__seed_29__epoch_05,supported,supported,,0.0001,29,5,visual_entailment,accuracy,0.8784984795375427
supported__lr_0.0001__seed_29__epoch_10,supported,supported,,0.0001,29,10,coco_karpathy,i2t.r1,0.4896
supported__lr_0.0001__seed_29__epoch_10,supported,supported,,0.0001,29,10,coco_karpathy,i2t.r5,0.7356
supported__lr_0.0001__seed_29__epoch_10,supported,supported,,0.0001,29,10,coco_karpathy,i2t.r10,0.8244
supported__lr_0.0001__seed_29__epoch_10,supported,supported,,0.0001,29,10,coco_karpathy,i2t.mean_rank,9.5418
supported__lr_0.0001__seed_29__epoch_10,supported,supported,,0.0001,29,10,coco_karpathy,i2t.median_rank,2.0
supported__lr_0.0001__seed_29__epoch_10,supported,supported,,0.0001,29,10,coco_karpathy,t2i.r1,0.36408
supported__lr_0.0001__seed_29__epoch_10,supported,supported,,0.0001,29,10,coco_karpathy,t2i.r5,0.62976
supported__lr_0.0001__seed_29__epoch_10,supported,supported,,0.0001,29,10,coco_karpathy,t2i.r10,0.73276
supported__lr_0.0001__seed_29__epoch_10,supported,supported,,0.0001,29,10,coco_karpathy,t2i.mean_rank,18.97928
supported__lr_0.0001__seed_29__epoch_10,supported,supported,,0.0001,29,10,coco_karpathy,t2i.median_rank,3.0
supported__lr_0.0001__seed_29__epoch_10,supported,supported,,0.0001,29,10,coco_karpathy,mean_bidirectional_r1,0.42684
supported__lr_0.0001__seed_29__epoch_10,supported,supported,,0.0001,29,10,e_vil_test1000,i2t.r1,0.791
supported__lr_0.0001__seed_29__epoch_10,supported,supported,,0.0001,29,10,e_vil_test1000,i2t.r5,0.935
supported__lr_0.0001__seed_29__epoch_10,supported,supported,,0.0001,29,10,e_vil_test1000,i2t.r10,0.967
supported__lr_0.0001__seed_29__epoch_10,supported,supported,,0.0001,29,10,e_vil_test1000,i2t.mean_rank,2.475
supported__lr_0.0001__seed_29__epoch_10,supported,supported,,0.0001,29,10,e_vil_test1000,i2t.median_rank,1.0
supported__lr_0.0001__seed_29__epoch_10,supported,supported,,0.0001,29,10,e_vil_test1000,t2i.r1,0.6614
supported__lr_0.0001__seed_29__epoch_10,supported,supported,,0.0001,29,10,e_vil_test1000,t2i.r5,0.889
supported__lr_0.0001__seed_29__epoch_10,supported,supported,,0.0001,29,10,e_vil_test1000,t2i.r10,0.9336
supported__lr_0.0001__seed_29__epoch_10,supported,supported,,0.0001,29,10,e_vil_test1000,t2i.mean_rank,4.9898
supported__lr_0.0001__seed_29__epoch_10,supported,supported,,0.0001,29,10,e_vil_test1000,t2i.median_rank,1.0
supported__lr_0.0001__seed_29__epoch_10,supported,supported,,0.0001,29,10,e_vil_test1000,mean_bidirectional_r1,0.7262
supported__lr_0.0001__seed_29__epoch_10,supported,supported,,0.0001,29,10,sugarcrepe,positive1_accuracy,0.8401011849287712
supported__lr_0.0001__seed_29__epoch_10,supported,supported,,0.0001,29,10,sugarcrepe,accuracy,0.8401011849287712
supported__lr_0.0001__seed_29__epoch_10,supported,supported,,0.0001,29,10,sugarcrepe_pp,positive1_accuracy,0.8032373344544881
supported__lr_0.0001__seed_29__epoch_10,supported,supported,,0.0001,29,10,sugarcrepe_pp,positive2_accuracy,0.731763716628127
supported__lr_0.0001__seed_29__epoch_10,supported,supported,,0.0001,29,10,sugarcrepe_pp,both_accuracy,0.6771074206432626
supported__lr_0.0001__seed_29__epoch_10,supported,supported,,0.0001,29,10,sugarcrepe_pp,accuracy,0.6771074206432626
supported__lr_0.0001__seed_29__epoch_10,supported,supported,,0.0001,29,10,visual_entailment,accuracy,0.8769081771110292
supported__lr_0.0001__seed_43__epoch_00,supported,supported,,0.0001,43,0,coco_karpathy,i2t.r1,0.5632
supported__lr_0.0001__seed_43__epoch_00,supported,supported,,0.0001,43,0,coco_karpathy,i2t.r5,0.7982
supported__lr_0.0001__seed_43__epoch_00,supported,supported,,0.0001,43,0,coco_karpathy,i2t.r10,0.8712
supported__lr_0.0001__seed_43__epoch_00,supported,supported,,0.0001,43,0,coco_karpathy,i2t.mean_rank,6.9402
supported__lr_0.0001__seed_43__epoch_00,supported,supported,,0.0001,43,0,coco_karpathy,i2t.median_rank,1.0
supported__lr_0.0001__seed_43__epoch_00,supported,supported,,0.0001,43,0,coco_karpathy,t2i.r1,0.39348
supported__lr_0.0001__seed_43__epoch_00,supported,supported,,0.0001,43,0,coco_karpathy,t2i.r5,0.65404
supported__lr_0.0001__seed_43__epoch_00,supported,supported,,0.0001,43,0,coco_karpathy,t2i.r10,0.7562
supported__lr_0.0001__seed_43__epoch_00,supported,supported,,0.0001,43,0,coco_karpathy,t2i.mean_rank,17.9344
supported__lr_0.0001__seed_43__epoch_00,supported,supported,,0.0001,43,0,coco_karpathy,t2i.median_rank,2.0
supported__lr_0.0001__seed_43__epoch_00,supported,supported,,0.0001,43,0,coco_karpathy,mean_bidirectional_r1,0.47834
supported__lr_0.0001__seed_43__epoch_00,supported,supported,,0.0001,43,0,e_vil_test1000,i2t.r1,0.845
supported__lr_0.0001__seed_43__epoch_00,supported,supported,,0.0001,43,0,e_vil_test1000,i2t.r5,0.96
supported__lr_0.0001__seed_43__epoch_00,supported,supported,,0.0001,43,0,e_vil_test1000,i2t.r10,0.985
supported__lr_0.0001__seed_43__epoch_00,supported,supported,,0.0001,43,0,e_vil_test1000,i2t.mean_rank,1.743
supported__lr_0.0001__seed_43__epoch_00,supported,supported,,0.0001,43,0,e_vil_test1000,i2t.median_rank,1.0
supported__lr_0.0001__seed_43__epoch_00,supported,supported,,0.0001,43,0,e_vil_test1000,t2i.r1,0.6976
supported__lr_0.0001__seed_43__epoch_00,supported,supported,,0.0001,43,0,e_vil_test1000,t2i.r5,0.8968
supported__lr_0.0001__seed_43__epoch_00,supported,supported,,0.0001,43,0,e_vil_test1000,t2i.r10,0.9376
supported__lr_0.0001__seed_43__epoch_00,supported,supported,,0.0001,43,0,e_vil_test1000,t2i.mean_rank,4.6174
supported__lr_0.0001__seed_43__epoch_00,supported,supported,,0.0001,43,0,e_vil_test1000,t2i.median_rank,1.0
supported__lr_0.0001__seed_43__epoch_00,supported,supported,,0.0001,43,0,e_vil_test1000,mean_bidirectional_r1,0.7713
supported__lr_0.0001__seed_43__epoch_00,supported,supported,,0.0001,43,0,sugarcrepe,positive1_accuracy,0.8121421914525363
supported__lr_0.0001__seed_43__epoch_00,supported,supported,,0.0001,43,0,sugarcrepe,accuracy,0.8121421914525363
supported__lr_0.0001__seed_43__epoch_00,supported,supported,,0.0001,43,0,sugarcrepe_pp,positive1_accuracy,0.7946184570107211
supported__lr_0.0001__seed_43__epoch_00,supported,supported,,0.0001,43,0,sugarcrepe_pp,positive2_accuracy,0.7500525541307547
supported__lr_0.0001__seed_43__epoch_00,supported,supported,,0.0001,43,0,sugarcrepe_pp,both_accuracy,0.6895101955013664
supported__lr_0.0001__seed_43__epoch_00,supported,supported,,0.0001,43,0,sugarcrepe_pp,accuracy,0.6895101955013664
supported__lr_0.0001__seed_43__epoch_00,supported,supported,,0.0001,43,0,visual_entailment,accuracy,0.7947273164639607
supported__lr_0.0001__seed_43__epoch_01,supported,supported,,0.0001,43,1,e_vil_test1000,i2t.r1,0.777
supported__lr_0.0001__seed_43__epoch_01,supported,supported,,0.0001,43,1,e_vil_test1000,i2t.r5,0.939
supported__lr_0.0001__seed_43__epoch_01,supported,supported,,0.0001,43,1,e_vil_test1000,i2t.r10,0.97
supported__lr_0.0001__seed_43__epoch_01,supported,supported,,0.0001,43,1,e_vil_test1000,i2t.mean_rank,2.358
supported__lr_0.0001__seed_43__epoch_01,supported,supported,,0.0001,43,1,e_vil_test1000,i2t.median_rank,1.0
supported__lr_0.0001__seed_43__epoch_01,supported,supported,,0.0001,43,1,e_vil_test1000,t2i.r1,0.6988
supported__lr_0.0001__seed_43__epoch_01,supported,supported,,0.0001,43,1,e_vil_test1000,t2i.r5,0.9048
supported__lr_0.0001__seed_43__epoch_01,supported,supported,,0.0001,43,1,e_vil_test1000,t2i.r10,0.9454
supported__lr_0.0001__seed_43__epoch_01,supported,supported,,0.0001,43,1,e_vil_test1000,t2i.mean_rank,4.2896
supported__lr_0.0001__seed_43__epoch_01,supported,supported,,0.0001,43,1,e_vil_test1000,t2i.median_rank,1.0
supported__lr_0.0001__seed_43__epoch_01,supported,supported,,0.0001,43,1,e_vil_test1000,mean_bidirectional_r1,0.7379
supported__lr_0.0001__seed_43__epoch_01,supported,supported,,0.0001,43,1,sugarcrepe,positive1_accuracy,0.8555452003727866
supported__lr_0.0001__seed_43__epoch_01,supported,supported,,0.0001,43,1,sugarcrepe,accuracy,0.8555452003727866
supported__lr_0.0001__seed_43__epoch_01,supported,supported,,0.0001,43,1,sugarcrepe_pp,positive1_accuracy,0.8133277275593862
supported__lr_0.0001__seed_43__epoch_01,supported,supported,,0.0001,43,1,sugarcrepe_pp,positive2_accuracy,0.7590918646205592
supported__lr_0.0001__seed_43__epoch_01,supported,supported,,0.0001,43,1,sugarcrepe_pp,both_accuracy,0.7027538364515451
supported__lr_0.0001__seed_43__epoch_01,supported,supported,,0.0001,43,1,sugarcrepe_pp,accuracy,0.7027538364515451
supported__lr_0.0001__seed_43__epoch_01,supported,supported,,0.0001,43,1,visual_entailment,accuracy,0.8684636316727387
supported__lr_0.0001__seed_43__epoch_05,supported,supported,,0.0001,43,5,e_vil_test1000,i2t.r1,0.785
supported__lr_0.0001__seed_43__epoch_05,supported,supported,,0.0001,43,5,e_vil_test1000,i2t.r5,0.939
supported__lr_0.0001__seed_43__epoch_05,supported,supported,,0.0001,43,5,e_vil_test1000,i2t.r10,0.97
supported__lr_0.0001__seed_43__epoch_05,supported,supported,,0.0001,43,5,e_vil_test1000,i2t.mean_rank,2.44
supported__lr_0.0001__seed_43__epoch_05,supported,supported,,0.0001,43,5,e_vil_test1000,i2t.median_rank,1.0
supported__lr_0.0001__seed_43__epoch_05,supported,supported,,0.0001,43,5,e_vil_test1000,t2i.r1,0.6806
supported__lr_0.0001__seed_43__epoch_05,supported,supported,,0.0001,43,5,e_vil_test1000,t2i.r5,0.8974
supported__lr_0.0001__seed_43__epoch_05,supported,supported,,0.0001,43,5,e_vil_test1000,t2i.r10,0.9394
supported__lr_0.0001__seed_43__epoch_05,supported,supported,,0.0001,43,5,e_vil_test1000,t2i.mean_rank,4.598
supported__lr_0.0001__seed_43__epoch_05,supported,supported,,0.0001,43,5,e_vil_test1000,t2i.median_rank,1.0
supported__lr_0.0001__seed_43__epoch_05,supported,supported,,0.0001,43,5,e_vil_test1000,mean_bidirectional_r1,0.7328
supported__lr_0.0001__seed_43__epoch_05,supported,supported,,0.0001,43,5,sugarcrepe,positive1_accuracy,0.8450272933031554
supported__lr_0.0001__seed_43__epoch_05,supported,supported,,0.0001,43,5,sugarcrepe,accuracy,0.8450272933031554
supported__lr_0.0001__seed_43__epoch_05,supported,supported,,0.0001,43,5,sugarcrepe_pp,positive1_accuracy,0.80618036577675
supported__lr_0.0001__seed_43__epoch_05,supported,supported,,0.0001,43,5,sugarcrepe_pp,positive2_accuracy,0.7363884801345386
supported__lr_0.0001__seed_43__epoch_05,supported,supported,,0.0001,43,5,sugarcrepe_pp,both_accuracy,0.6829934832877864
supported__lr_0.0001__seed_43__epoch_05,supported,supported,,0.0001,43,5,sugarcrepe_pp,accuracy,0.6829934832877864
supported__lr_0.0001__seed_43__epoch_05,supported,supported,,0.0001,43,5,visual_entailment,accuracy,0.8797657216404169
supported__lr_0.0001__seed_43__epoch_10,supported,supported,,0.0001,43,10,coco_karpathy,i2t.r1,0.4916
supported__lr_0.0001__seed_43__epoch_10,supported,supported,,0.0001,43,10,coco_karpathy,i2t.r5,0.734
supported__lr_0.0001__seed_43__epoch_10,supported,supported,,0.0001,43,10,coco_karpathy,i2t.r10,0.82
supported__lr_0.0001__seed_43__epoch_10,supported,supported,,0.0001,43,10,coco_karpathy,i2t.mean_rank,9.803
supported__lr_0.0001__seed_43__epoch_10,supported,supported,,0.0001,43,10,coco_karpathy,i2t.median_rank,2.0
supported__lr_0.0001__seed_43__epoch_10,supported,supported,,0.0001,43,10,coco_karpathy,t2i.r1,0.36352
supported__lr_0.0001__seed_43__epoch_10,supported,supported,,0.0001,43,10,coco_karpathy,t2i.r5,0.6274
supported__lr_0.0001__seed_43__epoch_10,supported,supported,,0.0001,43,10,coco_karpathy,t2i.r10,0.73328
supported__lr_0.0001__seed_43__epoch_10,supported,supported,,0.0001,43,10,coco_karpathy,t2i.mean_rank,18.96912
supported__lr_0.0001__seed_43__epoch_10,supported,supported,,0.0001,43,10,coco_karpathy,t2i.median_rank,3.0
supported__lr_0.0001__seed_43__epoch_10,supported,supported,,0.0001,43,10,coco_karpathy,mean_bidirectional_r1,0.42756
supported__lr_0.0001__seed_43__epoch_10,supported,supported,,0.0001,43,10,e_vil_test1000,i2t.r1,0.786
supported__lr_0.0001__seed_43__epoch_10,supported,supported,,0.0001,43,10,e_vil_test1000,i2t.r5,0.94
supported__lr_0.0001__seed_43__epoch_10,supported,supported,,0.0001,43,10,e_vil_test1000,i2t.r10,0.964
supported__lr_0.0001__seed_43__epoch_10,supported,supported,,0.0001,43,10,e_vil_test1000,i2t.mean_rank,2.693
supported__lr_0.0001__seed_43__epoch_10,supported,supported,,0.0001,43,10,e_vil_test1000,i2t.median_rank,1.0
supported__lr_0.0001__seed_43__epoch_10,supported,supported,,0.0001,43,10,e_vil_test1000,t2i.r1,0.6618
supported__lr_0.0001__seed_43__epoch_10,supported,supported,,0.0001,43,10,e_vil_test1000,t2i.r5,0.889
supported__lr_0.0001__seed_43__epoch_10,supported,supported,,0.0001,43,10,e_vil_test1000,t2i.r10,0.934
supported__lr_0.0001__seed_43__epoch_10,supported,supported,,0.0001,43,10,e_vil_test1000,t2i.mean_rank,5.0326
supported__lr_0.0001__seed_43__epoch_10,supported,supported,,0.0001,43,10,e_vil_test1000,t2i.median_rank,1.0
supported__lr_0.0001__seed_43__epoch_10,supported,supported,,0.0001,43,10,e_vil_test1000,mean_bidirectional_r1,0.7239
supported__lr_0.0001__seed_43__epoch_10,supported,supported,,0.0001,43,10,sugarcrepe,positive1_accuracy,0.8383703900945281
supported__lr_0.0001__seed_43__epoch_10,supported,supported,,0.0001,43,10,sugarcrepe,accuracy,0.8383703900945281
supported__lr_0.0001__seed_43__epoch_10,supported,supported,,0.0001,43,10,sugarcrepe_pp,positive1_accuracy,0.802606684885432
supported__lr_0.0001__seed_43__epoch_10,supported,supported,,0.0001,43,10,sugarcrepe_pp,positive2_accuracy,0.731763716628127
supported__lr_0.0001__seed_43__epoch_10,supported,supported,,0.0001,43,10,sugarcrepe_pp,both_accuracy,0.6762665545511877
supported__lr_0.0001__seed_43__epoch_10,supported,supported,,0.0001,43,10,sugarcrepe_pp,accuracy,0.6762665545511877
supported__lr_0.0001__seed_43__epoch_10,supported,supported,,0.0001,43,10,visual_entailment,accuracy,0.8751765062896091
supported__lr_0.0003__seed_17__epoch_01,supported,supported,,0.0003,17,1,e_vil_test1000,i2t.r1,0.765
supported__lr_0.0003__seed_17__epoch_01,supported,supported,,0.0003,17,1,e_vil_test1000,i2t.r5,0.94
supported__lr_0.0003__seed_17__epoch_01,supported,supported,,0.0003,17,1,e_vil_test1000,i2t.r10,0.967
supported__lr_0.0003__seed_17__epoch_01,supported,supported,,0.0003,17,1,e_vil_test1000,i2t.mean_rank,2.554
supported__lr_0.0003__seed_17__epoch_01,supported,supported,,0.0003,17,1,e_vil_test1000,i2t.median_rank,1.0
supported__lr_0.0003__seed_17__epoch_01,supported,supported,,0.0003,17,1,e_vil_test1000,t2i.r1,0.6608
supported__lr_0.0003__seed_17__epoch_01,supported,supported,,0.0003,17,1,e_vil_test1000,t2i.r5,0.8934
supported__lr_0.0003__seed_17__epoch_01,supported,supported,,0.0003,17,1,e_vil_test1000,t2i.r10,0.9376
supported__lr_0.0003__seed_17__epoch_01,supported,supported,,0.0003,17,1,e_vil_test1000,t2i.mean_rank,4.7066
supported__lr_0.0003__seed_17__epoch_01,supported,supported,,0.0003,17,1,e_vil_test1000,t2i.median_rank,1.0
supported__lr_0.0003__seed_17__epoch_01,supported,supported,,0.0003,17,1,e_vil_test1000,mean_bidirectional_r1,0.7129000000000001
supported__lr_0.0003__seed_17__epoch_01,supported,supported,,0.0003,17,1,sugarcrepe,positive1_accuracy,0.8492877113566769
supported__lr_0.0003__seed_17__epoch_01,supported,supported,,0.0003,17,1,sugarcrepe,accuracy,0.8492877113566769
supported__lr_0.0003__seed_17__epoch_01,supported,supported,,0.0003,17,1,sugarcrepe_pp,positive1_accuracy,0.804078200546563
supported__lr_0.0003__seed_17__epoch_01,supported,supported,,0.0003,17,1,sugarcrepe_pp,positive2_accuracy,0.7393315114568005
supported__lr_0.0003__seed_17__epoch_01,supported,supported,,0.0003,17,1,sugarcrepe_pp,both_accuracy,0.68404456590288
supported__lr_0.0003__seed_17__epoch_01,supported,supported,,0.0003,17,1,sugarcrepe_pp,accuracy,0.68404456590288
supported__lr_0.0003__seed_17__epoch_01,supported,supported,,0.0003,17,1,visual_entailment,accuracy,0.8739652586501581
supported__lr_0.0003__seed_17__epoch_05,supported,supported,,0.0003,17,5,coco_karpathy,i2t.r1,0.4836
supported__lr_0.0003__seed_17__epoch_05,supported,supported,,0.0003,17,5,coco_karpathy,i2t.r5,0.7288
supported__lr_0.0003__seed_17__epoch_05,supported,supported,,0.0003,17,5,coco_karpathy,i2t.r10,0.817
supported__lr_0.0003__seed_17__epoch_05,supported,supported,,0.0003,17,5,coco_karpathy,i2t.mean_rank,10.4012
supported__lr_0.0003__seed_17__epoch_05,supported,supported,,0.0003,17,5,coco_karpathy,i2t.median_rank,2.0
supported__lr_0.0003__seed_17__epoch_05,supported,supported,,0.0003,17,5,coco_karpathy,t2i.r1,0.354
supported__lr_0.0003__seed_17__epoch_05,supported,supported,,0.0003,17,5,coco_karpathy,t2i.r5,0.61276
supported__lr_0.0003__seed_17__epoch_05,supported,supported,,0.0003,17,5,coco_karpathy,t2i.r10,0.7204
supported__lr_0.0003__seed_17__epoch_05,supported,supported,,0.0003,17,5,coco_karpathy,t2i.mean_rank,20.3324
supported__lr_0.0003__seed_17__epoch_05,supported,supported,,0.0003,17,5,coco_karpathy,t2i.median_rank,3.0
supported__lr_0.0003__seed_17__epoch_05,supported,supported,,0.0003,17,5,coco_karpathy,mean_bidirectional_r1,0.41879999999999995
supported__lr_0.0003__seed_17__epoch_05,supported,supported,,0.0003,17,5,e_vil_test1000,i2t.r1,0.782
supported__lr_0.0003__seed_17__epoch_05,supported,supported,,0.0003,17,5,e_vil_test1000,i2t.r5,0.933
supported__lr_0.0003__seed_17__epoch_05,supported,supported,,0.0003,17,5,e_vil_test1000,i2t.r10,0.968
supported__lr_0.0003__seed_17__epoch_05,supported,supported,,0.0003,17,5,e_vil_test1000,i2t.mean_rank,2.68
supported__lr_0.0003__seed_17__epoch_05,supported,supported,,0.0003,17,5,e_vil_test1000,i2t.median_rank,1.0
supported__lr_0.0003__seed_17__epoch_05,supported,supported,,0.0003,17,5,e_vil_test1000,t2i.r1,0.6362
supported__lr_0.0003__seed_17__epoch_05,supported,supported,,0.0003,17,5,e_vil_test1000,t2i.r5,0.8708
supported__lr_0.0003__seed_17__epoch_05,supported,supported,,0.0003,17,5,e_vil_test1000,t2i.r10,0.9228
supported__lr_0.0003__seed_17__epoch_05,supported,supported,,0.0003,17,5,e_vil_test1000,t2i.mean_rank,5.5918
supported__lr_0.0003__seed_17__epoch_05,supported,supported,,0.0003,17,5,e_vil_test1000,t2i.median_rank,1.0
supported__lr_0.0003__seed_17__epoch_05,supported,supported,,0.0003,17,5,e_vil_test1000,mean_bidirectional_r1,0.7091000000000001
supported__lr_0.0003__seed_17__epoch_05,supported,supported,,0.0003,17,5,sugarcrepe,positive1_accuracy,0.8338436959126614
supported__lr_0.0003__seed_17__epoch_05,supported,supported,,0.0003,17,5,sugarcrepe,accuracy,0.8338436959126614
supported__lr_0.0003__seed_17__epoch_05,supported,supported,,0.0003,17,5,sugarcrepe_pp,positive1_accuracy,0.7977717048560017
supported__lr_0.0003__seed_17__epoch_05,supported,supported,,0.0003,17,5,sugarcrepe_pp,positive2_accuracy,0.7344965314273701
supported__lr_0.0003__seed_17__epoch_05,supported,supported,,0.0003,17,5,sugarcrepe_pp,both_accuracy,0.6758461215051503
supported__lr_0.0003__seed_17__epoch_05,supported,supported,,0.0003,17,5,sugarcrepe_pp,accuracy,0.6758461215051503
supported__lr_0.0003__seed_17__epoch_05,supported,supported,,0.0003,17,5,visual_entailment,accuracy,0.8674634171551022
supported__lr_0.0003__seed_17__epoch_10,supported,supported,,0.0003,17,10,coco_karpathy,i2t.r1,0.4506
supported__lr_0.0003__seed_17__epoch_10,supported,supported,,0.0003,17,10,coco_karpathy,i2t.r5,0.696
supported__lr_0.0003__seed_17__epoch_10,supported,supported,,0.0003,17,10,coco_karpathy,i2t.r10,0.7948
supported__lr_0.0003__seed_17__epoch_10,supported,supported,,0.0003,17,10,coco_karpathy,i2t.mean_rank,12.11
supported__lr_0.0003__seed_17__epoch_10,supported,supported,,0.0003,17,10,coco_karpathy,i2t.median_rank,2.0
supported__lr_0.0003__seed_17__epoch_10,supported,supported,,0.0003,17,10,coco_karpathy,t2i.r1,0.33384
supported__lr_0.0003__seed_17__epoch_10,supported,supported,,0.0003,17,10,coco_karpathy,t2i.r5,0.59412
supported__lr_0.0003__seed_17__epoch_10,supported,supported,,0.0003,17,10,coco_karpathy,t2i.r10,0.70236
supported__lr_0.0003__seed_17__epoch_10,supported,supported,,0.0003,17,10,coco_karpathy,t2i.mean_rank,21.94956
supported__lr_0.0003__seed_17__epoch_10,supported,supported,,0.0003,17,10,coco_karpathy,t2i.median_rank,3.0
supported__lr_0.0003__seed_17__epoch_10,supported,supported,,0.0003,17,10,coco_karpathy,mean_bidirectional_r1,0.39222
supported__lr_0.0003__seed_17__epoch_10,supported,supported,,0.0003,17,10,e_vil_test1000,i2t.r1,0.749
supported__lr_0.0003__seed_17__epoch_10,supported,supported,,0.0003,17,10,e_vil_test1000,i2t.r5,0.929
supported__lr_0.0003__seed_17__epoch_10,supported,supported,,0.0003,17,10,e_vil_test1000,i2t.r10,0.963
supported__lr_0.0003__seed_17__epoch_10,supported,supported,,0.0003,17,10,e_vil_test1000,i2t.mean_rank,3.007
supported__lr_0.0003__seed_17__epoch_10,supported,supported,,0.0003,17,10,e_vil_test1000,i2t.median_rank,1.0
supported__lr_0.0003__seed_17__epoch_10,supported,supported,,0.0003,17,10,e_vil_test1000,t2i.r1,0.6108
supported__lr_0.0003__seed_17__epoch_10,supported,supported,,0.0003,17,10,e_vil_test1000,t2i.r5,0.8558
supported__lr_0.0003__seed_17__epoch_10,supported,supported,,0.0003,17,10,e_vil_test1000,t2i.r10,0.915
supported__lr_0.0003__seed_17__epoch_10,supported,supported,,0.0003,17,10,e_vil_test1000,t2i.mean_rank,6.3426
supported__lr_0.0003__seed_17__epoch_10,supported,supported,,0.0003,17,10,e_vil_test1000,t2i.median_rank,1.0
supported__lr_0.0003__seed_17__epoch_10,supported,supported,,0.0003,17,10,e_vil_test1000,mean_bidirectional_r1,0.6799
supported__lr_0.0003__seed_17__epoch_10,supported,supported,,0.0003,17,10,sugarcrepe,positive1_accuracy,0.8326454533351085
supported__lr_0.0003__seed_17__epoch_10,supported,supported,,0.0003,17,10,sugarcrepe,accuracy,0.8326454533351085
supported__lr_0.0003__seed_17__epoch_10,supported,supported,,0.0003,17,10,sugarcrepe_pp,positive1_accuracy,0.7958797561488333
supported__lr_0.0003__seed_17__epoch_10,supported,supported,,0.0003,17,10,sugarcrepe_pp,positive2_accuracy,0.722303973092285
supported__lr_0.0003__seed_17__epoch_10,supported,supported,,0.0003,17,10,sugarcrepe_pp,both_accuracy,0.6693294092915704
supported__lr_0.0003__seed_17__epoch_10,supported,supported,,0.0003,17,10,sugarcrepe_pp,accuracy,0.6693294092915704
supported__lr_0.0003__seed_17__epoch_10,supported,supported,,0.0003,17,10,visual_entailment,accuracy,0.8654443300033328
supported__lr_0.0003__seed_29__epoch_01,supported,supported,,0.0003,29,1,e_vil_test1000,i2t.r1,0.766
supported__lr_0.0003__seed_29__epoch_01,supported,supported,,0.0003,29,1,e_vil_test1000,i2t.r5,0.935
supported__lr_0.0003__seed_29__epoch_01,supported,supported,,0.0003,29,1,e_vil_test1000,i2t.r10,0.964
supported__lr_0.0003__seed_29__epoch_01,supported,supported,,0.0003,29,1,e_vil_test1000,i2t.mean_rank,2.556
supported__lr_0.0003__seed_29__epoch_01,supported,supported,,0.0003,29,1,e_vil_test1000,i2t.median_rank,1.0
supported__lr_0.0003__seed_29__epoch_01,supported,supported,,0.0003,29,1,e_vil_test1000,t2i.r1,0.6696
supported__lr_0.0003__seed_29__epoch_01,supported,supported,,0.0003,29,1,e_vil_test1000,t2i.r5,0.8986
supported__lr_0.0003__seed_29__epoch_01,supported,supported,,0.0003,29,1,e_vil_test1000,t2i.r10,0.9418
supported__lr_0.0003__seed_29__epoch_01,supported,supported,,0.0003,29,1,e_vil_test1000,t2i.mean_rank,4.5924
supported__lr_0.0003__seed_29__epoch_01,supported,supported,,0.0003,29,1,e_vil_test1000,t2i.median_rank,1.0
supported__lr_0.0003__seed_29__epoch_01,supported,supported,,0.0003,29,1,e_vil_test1000,mean_bidirectional_r1,0.7178
supported__lr_0.0003__seed_29__epoch_01,supported,supported,,0.0003,29,1,sugarcrepe,positive1_accuracy,0.8503528158700573
supported__lr_0.0003__seed_29__epoch_01,supported,supported,,0.0003,29,1,sugarcrepe,accuracy,0.8503528158700573
supported__lr_0.0003__seed_29__epoch_01,supported,supported,,0.0003,29,1,sugarcrepe_pp,positive1_accuracy,0.8093336136220307
supported__lr_0.0003__seed_29__epoch_01,supported,supported,,0.0003,29,1,sugarcrepe_pp,positive2_accuracy,0.7363884801345386
supported__lr_0.0003__seed_29__epoch_01,supported,supported,,0.0003,29,1,sugarcrepe_pp,both_accuracy,0.6842547824258987
supported__lr_0.0003__seed_29__epoch_01,supported,supported,,0.0003,29,1,sugarcrepe_pp,accuracy,0.6842547824258987
supported__lr_0.0003__seed_29__epoch_01,supported,supported,,0.0003,29,1,visual_entailment,accuracy,0.8764011240318511
supported__lr_0.0003__seed_29__epoch_05,supported,supported,,0.0003,29,5,e_vil_test1000,i2t.r1,0.78
supported__lr_0.0003__seed_29__epoch_05,supported,supported,,0.0003,29,5,e_vil_test1000,i2t.r5,0.944
supported__lr_0.0003__seed_29__epoch_05,supported,supported,,0.0003,29,5,e_vil_test1000,i2t.r10,0.968
supported__lr_0.0003__seed_29__epoch_05,supported,supported,,0.0003,29,5,e_vil_test1000,i2t.mean_rank,2.556
supported__lr_0.0003__seed_29__epoch_05,supported,supported,,0.0003,29,5,e_vil_test1000,i2t.median_rank,1.0
supported__lr_0.0003__seed_29__epoch_05,supported,supported,,0.0003,29,5,e_vil_test1000,t2i.r1,0.6316
supported__lr_0.0003__seed_29__epoch_05,supported,supported,,0.0003,29,5,e_vil_test1000,t2i.r5,0.875
supported__lr_0.0003__seed_29__epoch_05,supported,supported,,0.0003,29,5,e_vil_test1000,t2i.r10,0.9214
supported__lr_0.0003__seed_29__epoch_05,supported,supported,,0.0003,29,5,e_vil_test1000,t2i.mean_rank,5.677
supported__lr_0.0003__seed_29__epoch_05,supported,supported,,0.0003,29,5,e_vil_test1000,t2i.median_rank,1.0
supported__lr_0.0003__seed_29__epoch_05,supported,supported,,0.0003,29,5,e_vil_test1000,mean_bidirectional_r1,0.7058
supported__lr_0.0003__seed_29__epoch_05,supported,supported,,0.0003,29,5,sugarcrepe,positive1_accuracy,0.8337105578484889
supported__lr_0.0003__seed_29__epoch_05,supported,supported,,0.0003,29,5,sugarcrepe,accuracy,0.8337105578484889
supported__lr_0.0003__seed_29__epoch_05,supported,supported,,0.0003,29,5,sugarcrepe_pp,positive1_accuracy,0.7994534370401514
supported__lr_0.0003__seed_29__epoch_05,supported,supported,,0.0003,29,5,sugarcrepe_pp,positive2_accuracy,0.7258776539836032
supported__lr_0.0003__seed_29__epoch_05,supported,supported,,0.0003,29,5,sugarcrepe_pp,both_accuracy,0.6720622240908135
supported__lr_0.0003__seed_29__epoch_05,supported,supported,,0.0003,29,5,sugarcrepe_pp,accuracy,0.6720622240908135
supported__lr_0.0003__seed_29__epoch_05,supported,supported,,0.0003,29,5,visual_entailment,accuracy,0.8692973598066138
supported__lr_0.0003__seed_29__epoch_10,supported,supported,,0.0003,29,10,coco_karpathy,i2t.r1,0.4524
supported__lr_0.0003__seed_29__epoch_10,supported,supported,,0.0003,29,10,coco_karpathy,i2t.r5,0.693
supported__lr_0.0003__seed_29__epoch_10,supported,supported,,0.0003,29,10,coco_karpathy,i2t.r10,0.7952
supported__lr_0.0003__seed_29__epoch_10,supported,supported,,0.0003,29,10,coco_karpathy,i2t.mean_rank,11.8738
supported__lr_0.0003__seed_29__epoch_10,supported,supported,,0.0003,29,10,coco_karpathy,i2t.median_rank,2.0
supported__lr_0.0003__seed_29__epoch_10,supported,supported,,0.0003,29,10,coco_karpathy,t2i.r1,0.33816
supported__lr_0.0003__seed_29__epoch_10,supported,supported,,0.0003,29,10,coco_karpathy,t2i.r5,0.59668
supported__lr_0.0003__seed_29__epoch_10,supported,supported,,0.0003,29,10,coco_karpathy,t2i.r10,0.7042
supported__lr_0.0003__seed_29__epoch_10,supported,supported,,0.0003,29,10,coco_karpathy,t2i.mean_rank,22.03412
supported__lr_0.0003__seed_29__epoch_10,supported,supported,,0.0003,29,10,coco_karpathy,t2i.median_rank,3.0
supported__lr_0.0003__seed_29__epoch_10,supported,supported,,0.0003,29,10,coco_karpathy,mean_bidirectional_r1,0.39528
supported__lr_0.0003__seed_29__epoch_10,supported,supported,,0.0003,29,10,e_vil_test1000,i2t.r1,0.744
supported__lr_0.0003__seed_29__epoch_10,supported,supported,,0.0003,29,10,e_vil_test1000,i2t.r5,0.931
supported__lr_0.0003__seed_29__epoch_10,supported,supported,,0.0003,29,10,e_vil_test1000,i2t.r10,0.966
supported__lr_0.0003__seed_29__epoch_10,supported,supported,,0.0003,29,10,e_vil_test1000,i2t.mean_rank,3.006
supported__lr_0.0003__seed_29__epoch_10,supported,supported,,0.0003,29,10,e_vil_test1000,i2t.median_rank,1.0
supported__lr_0.0003__seed_29__epoch_10,supported,supported,,0.0003,29,10,e_vil_test1000,t2i.r1,0.6216
supported__lr_0.0003__seed_29__epoch_10,supported,supported,,0.0003,29,10,e_vil_test1000,t2i.r5,0.8568
supported__lr_0.0003__seed_29__epoch_10,supported,supported,,0.0003,29,10,e_vil_test1000,t2i.r10,0.9148
supported__lr_0.0003__seed_29__epoch_10,supported,supported,,0.0003,29,10,e_vil_test1000,t2i.mean_rank,6.303
supported__lr_0.0003__seed_29__epoch_10,supported,supported,,0.0003,29,10,e_vil_test1000,t2i.median_rank,1.0
supported__lr_0.0003__seed_29__epoch_10,supported,supported,,0.0003,29,10,e_vil_test1000,mean_bidirectional_r1,0.6828000000000001
supported__lr_0.0003__seed_29__epoch_10,supported,supported,,0.0003,29,10,sugarcrepe,positive1_accuracy,0.835441352682732
supported__lr_0.0003__seed_29__epoch_10,supported,supported,,0.0003,29,10,sugarcrepe,accuracy,0.835441352682732
supported__lr_0.0003__seed_29__epoch_10,supported,supported,,0.0003,29,10,sugarcrepe_pp,positive1_accuracy,0.7956695396258145
supported__lr_0.0003__seed_29__epoch_10,supported,supported,,0.0003,29,10,sugarcrepe_pp,positive2_accuracy,0.7256674374605844
supported__lr_0.0003__seed_29__epoch_10,supported,supported,,0.0003,29,10,sugarcrepe_pp,both_accuracy,0.6691191927685516
supported__lr_0.0003__seed_29__epoch_10,supported,supported,,0.0003,29,10,sugarcrepe_pp,accuracy,0.6691191927685516
supported__lr_0.0003__seed_29__epoch_10,supported,supported,,0.0003,29,10,visual_entailment,accuracy,0.8678764225516133
supported__lr_0.0003__seed_43__epoch_01,supported,supported,,0.0003,43,1,e_vil_test1000,i2t.r1,0.764
supported__lr_0.0003__seed_43__epoch_01,supported,supported,,0.0003,43,1,e_vil_test1000,i2t.r5,0.929
supported__lr_0.0003__seed_43__epoch_01,supported,supported,,0.0003,43,1,e_vil_test1000,i2t.r10,0.965
supported__lr_0.0003__seed_43__epoch_01,supported,supported,,0.0003,43,1,e_vil_test1000,i2t.mean_rank,2.618
supported__lr_0.0003__seed_43__epoch_01,supported,supported,,0.0003,43,1,e_vil_test1000,i2t.median_rank,1.0
supported__lr_0.0003__seed_43__epoch_01,supported,supported,,0.0003,43,1,e_vil_test1000,t2i.r1,0.6744
supported__lr_0.0003__seed_43__epoch_01,supported,supported,,0.0003,43,1,e_vil_test1000,t2i.r5,0.8992
supported__lr_0.0003__seed_43__epoch_01,supported,supported,,0.0003,43,1,e_vil_test1000,t2i.r10,0.9414
supported__lr_0.0003__seed_43__epoch_01,supported,supported,,0.0003,43,1,e_vil_test1000,t2i.mean_rank,4.5846
supported__lr_0.0003__seed_43__epoch_01,supported,supported,,0.0003,43,1,e_vil_test1000,t2i.median_rank,1.0
supported__lr_0.0003__seed_43__epoch_01,supported,supported,,0.0003,43,1,e_vil_test1000,mean_bidirectional_r1,0.7192000000000001
supported__lr_0.0003__seed_43__epoch_01,supported,supported,,0.0003,43,1,sugarcrepe,positive1_accuracy,0.8448941552389828
supported__lr_0.0003__seed_43__epoch_01,supported,supported,,0.0003,43,1,sugarcrepe,accuracy,0.8448941552389828
supported__lr_0.0003__seed_43__epoch_01,supported,supported,,0.0003,43,1,sugarcrepe_pp,positive1_accuracy,0.7992432205171327
supported__lr_0.0003__seed_43__epoch_01,supported,supported,,0.0003,43,1,sugarcrepe_pp,positive2_accuracy,0.7481606054235863
supported__lr_0.0003__seed_43__epoch_01,supported,supported,,0.0003,43,1,sugarcrepe_pp,both_accuracy,0.6859365146100483
supported__lr_0.0003__seed_43__epoch_01,supported,supported,,0.0003,43,1,sugarcrepe_pp,accuracy,0.6859365146100483
supported__lr_0.0003__seed_43__epoch_01,supported,supported,,0.0003,43,1,visual_entailment,accuracy,0.8740555989334423
supported__lr_0.0003__seed_43__epoch_05,supported,supported,,0.0003,43,5,coco_karpathy,i2t.r1,0.4828
supported__lr_0.0003__seed_43__epoch_05,supported,supported,,0.0003,43,5,coco_karpathy,i2t.r5,0.725
supported__lr_0.0003__seed_43__epoch_05,supported,supported,,0.0003,43,5,coco_karpathy,i2t.r10,0.8146
supported__lr_0.0003__seed_43__epoch_05,supported,supported,,0.0003,43,5,coco_karpathy,i2t.mean_rank,10.3506
supported__lr_0.0003__seed_43__epoch_05,supported,supported,,0.0003,43,5,coco_karpathy,i2t.median_rank,2.0
supported__lr_0.0003__seed_43__epoch_05,supported,supported,,0.0003,43,5,coco_karpathy,t2i.r1,0.353
supported__lr_0.0003__seed_43__epoch_05,supported,supported,,0.0003,43,5,coco_karpathy,t2i.r5,0.6138
supported__lr_0.0003__seed_43__epoch_05,supported,supported,,0.0003,43,5,coco_karpathy,t2i.r10,0.72052
supported__lr_0.0003__seed_43__epoch_05,supported,supported,,0.0003,43,5,coco_karpathy,t2i.mean_rank,20.32956
supported__lr_0.0003__seed_43__epoch_05,supported,supported,,0.0003,43,5,coco_karpathy,t2i.median_rank,3.0
supported__lr_0.0003__seed_43__epoch_05,supported,supported,,0.0003,43,5,coco_karpathy,mean_bidirectional_r1,0.4179
supported__lr_0.0003__seed_43__epoch_05,supported,supported,,0.0003,43,5,e_vil_test1000,i2t.r1,0.784
supported__lr_0.0003__seed_43__epoch_05,supported,supported,,0.0003,43,5,e_vil_test1000,i2t.r5,0.94
supported__lr_0.0003__seed_43__epoch_05,supported,supported,,0.0003,43,5,e_vil_test1000,i2t.r10,0.968
supported__lr_0.0003__seed_43__epoch_05,supported,supported,,0.0003,43,5,e_vil_test1000,i2t.mean_rank,2.804
supported__lr_0.0003__seed_43__epoch_05,supported,supported,,0.0003,43,5,e_vil_test1000,i2t.median_rank,1.0
supported__lr_0.0003__seed_43__epoch_05,supported,supported,,0.0003,43,5,e_vil_test1000,t2i.r1,0.6412
supported__lr_0.0003__seed_43__epoch_05,supported,supported,,0.0003,43,5,e_vil_test1000,t2i.r5,0.8714
supported__lr_0.0003__seed_43__epoch_05,supported,supported,,0.0003,43,5,e_vil_test1000,t2i.r10,0.9258
supported__lr_0.0003__seed_43__epoch_05,supported,supported,,0.0003,43,5,e_vil_test1000,t2i.mean_rank,5.602
supported__lr_0.0003__seed_43__epoch_05,supported,supported,,0.0003,43,5,e_vil_test1000,t2i.median_rank,1.0
supported__lr_0.0003__seed_43__epoch_05,supported,supported,,0.0003,43,5,e_vil_test1000,mean_bidirectional_r1,0.7126
supported__lr_0.0003__seed_43__epoch_05,supported,supported,,0.0003,43,5,sugarcrepe,positive1_accuracy,0.8325123152709359
supported__lr_0.0003__seed_43__epoch_05,supported,supported,,0.0003,43,5,sugarcrepe,accuracy,0.8325123152709359
supported__lr_0.0003__seed_43__epoch_05,supported,supported,,0.0003,43,5,sugarcrepe_pp,positive1_accuracy,0.7969308387639269
supported__lr_0.0003__seed_43__epoch_05,supported,supported,,0.0003,43,5,sugarcrepe_pp,positive2_accuracy,0.7265083035526593
supported__lr_0.0003__seed_43__epoch_05,supported,supported,,0.0003,43,5,sugarcrepe_pp,both_accuracy,0.6718520075677948
supported__lr_0.0003__seed_43__epoch_05,supported,supported,,0.0003,43,5,sugarcrepe_pp,accuracy,0.6718520075677948
supported__lr_0.0003__seed_43__epoch_05,supported,supported,,0.0003,43,5,visual_entailment,accuracy,0.87455147676391
supported__lr_0.0003__seed_43__epoch_10,supported,supported,,0.0003,43,10,coco_karpathy,i2t.r1,0.4346
supported__lr_0.0003__seed_43__epoch_10,supported,supported,,0.0003,43,10,coco_karpathy,i2t.r5,0.693
supported__lr_0.0003__seed_43__epoch_10,supported,supported,,0.0003,43,10,coco_karpathy,i2t.r10,0.7924
supported__lr_0.0003__seed_43__epoch_10,supported,supported,,0.0003,43,10,coco_karpathy,i2t.mean_rank,12.0814
supported__lr_0.0003__seed_43__epoch_10,supported,supported,,0.0003,43,10,coco_karpathy,i2t.median_rank,2.0
supported__lr_0.0003__seed_43__epoch_10,supported,supported,,0.0003,43,10,coco_karpathy,t2i.r1,0.33696
supported__lr_0.0003__seed_43__epoch_10,supported,supported,,0.0003,43,10,coco_karpathy,t2i.r5,0.59276
supported__lr_0.0003__seed_43__epoch_10,supported,supported,,0.0003,43,10,coco_karpathy,t2i.r10,0.70296
supported__lr_0.0003__seed_43__epoch_10,supported,supported,,0.0003,43,10,coco_karpathy,t2i.mean_rank,21.74956
supported__lr_0.0003__seed_43__epoch_10,supported,supported,,0.0003,43,10,coco_karpathy,t2i.median_rank,3.0
supported__lr_0.0003__seed_43__epoch_10,supported,supported,,0.0003,43,10,coco_karpathy,mean_bidirectional_r1,0.38578
supported__lr_0.0003__seed_43__epoch_10,supported,supported,,0.0003,43,10,e_vil_test1000,i2t.r1,0.739
supported__lr_0.0003__seed_43__epoch_10,supported,supported,,0.0003,43,10,e_vil_test1000,i2t.r5,0.922
supported__lr_0.0003__seed_43__epoch_10,supported,supported,,0.0003,43,10,e_vil_test1000,i2t.r10,0.966
supported__lr_0.0003__seed_43__epoch_10,supported,supported,,0.0003,43,10,e_vil_test1000,i2t.mean_rank,3.035
supported__lr_0.0003__seed_43__epoch_10,supported,supported,,0.0003,43,10,e_vil_test1000,i2t.median_rank,1.0
supported__lr_0.0003__seed_43__epoch_10,supported,supported,,0.0003,43,10,e_vil_test1000,t2i.r1,0.6174
supported__lr_0.0003__seed_43__epoch_10,supported,supported,,0.0003,43,10,e_vil_test1000,t2i.r5,0.8554
supported__lr_0.0003__seed_43__epoch_10,supported,supported,,0.0003,43,10,e_vil_test1000,t2i.r10,0.9144
supported__lr_0.0003__seed_43__epoch_10,supported,supported,,0.0003,43,10,e_vil_test1000,t2i.mean_rank,6.4314
supported__lr_0.0003__seed_43__epoch_10,supported,supported,,0.0003,43,10,e_vil_test1000,t2i.median_rank,1.0
supported__lr_0.0003__seed_43__epoch_10,supported,supported,,0.0003,43,10,e_vil_test1000,mean_bidirectional_r1,0.6781999999999999
supported__lr_0.0003__seed_43__epoch_10,supported,supported,,0.0003,43,10,sugarcrepe,positive1_accuracy,0.8325123152709359
supported__lr_0.0003__seed_43__epoch_10,supported,supported,,0.0003,43,10,sugarcrepe,accuracy,0.8325123152709359
supported__lr_0.0003__seed_43__epoch_10,supported,supported,,0.0003,43,10,sugarcrepe_pp,positive1_accuracy,0.7918856422114778
supported__lr_0.0003__seed_43__epoch_10,supported,supported,,0.0003,43,10,sugarcrepe_pp,positive2_accuracy,0.7372293462266134
supported__lr_0.0003__seed_43__epoch_10,supported,supported,,0.0003,43,10,sugarcrepe_pp,both_accuracy,0.6762665545511877
supported__lr_0.0003__seed_43__epoch_10,supported,supported,,0.0003,43,10,sugarcrepe_pp,accuracy,0.6762665545511877
supported__lr_0.0003__seed_43__epoch_10,supported,supported,,0.0003,43,10,visual_entailment,accuracy,0.8670795167068248
supported__lr_0.001__seed_17__epoch_01,supported,supported,,0.001,17,1,e_vil_test1000,i2t.r1,0.749
supported__lr_0.001__seed_17__epoch_01,supported,supported,,0.001,17,1,e_vil_test1000,i2t.r5,0.924
supported__lr_0.001__seed_17__epoch_01,supported,supported,,0.001,17,1,e_vil_test1000,i2t.r10,0.95
supported__lr_0.001__seed_17__epoch_01,supported,supported,,0.001,17,1,e_vil_test1000,i2t.mean_rank,3.811
supported__lr_0.001__seed_17__epoch_01,supported,supported,,0.001,17,1,e_vil_test1000,i2t.median_rank,1.0
supported__lr_0.001__seed_17__epoch_01,supported,supported,,0.001,17,1,e_vil_test1000,t2i.r1,0.4884
supported__lr_0.001__seed_17__epoch_01,supported,supported,,0.001,17,1,e_vil_test1000,t2i.r5,0.7732
supported__lr_0.001__seed_17__epoch_01,supported,supported,,0.001,17,1,e_vil_test1000,t2i.r10,0.8508
supported__lr_0.001__seed_17__epoch_01,supported,supported,,0.001,17,1,e_vil_test1000,t2i.mean_rank,10.0006
supported__lr_0.001__seed_17__epoch_01,supported,supported,,0.001,17,1,e_vil_test1000,t2i.median_rank,2.0
supported__lr_0.001__seed_17__epoch_01,supported,supported,,0.001,17,1,e_vil_test1000,mean_bidirectional_r1,0.6187
supported__lr_0.001__seed_17__epoch_01,supported,supported,,0.001,17,1,sugarcrepe,positive1_accuracy,0.8126747437092264
supported__lr_0.001__seed_17__epoch_01,supported,supported,,0.001,17,1,sugarcrepe,accuracy,0.8126747437092264
supported__lr_0.001__seed_17__epoch_01,supported,supported,,0.001,17,1,sugarcrepe_pp,positive1_accuracy,0.7889426108892159
supported__lr_0.001__seed_17__epoch_01,supported,supported,,0.001,17,1,sugarcrepe_pp,positive2_accuracy,0.7132646626024806
supported__lr_0.001__seed_17__epoch_01,supported,supported,,0.001,17,1,sugarcrepe_pp,both_accuracy,0.6550346857262981
supported__lr_0.001__seed_17__epoch_01,supported,supported,,0.001,17,1,sugarcrepe_pp,accuracy,0.6550346857262981
supported__lr_0.001__seed_17__epoch_01,supported,supported,,0.001,17,1,visual_entailment,accuracy,0.8528390976998562
supported__lr_0.001__seed_17__epoch_05,supported,supported,,0.001,17,5,e_vil_test1000,i2t.r1,0.692
supported__lr_0.001__seed_17__epoch_05,supported,supported,,0.001,17,5,e_vil_test1000,i2t.r5,0.897
supported__lr_0.001__seed_17__epoch_05,supported,supported,,0.001,17,5,e_vil_test1000,i2t.r10,0.945
supported__lr_0.001__seed_17__epoch_05,supported,supported,,0.001,17,5,e_vil_test1000,i2t.mean_rank,4.377
supported__lr_0.001__seed_17__epoch_05,supported,supported,,0.001,17,5,e_vil_test1000,i2t.median_rank,1.0
supported__lr_0.001__seed_17__epoch_05,supported,supported,,0.001,17,5,e_vil_test1000,t2i.r1,0.5308
supported__lr_0.001__seed_17__epoch_05,supported,supported,,0.001,17,5,e_vil_test1000,t2i.r5,0.804
supported__lr_0.001__seed_17__epoch_05,supported,supported,,0.001,17,5,e_vil_test1000,t2i.r10,0.8734
supported__lr_0.001__seed_17__epoch_05,supported,supported,,0.001,17,5,e_vil_test1000,t2i.mean_rank,7.678
supported__lr_0.001__seed_17__epoch_05,supported,supported,,0.001,17,5,e_vil_test1000,t2i.median_rank,1.0
supported__lr_0.001__seed_17__epoch_05,supported,supported,,0.001,17,5,e_vil_test1000,mean_bidirectional_r1,0.6113999999999999
supported__lr_0.001__seed_17__epoch_05,supported,supported,,0.001,17,5,sugarcrepe,positive1_accuracy,0.8233257888430302
supported__lr_0.001__seed_17__epoch_05,supported,supported,,0.001,17,5,sugarcrepe,accuracy,0.8233257888430302
supported__lr_0.001__seed_17__epoch_05,supported,supported,,0.001,17,5,sugarcrepe_pp,positive1_accuracy,0.782425898675636
supported__lr_0.001__seed_17__epoch_05,supported,supported,,0.001,17,5,sugarcrepe_pp,positive2_accuracy,0.7378599957956695
supported__lr_0.001__seed_17__epoch_05,supported,supported,,0.001,17,5,sugarcrepe_pp,both_accuracy,0.6722724406138323
supported__lr_0.001__seed_17__epoch_05,supported,supported,,0.001,17,5,sugarcrepe_pp,accuracy,0.6722724406138323
supported__lr_0.001__seed_17__epoch_05,supported,supported,,0.001,17,5,visual_entailment,accuracy,0.860158078670989
supported__lr_0.001__seed_17__epoch_10,supported,supported,,0.001,17,10,coco_karpathy,i2t.r1,0.3644
supported__lr_0.001__seed_17__epoch_10,supported,supported,,0.001,17,10,coco_karpathy,i2t.r5,0.6262
supported__lr_0.001__seed_17__epoch_10,supported,supported,,0.001,17,10,coco_karpathy,i2t.r10,0.7362
supported__lr_0.001__seed_17__epoch_10,supported,supported,,0.001,17,10,coco_karpathy,i2t.mean_rank,17.3988
supported__lr_0.001__seed_17__epoch_10,supported,supported,,0.001,17,10,coco_karpathy,i2t.median_rank,3.0
supported__lr_0.001__seed_17__epoch_10,supported,supported,,0.001,17,10,coco_karpathy,t2i.r1,0.25972
supported__lr_0.001__seed_17__epoch_10,supported,supported,,0.001,17,10,coco_karpathy,t2i.r5,0.50664
supported__lr_0.001__seed_17__epoch_10,supported,supported,,0.001,17,10,coco_karpathy,t2i.r10,0.62368
supported__lr_0.001__seed_17__epoch_10,supported,supported,,0.001,17,10,coco_karpathy,t2i.mean_rank,31.58376
supported__lr_0.001__seed_17__epoch_10,supported,supported,,0.001,17,10,coco_karpathy,t2i.median_rank,5.0
supported__lr_0.001__seed_17__epoch_10,supported,supported,,0.001,17,10,coco_karpathy,mean_bidirectional_r1,0.31206
supported__lr_0.001__seed_17__epoch_10,supported,supported,,0.001,17,10,e_vil_test1000,i2t.r1,0.652
supported__lr_0.001__seed_17__epoch_10,supported,supported,,0.001,17,10,e_vil_test1000,i2t.r5,0.889
supported__lr_0.001__seed_17__epoch_10,supported,supported,,0.001,17,10,e_vil_test1000,i2t.r10,0.942
supported__lr_0.001__seed_17__epoch_10,supported,supported,,0.001,17,10,e_vil_test1000,i2t.mean_rank,4.688
supported__lr_0.001__seed_17__epoch_10,supported,supported,,0.001,17,10,e_vil_test1000,i2t.median_rank,1.0
supported__lr_0.001__seed_17__epoch_10,supported,supported,,0.001,17,10,e_vil_test1000,t2i.r1,0.5134
supported__lr_0.001__seed_17__epoch_10,supported,supported,,0.001,17,10,e_vil_test1000,t2i.r5,0.7902
supported__lr_0.001__seed_17__epoch_10,supported,supported,,0.001,17,10,e_vil_test1000,t2i.r10,0.8718
supported__lr_0.001__seed_17__epoch_10,supported,supported,,0.001,17,10,e_vil_test1000,t2i.mean_rank,8.7536
supported__lr_0.001__seed_17__epoch_10,supported,supported,,0.001,17,10,e_vil_test1000,t2i.median_rank,1.0
supported__lr_0.001__seed_17__epoch_10,supported,supported,,0.001,17,10,e_vil_test1000,mean_bidirectional_r1,0.5827
supported__lr_0.001__seed_17__epoch_10,supported,supported,,0.001,17,10,sugarcrepe,positive1_accuracy,0.8146718146718147
supported__lr_0.001__seed_17__epoch_10,supported,supported,,0.001,17,10,sugarcrepe,accuracy,0.8146718146718147
supported__lr_0.001__seed_17__epoch_10,supported,supported,,0.001,17,10,sugarcrepe_pp,positive1_accuracy,0.7731763716628127
supported__lr_0.001__seed_17__epoch_10,supported,supported,,0.001,17,10,sugarcrepe_pp,positive2_accuracy,0.7096909817111625
supported__lr_0.001__seed_17__epoch_10,supported,supported,,0.001,17,10,sugarcrepe_pp,both_accuracy,0.6520916544040362
supported__lr_0.001__seed_17__epoch_10,supported,supported,,0.001,17,10,sugarcrepe_pp,accuracy,0.6520916544040362
supported__lr_0.001__seed_17__epoch_10,supported,supported,,0.001,17,10,visual_entailment,accuracy,0.858190258931263
supported__lr_0.001__seed_29__epoch_01,supported,supported,,0.001,29,1,e_vil_test1000,i2t.r1,0.696
supported__lr_0.001__seed_29__epoch_01,supported,supported,,0.001,29,1,e_vil_test1000,i2t.r5,0.913
supported__lr_0.001__seed_29__epoch_01,supported,supported,,0.001,29,1,e_vil_test1000,i2t.r10,0.946
supported__lr_0.001__seed_29__epoch_01,supported,supported,,0.001,29,1,e_vil_test1000,i2t.mean_rank,3.419
supported__lr_0.001__seed_29__epoch_01,supported,supported,,0.001,29,1,e_vil_test1000,i2t.median_rank,1.0
supported__lr_0.001__seed_29__epoch_01,supported,supported,,0.001,29,1,e_vil_test1000,t2i.r1,0.506
supported__lr_0.001__seed_29__epoch_01,supported,supported,,0.001,29,1,e_vil_test1000,t2i.r5,0.7656
supported__lr_0.001__seed_29__epoch_01,supported,supported,,0.001,29,1,e_vil_test1000,t2i.r10,0.848
supported__lr_0.001__seed_29__epoch_01,supported,supported,,0.001,29,1,e_vil_test1000,t2i.mean_rank,10.3312
supported__lr_0.001__seed_29__epoch_01,supported,supported,,0.001,29,1,e_vil_test1000,t2i.median_rank,1.0
supported__lr_0.001__seed_29__epoch_01,supported,supported,,0.001,29,1,e_vil_test1000,mean_bidirectional_r1,0.601
supported__lr_0.001__seed_29__epoch_01,supported,supported,,0.001,29,1,sugarcrepe,positive1_accuracy,0.8126747437092264
supported__lr_0.001__seed_29__epoch_01,supported,supported,,0.001,29,1,sugarcrepe,accuracy,0.8126747437092264
supported__lr_0.001__seed_29__epoch_01,supported,supported,,0.001,29,1,sugarcrepe_pp,positive1_accuracy,0.7771704856001682
supported__lr_0.001__seed_29__epoch_01,supported,supported,,0.001,29,1,sugarcrepe_pp,positive2_accuracy,0.6991801555602271
supported__lr_0.001__seed_29__epoch_01,supported,supported,,0.001,29,1,sugarcrepe_pp,both_accuracy,0.6384275804078201
supported__lr_0.001__seed_29__epoch_01,supported,supported,,0.001,29,1,sugarcrepe_pp,accuracy,0.6384275804078201
supported__lr_0.001__seed_29__epoch_01,supported,supported,,0.001,29,1,visual_entailment,accuracy,0.8681559916639557
supported__lr_0.001__seed_29__epoch_05,supported,supported,,0.001,29,5,e_vil_test1000,i2t.r1,0.718
supported__lr_0.001__seed_29__epoch_05,supported,supported,,0.001,29,5,e_vil_test1000,i2t.r5,0.916
supported__lr_0.001__seed_29__epoch_05,supported,supported,,0.001,29,5,e_vil_test1000,i2t.r10,0.96
supported__lr_0.001__seed_29__epoch_05,supported,supported,,0.001,29,5,e_vil_test1000,i2t.mean_rank,3.626
supported__lr_0.001__seed_29__epoch_05,supported,supported,,0.001,29,5,e_vil_test1000,i2t.median_rank,1.0
supported__lr_0.001__seed_29__epoch_05,supported,supported,,0.001,29,5,e_vil_test1000,t2i.r1,0.5628
supported__lr_0.001__seed_29__epoch_05,supported,supported,,0.001,29,5,e_vil_test1000,t2i.r5,0.8238
supported__lr_0.001__seed_29__epoch_05,supported,supported,,0.001,29,5,e_vil_test1000,t2i.r10,0.8912
supported__lr_0.001__seed_29__epoch_05,supported,supported,,0.001,29,5,e_vil_test1000,t2i.mean_rank,7.3786
supported__lr_0.001__seed_29__epoch_05,supported,supported,,0.001,29,5,e_vil_test1000,t2i.median_rank,1.0
supported__lr_0.001__seed_29__epoch_05,supported,supported,,0.001,29,5,e_vil_test1000,mean_bidirectional_r1,0.6404
supported__lr_0.001__seed_29__epoch_05,supported,supported,,0.001,29,5,sugarcrepe,positive1_accuracy,0.814272400479297
supported__lr_0.001__seed_29__epoch_05,supported,supported,,0.001,29,5,sugarcrepe,accuracy,0.814272400479297
supported__lr_0.001__seed_29__epoch_05,supported,supported,,0.001,29,5,sugarcrepe_pp,positive1_accuracy,0.7796930838763927
supported__lr_0.001__seed_29__epoch_05,supported,supported,,0.001,29,5,sugarcrepe_pp,positive2_accuracy,0.7248265713685096
supported__lr_0.001__seed_29__epoch_05,supported,supported,,0.001,29,5,sugarcrepe_pp,both_accuracy,0.6663863779693084
supported__lr_0.001__seed_29__epoch_05,supported,supported,,0.001,29,5,sugarcrepe_pp,accuracy,0.6663863779693084
supported__lr_0.001__seed_29__epoch_05,supported,supported,,0.001,29,5,visual_entailment,accuracy,0.8614522206966061
supported__lr_0.001__seed_29__epoch_10,supported,supported,,0.001,29,10,coco_karpathy,i2t.r1,0.374
supported__lr_0.001__seed_29__epoch_10,supported,supported,,0.001,29,10,coco_karpathy,i2t.r5,0.6348
supported__lr_0.001__seed_29__epoch_10,supported,supported,,0.001,29,10,coco_karpathy,i2t.r10,0.7384
supported__lr_0.001__seed_29__epoch_10,supported,supported,,0.001,29,10,coco_karpathy,i2t.mean_rank,15.953
supported__lr_0.001__seed_29__epoch_10,supported,supported,,0.001,29,10,coco_karpathy,i2t.median_rank,3.0
supported__lr_0.001__seed_29__epoch_10,supported,supported,,0.001,29,10,coco_karpathy,t2i.r1,0.26616
supported__lr_0.001__seed_29__epoch_10,supported,supported,,0.001,29,10,coco_karpathy,t2i.r5,0.51548
supported__lr_0.001__seed_29__epoch_10,supported,supported,,0.001,29,10,coco_karpathy,t2i.r10,0.63072
supported__lr_0.001__seed_29__epoch_10,supported,supported,,0.001,29,10,coco_karpathy,t2i.mean_rank,31.11404
supported__lr_0.001__seed_29__epoch_10,supported,supported,,0.001,29,10,coco_karpathy,t2i.median_rank,5.0
supported__lr_0.001__seed_29__epoch_10,supported,supported,,0.001,29,10,coco_karpathy,mean_bidirectional_r1,0.32008000000000003
supported__lr_0.001__seed_29__epoch_10,supported,supported,,0.001,29,10,e_vil_test1000,i2t.r1,0.657
supported__lr_0.001__seed_29__epoch_10,supported,supported,,0.001,29,10,e_vil_test1000,i2t.r5,0.898
supported__lr_0.001__seed_29__epoch_10,supported,supported,,0.001,29,10,e_vil_test1000,i2t.r10,0.945
supported__lr_0.001__seed_29__epoch_10,supported,supported,,0.001,29,10,e_vil_test1000,i2t.mean_rank,3.843
supported__lr_0.001__seed_29__epoch_10,supported,supported,,0.001,29,10,e_vil_test1000,i2t.median_rank,1.0
supported__lr_0.001__seed_29__epoch_10,supported,supported,,0.001,29,10,e_vil_test1000,t2i.r1,0.5296
supported__lr_0.001__seed_29__epoch_10,supported,supported,,0.001,29,10,e_vil_test1000,t2i.r5,0.7984
supported__lr_0.001__seed_29__epoch_10,supported,supported,,0.001,29,10,e_vil_test1000,t2i.r10,0.873
supported__lr_0.001__seed_29__epoch_10,supported,supported,,0.001,29,10,e_vil_test1000,t2i.mean_rank,8.5148
supported__lr_0.001__seed_29__epoch_10,supported,supported,,0.001,29,10,e_vil_test1000,t2i.median_rank,1.0
supported__lr_0.001__seed_29__epoch_10,supported,supported,,0.001,29,10,e_vil_test1000,mean_bidirectional_r1,0.5932999999999999
supported__lr_0.001__seed_29__epoch_10,supported,supported,,0.001,29,10,sugarcrepe,positive1_accuracy,0.8133404340300892
supported__lr_0.001__seed_29__epoch_10,supported,supported,,0.001,29,10,sugarcrepe,accuracy,0.8133404340300892
supported__lr_0.001__seed_29__epoch_10,supported,supported,,0.001,29,10,sugarcrepe_pp,positive1_accuracy,0.7788522177843179
supported__lr_0.001__seed_29__epoch_10,supported,supported,,0.001,29,10,sugarcrepe_pp,positive2_accuracy,0.7151566113096489
supported__lr_0.001__seed_29__epoch_10,supported,supported,,0.001,29,10,sugarcrepe_pp,both_accuracy,0.6537733865881858
supported__lr_0.001__seed_29__epoch_10,supported,supported,,0.001,29,10,sugarcrepe_pp,accuracy,0.6537733865881858
supported__lr_0.001__seed_29__epoch_10,supported,supported,,0.001,29,10,visual_entailment,accuracy,0.8589960387654705
supported__lr_0.001__seed_43__epoch_01,supported,supported,,0.001,43,1,e_vil_test1000,i2t.r1,0.677
supported__lr_0.001__seed_43__epoch_01,supported,supported,,0.001,43,1,e_vil_test1000,i2t.r5,0.891
supported__lr_0.001__seed_43__epoch_01,supported,supported,,0.001,43,1,e_vil_test1000,i2t.r10,0.944
supported__lr_0.001__seed_43__epoch_01,supported,supported,,0.001,43,1,e_vil_test1000,i2t.mean_rank,4.559
supported__lr_0.001__seed_43__epoch_01,supported,supported,,0.001,43,1,e_vil_test1000,i2t.median_rank,1.0
supported__lr_0.001__seed_43__epoch_01,supported,supported,,0.001,43,1,e_vil_test1000,t2i.r1,0.501
supported__lr_0.001__seed_43__epoch_01,supported,supported,,0.001,43,1,e_vil_test1000,t2i.r5,0.7644
supported__lr_0.001__seed_43__epoch_01,supported,supported,,0.001,43,1,e_vil_test1000,t2i.r10,0.8472
supported__lr_0.001__seed_43__epoch_01,supported,supported,,0.001,43,1,e_vil_test1000,t2i.mean_rank,10.3002
supported__lr_0.001__seed_43__epoch_01,supported,supported,,0.001,43,1,e_vil_test1000,t2i.median_rank,1.0
supported__lr_0.001__seed_43__epoch_01,supported,supported,,0.001,43,1,e_vil_test1000,mean_bidirectional_r1,0.589
supported__lr_0.001__seed_43__epoch_01,supported,supported,,0.001,43,1,sugarcrepe,positive1_accuracy,0.8230595127146851
supported__lr_0.001__seed_43__epoch_01,supported,supported,,0.001,43,1,sugarcrepe,accuracy,0.8230595127146851
supported__lr_0.001__seed_43__epoch_01,supported,supported,,0.001,43,1,sugarcrepe_pp,positive1_accuracy,0.7773807021231869
supported__lr_0.001__seed_43__epoch_01,supported,supported,,0.001,43,1,sugarcrepe_pp,positive2_accuracy,0.7454277906243431
supported__lr_0.001__seed_43__epoch_01,supported,supported,,0.001,43,1,sugarcrepe_pp,both_accuracy,0.6691191927685516
supported__lr_0.001__seed_43__epoch_01,supported,supported,,0.001,43,1,sugarcrepe_pp,accuracy,0.6691191927685516
supported__lr_0.001__seed_43__epoch_01,supported,supported,,0.001,43,1,visual_entailment,accuracy,0.8641024809819712
supported__lr_0.001__seed_43__epoch_05,supported,supported,,0.001,43,5,e_vil_test1000,i2t.r1,0.705
supported__lr_0.001__seed_43__epoch_05,supported,supported,,0.001,43,5,e_vil_test1000,i2t.r5,0.922
supported__lr_0.001__seed_43__epoch_05,supported,supported,,0.001,43,5,e_vil_test1000,i2t.r10,0.953
supported__lr_0.001__seed_43__epoch_05,supported,supported,,0.001,43,5,e_vil_test1000,i2t.mean_rank,3.673
supported__lr_0.001__seed_43__epoch_05,supported,supported,,0.001,43,5,e_vil_test1000,i2t.median_rank,1.0
supported__lr_0.001__seed_43__epoch_05,supported,supported,,0.001,43,5,e_vil_test1000,t2i.r1,0.5416
supported__lr_0.001__seed_43__epoch_05,supported,supported,,0.001,43,5,e_vil_test1000,t2i.r5,0.8148
supported__lr_0.001__seed_43__epoch_05,supported,supported,,0.001,43,5,e_vil_test1000,t2i.r10,0.8892
supported__lr_0.001__seed_43__epoch_05,supported,supported,,0.001,43,5,e_vil_test1000,t2i.mean_rank,7.6124
supported__lr_0.001__seed_43__epoch_05,supported,supported,,0.001,43,5,e_vil_test1000,t2i.median_rank,1.0
supported__lr_0.001__seed_43__epoch_05,supported,supported,,0.001,43,5,e_vil_test1000,mean_bidirectional_r1,0.6233
supported__lr_0.001__seed_43__epoch_05,supported,supported,,0.001,43,5,sugarcrepe,positive1_accuracy,0.8121421914525363
supported__lr_0.001__seed_43__epoch_05,supported,supported,,0.001,43,5,sugarcrepe,accuracy,0.8121421914525363
supported__lr_0.001__seed_43__epoch_05,supported,supported,,0.001,43,5,sugarcrepe_pp,positive1_accuracy,0.7782215682152617
supported__lr_0.001__seed_43__epoch_05,supported,supported,,0.001,43,5,sugarcrepe_pp,positive2_accuracy,0.733865881858314
supported__lr_0.001__seed_43__epoch_05,supported,supported,,0.001,43,5,sugarcrepe_pp,both_accuracy,0.6705907084296826
supported__lr_0.001__seed_43__epoch_05,supported,supported,,0.001,43,5,sugarcrepe_pp,accuracy,0.6705907084296826
supported__lr_0.001__seed_43__epoch_05,supported,supported,,0.001,43,5,visual_entailment,accuracy,0.8594142970560462
supported__lr_0.001__seed_43__epoch_10,supported,supported,,0.001,43,10,coco_karpathy,i2t.r1,0.3546
supported__lr_0.001__seed_43__epoch_10,supported,supported,,0.001,43,10,coco_karpathy,i2t.r5,0.612
supported__lr_0.001__seed_43__epoch_10,supported,supported,,0.001,43,10,coco_karpathy,i2t.r10,0.7242
supported__lr_0.001__seed_43__epoch_10,supported,supported,,0.001,43,10,coco_karpathy,i2t.mean_rank,18.1534
supported__lr_0.001__seed_43__epoch_10,supported,supported,,0.001,43,10,coco_karpathy,i2t.median_rank,3.0
supported__lr_0.001__seed_43__epoch_10,supported,supported,,0.001,43,10,coco_karpathy,t2i.r1,0.2694
supported__lr_0.001__seed_43__epoch_10,supported,supported,,0.001,43,10,coco_karpathy,t2i.r5,0.51828
supported__lr_0.001__seed_43__epoch_10,supported,supported,,0.001,43,10,coco_karpathy,t2i.r10,0.6342
supported__lr_0.001__seed_43__epoch_10,supported,supported,,0.001,43,10,coco_karpathy,t2i.mean_rank,30.562
supported__lr_0.001__seed_43__epoch_10,supported,supported,,0.001,43,10,coco_karpathy,t2i.median_rank,5.0
supported__lr_0.001__seed_43__epoch_10,supported,supported,,0.001,43,10,coco_karpathy,mean_bidirectional_r1,0.312
supported__lr_0.001__seed_43__epoch_10,supported,supported,,0.001,43,10,e_vil_test1000,i2t.r1,0.645
supported__lr_0.001__seed_43__epoch_10,supported,supported,,0.001,43,10,e_vil_test1000,i2t.r5,0.891
supported__lr_0.001__seed_43__epoch_10,supported,supported,,0.001,43,10,e_vil_test1000,i2t.r10,0.948
supported__lr_0.001__seed_43__epoch_10,supported,supported,,0.001,43,10,e_vil_test1000,i2t.mean_rank,4.399
supported__lr_0.001__seed_43__epoch_10,supported,supported,,0.001,43,10,e_vil_test1000,i2t.median_rank,1.0
supported__lr_0.001__seed_43__epoch_10,supported,supported,,0.001,43,10,e_vil_test1000,t2i.r1,0.5232
supported__lr_0.001__seed_43__epoch_10,supported,supported,,0.001,43,10,e_vil_test1000,t2i.r5,0.7966
supported__lr_0.001__seed_43__epoch_10,supported,supported,,0.001,43,10,e_vil_test1000,t2i.r10,0.877
supported__lr_0.001__seed_43__epoch_10,supported,supported,,0.001,43,10,e_vil_test1000,t2i.mean_rank,8.4664
supported__lr_0.001__seed_43__epoch_10,supported,supported,,0.001,43,10,e_vil_test1000,t2i.median_rank,1.0
supported__lr_0.001__seed_43__epoch_10,supported,supported,,0.001,43,10,e_vil_test1000,mean_bidirectional_r1,0.5841000000000001
supported__lr_0.001__seed_43__epoch_10,supported,supported,,0.001,43,10,sugarcrepe,positive1_accuracy,0.8104113966182932
supported__lr_0.001__seed_43__epoch_10,supported,supported,,0.001,43,10,sugarcrepe,accuracy,0.8104113966182932
supported__lr_0.001__seed_43__epoch_10,supported,supported,,0.001,43,10,sugarcrepe_pp,positive1_accuracy,0.7691822577254572
supported__lr_0.001__seed_43__epoch_10,supported,supported,,0.001,43,10,sugarcrepe_pp,positive2_accuracy,0.7332352322892579
supported__lr_0.001__seed_43__epoch_10,supported,supported,,0.001,43,10,sugarcrepe_pp,both_accuracy,0.6626024805549716
supported__lr_0.001__seed_43__epoch_10,supported,supported,,0.001,43,10,sugarcrepe_pp,accuracy,0.6626024805549716
supported__lr_0.001__seed_43__epoch_10,supported,supported,,0.001,43,10,visual_entailment,accuracy,0.8561359782687538
